split_seed,model_seed,method,arm,acc_bright,aurc_bright,auroc_bright,temperature,crc_threshold,crc_group_joint_risk,crc_group_coverage,crc_group_selective_risk,crc_feasible,n_calib_units,n_source_units,n_target_units,n_eval_units,n_eval_px
0,0,proposed,naive,76.9846,9.19718,78.2465,1.19197,0.628614,10.7385,74.7808,14.3599,1,91,152,33,13,26000
0,0,proposed,mondrian,76.9846,9.19718,78.2465,1.24623,0.882189,2.43462,38.8269,6.27043,1,12,152,33,13,26000
0,0,b2,naive,75.2192,9.56851,78.7508,1.16467,0.61386,12.5462,75.2538,16.6718,1,91,152,33,13,26000
0,0,b2,mondrian,75.2192,9.56851,78.7508,1.12846,0.897789,1.77308,37.3231,4.75062,1,12,152,33,13,26000
0,1,proposed,naive,76.8846,8.53782,79.909,1.15904,0.625855,10.65,74.9308,14.2131,1,91,152,33,13,26000
0,1,proposed,mondrian,76.8846,8.53782,79.909,1.25213,0.875923,1.97308,40.0038,4.93222,1,12,152,33,13,26000
0,1,b2,naive,76.7346,9.06933,78.6119,1.20279,0.609514,11.6846,76.3192,15.3102,1,91,152,33,13,26000
0,1,b2,mondrian,76.7346,9.06933,78.6119,1.34039,0.922226,1.22308,30.8038,3.97053,1,12,152,33,13,26000
0,2,proposed,naive,76.2615,9.34555,78.6902,1.23492,0.640582,11.2577,74.4923,15.1126,1,91,152,33,13,26000
0,2,proposed,mondrian,76.2615,9.34555,78.6902,1.45855,0.852536,2.05769,38.6462,5.32444,1,12,152,33,13,26000
0,2,b2,naive,74.2577,10.0295,78.7871,1.12783,0.618142,13.4654,75.65,17.7996,1,91,152,33,13,26000
0,2,b2,mondrian,74.2577,10.0295,78.7871,1.06435,0.923409,1.35,34.6038,3.9013,1,12,152,33,13,26000
0,3,proposed,naive,76.1462,9.20452,79.2262,1.16927,0.639406,10.95,73.9923,14.7988,1,91,152,33,13,26000
0,3,proposed,mondrian,76.1462,9.20452,79.2262,1.29702,0.872695,2.06923,39.2654,5.26986,1,12,152,33,13,26000
0,3,b2,naive,75.8962,9.81215,78.1368,1.15404,0.614345,11.8077,75.7269,15.5925,1,91,152,33,13,26000
0,3,b2,mondrian,75.8962,9.81215,78.1368,1.19342,0.900918,2.25769,35.2346,6.4076,1,12,152,33,13,26000
0,4,proposed,naive,75.6192,10.2833,77.4078,1.17874,0.646405,11.0308,72.9885,15.113,1,91,152,33,13,26000
0,4,proposed,mondrian,75.6192,10.2833,77.4078,1.249,0.873187,3.03077,39.4808,7.67657,1,12,152,33,13,26000
0,4,b2,naive,76.4154,9.11997,78.4802,1.13885,0.619641,11.6269,74.75,15.5544,1,91,152,33,13,26000
0,4,b2,mondrian,76.4154,9.11997,78.4802,1.10354,0.918028,1.66538,35.9423,4.63349,1,12,152,33,13,26000
0,5,proposed,naive,77.4808,7.80861,80.9467,1.22024,0.656382,9.27308,72.3885,12.8102,1,91,152,33,13,26000
0,5,proposed,mondrian,77.4808,7.80861,80.9467,1.26944,0.894709,0.876923,35.1577,2.49426,1,12,152,33,13,26000
0,5,b2,naive,74.0846,10.4388,78.1212,1.10089,0.617731,12.8192,73.6308,17.4102,1,91,152,33,13,26000
0,5,b2,mondrian,74.0846,10.4388,78.1212,1.10026,0.900515,1.63846,34.8654,4.69939,1,12,152,33,13,26000
0,6,proposed,naive,75.3154,9.74787,78.6198,1.10893,0.646035,11.6538,73.9308,15.7632,1,91,152,33,13,26000
0,6,proposed,mondrian,75.3154,9.74787,78.6198,1.34004,0.879891,1.59231,32.2423,4.93857,1,12,152,33,13,26000
0,6,b2,naive,74.4577,10.3599,77.9297,1.07239,0.630731,12.5692,74.1,16.9625,1,91,152,33,13,26000
0,6,b2,mondrian,74.4577,10.3599,77.9297,1.13202,0.904355,1.86923,34.6885,5.38862,1,12,152,33,13,26000
0,7,proposed,naive,77.2577,7.80675,81.6074,1.20579,0.640147,9.96923,74.8846,13.3128,1,91,152,33,13,26000
0,7,proposed,mondrian,77.2577,7.80675,81.6074,1.39766,0.864633,1.44615,39.2,3.68917,1,12,152,33,13,26000
0,7,b2,naive,74.4462,10.0523,78.5219,1.1493,0.623292,12.6115,74.2577,16.9835,1,91,152,33,13,26000
0,7,b2,mondrian,74.4462,10.0523,78.5219,1.1573,0.903686,1.51923,34.6462,4.38499,1,12,152,33,13,26000
0,8,proposed,naive,78.4923,8.11583,79.6451,1.22939,0.639695,9.66154,75.45,12.8052,1,91,152,33,13,26000
0,8,proposed,mondrian,78.4923,8.11583,79.6451,1.33479,0.904799,1.43846,34.4692,4.17318,1,12,152,33,13,26000
0,8,b2,naive,74.7692,9.65959,79.6249,1.14102,0.628222,12.3192,75.4269,16.3327,1,91,152,33,13,26000
0,8,b2,mondrian,74.7692,9.65959,79.6249,1.1869,0.906845,1.54615,34.5115,4.48011,1,12,152,33,13,26000
0,9,proposed,naive,77.95,8.18006,79.8836,1.23083,0.64639,9.12692,72.9692,12.5079,1,91,152,33,13,26000
0,9,proposed,mondrian,77.95,8.18006,79.8836,1.27426,0.864904,2.25385,43.0423,5.23635,1,12,152,33,13,26000
0,9,b2,naive,75.1769,10.183,77.0839,1.15105,0.610285,13.4885,76.4692,17.6391,1,91,152,33,13,26000
0,9,b2,mondrian,75.1769,10.183,77.0839,1.18977,0.909387,1.47692,33.9962,4.34438,1,12,152,33,13,26000
1,0,proposed,naive,74.8,10.253,78.1428,1.16669,0.636096,10.6096,72.1904,14.6967,1,91,152,33,13,28000
1,0,proposed,mondrian,74.8,10.253,78.1428,1.49515,0.796616,2.41538,39.675,6.08793,1,12,152,33,13,28000
1,0,b2,naive,73.5036,11.8624,75.7281,1.09094,0.648264,13.1096,73.2731,17.8914,1,91,152,33,13,28000
1,0,b2,mondrian,73.5036,11.8624,75.7281,1.36785,0.783359,3.48077,42.8538,8.12242,1,12,152,33,13,28000
1,1,proposed,naive,76.0464,8.60871,80.5993,1.14035,0.628499,10.3346,74.3058,13.9082,1,91,152,33,13,28000
1,1,proposed,mondrian,76.0464,8.60871,80.5993,1.45275,0.817173,1.34615,38.5558,3.49145,1,12,152,33,13,28000
1,1,b2,naive,75.5464,10.3885,76.7138,1.13637,0.632519,12.475,76.0962,16.3937,1,91,152,33,13,28000
1,1,b2,mondrian,75.5464,10.3885,76.7138,1.77786,0.793924,2.34423,38.2692,6.12563,1,12,152,33,13,28000
1,2,proposed,naive,73.4679,10.8586,78.028,1.24105,0.620357,13.7423,75.9308,18.0985,1,91,152,33,13,28000
1,2,proposed,mondrian,73.4679,10.8586,78.028,1.74104,0.76595,2.21731,37.7308,5.87666,1,12,152,33,13,28000
1,2,b2,naive,73.4071,11.1023,77.7468,1.07218,0.633838,12.9885,73.75,17.6115,1,91,152,33,13,28000
1,2,b2,mondrian,73.4071,11.1023,77.7468,1.3,0.81706,2.69615,40.4808,6.66033,1,12,152,33,13,28000
1,3,proposed,naive,74.3214,9.94504,79.1337,1.17949,0.624638,12.6,75.5673,16.6739,1,91,152,33,13,28000
1,3,proposed,mondrian,74.3214,9.94504,79.1337,1.47152,0.823455,1.82885,38.4981,4.75049,1,12,152,33,13,28000
1,3,b2,naive,74.5071,10.7327,77.2235,1.10736,0.627941,12.7038,75.0115,16.9359,1,91,152,33,13,28000
1,3,b2,mondrian,74.5071,10.7327,77.2235,1.54188,0.756363,3.77308,44.8077,8.4206,1,12,152,33,13,28000
1,4,proposed,naive,73.1036,10.7248,79.2024,1.17696,0.6368,11.1692,71.6462,15.5894,1,91,152,33,13,28000
1,4,proposed,mondrian,73.1036,10.7248,79.2024,1.53122,0.809914,1.56731,31.9712,4.90226,1,12,152,33,13,28000
1,4,b2,naive,74.875,10.2452,77.9352,1.09451,0.628495,12.3269,74.6923,16.5036,1,91,152,33,13,28000
1,4,b2,mondrian,74.875,10.2452,77.9352,1.35199,0.82256,2.35385,40.3269,5.83691,1,12,152,33,13,28000
1,5,proposed,naive,74.6857,11.0036,77.4042,1.20784,0.646307,10.4769,72.0942,14.5323,1,91,152,33,13,28000
1,5,proposed,mondrian,74.6857,11.0036,77.4042,1.41683,0.825667,2.04615,36.1981,5.65266,1,12,152,33,13,28000
1,5,b2,naive,72.9857,11.7869,76.4739,1.03749,0.635265,13.3827,73.0442,18.3214,1,91,152,33,13,28000
1,5,b2,mondrian,72.9857,11.7869,76.4739,1.29355,0.811449,2.86923,39.4,7.28231,1,12,152,33,13,28000
1,6,proposed,naive,73,11.5105,77.242,1.10463,0.634445,13.4788,74.2846,18.1449,1,91,152,33,13,28000
1,6,proposed,mondrian,73,11.5105,77.242,1.65078,0.770619,1.92885,33.3288,5.78732,1,12,152,33,13,28000
1,6,b2,naive,73.6214,11.0824,76.7847,1.0329,0.640612,13.7827,74.7154,18.4469,1,91,152,33,13,28000
1,6,b2,mondrian,73.6214,11.0824,76.7847,1.41471,0.79003,3.03077,42.5788,7.11802,1,12,152,33,13,28000
1,7,proposed,naive,74.9036,10.234,78.6276,1.20148,0.632282,11.1269,74.5192,14.9316,1,91,152,33,13,28000
1,7,proposed,mondrian,74.9036,10.234,78.6276,1.37707,0.844421,2.06923,38.3827,5.39105,1,12,152,33,13,28000
1,7,b2,naive,73.3536,11.6139,76.371,1.09952,0.635679,13.7538,74.9885,18.3413,1,91,152,33,13,28000
1,7,b2,mondrian,73.3536,11.6139,76.371,1.39158,0.797408,3.23077,42.3808,7.6232,1,12,152,33,13,28000
1,8,proposed,naive,76.3286,9.29064,79.0738,1.20751,0.639285,10.8288,76.5654,14.1433,1,91,152,33,13,28000
1,8,proposed,mondrian,76.3286,9.29064,79.0738,1.51835,0.825316,2.64038,41.0558,6.43121,1,12,152,33,13,28000
1,8,b2,naive,74.2143,10.3358,78.7992,1.09569,0.643102,12.2635,74.1769,16.5327,1,91,152,33,13,28000
1,8,b2,mondrian,74.2143,10.3358,78.7992,1.49305,0.775815,2.89038,41.9192,6.89513,1,12,152,33,13,28000
1,9,proposed,naive,76.4821,9.15084,78.8761,1.22506,0.640639,9.66923,71.9942,13.4306,1,91,152,33,13,28000
1,9,proposed,mondrian,76.4821,9.15084,78.8761,1.43987,0.817561,1.70962,39.1423,4.36769,1,12,152,33,13,28000
1,9,b2,naive,74.1179,11.2544,76.3496,1.12055,0.616854,13.9788,75.9346,18.4091,1,91,152,33,13,28000
1,9,b2,mondrian,74.1179,11.2544,76.3496,1.40377,0.827639,2.38846,37.1846,6.42325,1,12,152,33,13,28000
2,0,proposed,naive,79.79,6.81861,81.63,1.13701,0.655696,8.85513,77.3051,11.4548,1,91,152,33,13,30000
2,0,proposed,mondrian,79.79,6.81861,81.63,1.38332,0.855444,2.01282,42.3462,4.75325,1,12,152,33,13,30000
2,0,b2,naive,80.5133,6.73054,80.1739,1.07495,0.655673,9.22051,76.9628,11.9805,1,91,152,33,13,30000
2,0,b2,mondrian,80.5133,6.73054,80.1739,1.36779,0.826612,1.99615,45.5487,4.38246,1,12,152,33,13,30000
2,1,proposed,naive,80.4767,6.42589,81.3874,1.0974,0.648957,9.92051,80.1679,12.3747,1,91,152,33,13,30000
2,1,proposed,mondrian,80.4767,6.42589,81.3874,1.36591,0.824111,2.80385,51.7936,5.4135,1,12,152,33,13,30000
2,1,b2,naive,79.4667,7.35322,79.6016,1.13641,0.637146,11.2205,79.2038,14.1666,1,91,152,33,13,30000
2,1,b2,mondrian,79.4667,7.35322,79.6016,1.52297,0.890375,1.46923,39.4628,3.72308,1,12,152,33,13,30000
2,2,proposed,naive,80.1167,6.80933,81.4692,1.18816,0.654505,9.20513,77.8846,11.8189,1,91,152,33,13,30000
2,2,proposed,mondrian,80.1167,6.80933,81.4692,1.51003,0.84754,1.74872,39.6218,4.41353,1,12,152,33,13,30000
2,2,b2,naive,79.4567,6.86904,81.4939,1.05049,0.649776,8.72436,74.5846,11.6973,1,91,152,33,13,30000
2,2,b2,mondrian,79.4567,6.86904,81.4939,1.30851,0.868531,1.06282,36,2.95228,1,12,152,33,13,30000
2,3,proposed,naive,79.1533,7.49588,79.7985,1.12928,0.659134,10.859,79.35,13.6849,1,91,152,33,13,30000
2,3,proposed,mondrian,79.1533,7.49588,79.7985,1.42961,0.811774,3.52564,53.4872,6.59156,1,12,152,33,13,30000
2,3,b2,naive,79.4033,7.26173,80.2279,1.08877,0.647446,9.22051,75.2577,12.2519,1,91,152,33,13,30000
2,3,b2,mondrian,79.4033,7.26173,80.2279,1.35777,0.888915,1.09615,34.7397,3.15533,1,12,152,33,13,30000
2,4,proposed,naive,79.0133,7.47007,80.4739,1.13905,0.655644,9.70128,78.1436,12.4147,1,91,152,33,13,30000
2,4,proposed,mondrian,79.0133,7.47007,80.4739,1.53483,0.795474,2.56026,44.6128,5.73884,1,12,152,33,13,30000
2,4,b2,naive,79.8633,6.64462,81.5134,1.07676,0.642158,9.56282,76.6487,12.4762,1,91,152,33,13,30000
2,4,b2,mondrian,79.8633,6.64462,81.5134,1.364,0.861503,1.36538,40.6179,3.36153,1,12,152,33,13,30000
2,5,proposed,naive,80.6033,7.06117,79.2998,1.18319,0.66522,8.83462,76.3179,11.5761,1,91,152,33,13,30000
2,5,proposed,mondrian,80.6033,7.06117,79.2998,1.33896,0.848588,2.35,45.0987,5.21079,1,12,152,33,13,30000
2,5,b2,naive,79.5633,7.12699,80.3636,1.03177,0.641914,9.56923,76.5808,12.4956,1,91,152,33,13,30000
2,5,b2,mondrian,79.5633,7.12699,80.3636,1.34676,0.837346,1.50256,39.4359,3.81014,1,12,152,33,13,30000
2,6,proposed,naive,78.5533,7.69943,80.0419,1.07174,0.658896,10.3064,77.2833,13.3359,1,91,152,33,13,30000
2,6,proposed,mondrian,78.5533,7.69943,80.0419,1.4582,0.866841,1.12692,33.5333,3.36061,1,12,152,33,13,30000
2,6,b2,naive,78.7867,7.66094,79.3222,1.02836,0.646956,10.5679,76.1282,13.8818,1,91,152,33,13,30000
2,6,b2,mondrian,78.7867,7.66094,79.3222,1.37219,0.847328,1.62564,41.4218,3.9246,1,12,152,33,13,30000
2,7,proposed,naive,78.6867,7.79935,79.3974,1.14871,0.663195,10.0282,77.459,12.9465,1,91,152,33,13,30000
2,7,proposed,mondrian,78.6867,7.79935,79.3974,1.29323,0.878303,2.09103,44.1859,4.73234,1,12,152,33,13,30000
2,7,b2,naive,79.5167,7.0618,80.2406,1.08884,0.650127,9.42308,75.4192,12.4943,1,91,152,33,13,30000
2,7,b2,mondrian,79.5167,7.0618,80.2406,1.39309,0.856899,0.897436,37.6769,2.38192,1,12,152,33,13,30000
2,8,proposed,naive,80.39,7.21282,78.8528,1.19614,0.649335,9.86667,79.0718,12.4781,1,91,152,33,13,30000
2,8,proposed,mondrian,80.39,7.21282,78.8528,1.45578,0.869784,1.85128,41.5538,4.45514,1,12,152,33,13,30000
2,8,b2,naive,79.1867,6.82702,81.9998,1.08422,0.654372,9.88077,76.9782,12.8358,1,91,152,33,13,30000
2,8,b2,mondrian,79.1867,6.82702,81.9998,1.38996,0.859005,1.17179,37.0026,3.16679,1,12,152,33,13,30000
2,9,proposed,naive,81.2567,6.35276,80.9279,1.17194,0.667218,8.95641,78.1718,11.4573,1,91,152,33,13,30000
2,9,proposed,mondrian,81.2567,6.35276,80.9279,1.38643,0.844694,2.14872,47.1372,4.55844,1,12,152,33,13,30000
2,9,b2,naive,79.61,6.74943,81.5695,1.08465,0.633933,10.3744,78.841,13.1586,1,91,152,33,13,30000
2,9,b2,mondrian,79.61,6.74943,81.5695,1.43612,0.849326,1.24744,39.7897,3.13507,1,12,152,33,13,30000
3,0,proposed,naive,71,12.5736,77.6518,1.17831,0.634821,10.6692,65.1154,16.3851,1,91,152,33,13,28000
3,0,proposed,mondrian,71,12.5736,77.6518,1.38751,0.87373,1.06346,22.1846,4.79369,1,12,152,33,13,28000
3,0,b2,naive,70.0071,13.5593,76.4245,1.13011,0.630078,12.5577,67.3577,18.6433,1,91,152,33,13,28000
3,0,b2,mondrian,70.0071,13.5593,76.4245,1.2755,0.873583,0.876923,22.5538,3.88813,1,12,152,33,13,28000
3,1,proposed,naive,72.2821,11.2076,78.8713,1.14797,0.63209,10.6269,67.9288,15.6442,1,91,152,33,13,28000
3,1,proposed,mondrian,72.2821,11.2076,78.8713,1.40488,0.860383,0.738462,25.6269,2.88158,1,12,152,33,13,28000
3,1,b2,naive,71.5821,12.4988,77.2504,1.16521,0.628372,11.5654,68.6269,16.8525,1,91,152,33,13,28000
3,1,b2,mondrian,71.5821,12.4988,77.2504,1.53421,0.893964,0.867308,21.0731,4.11571,1,12,152,33,13,28000
3,2,proposed,naive,69.5321,13.9264,76.253,1.22288,0.637225,13.7269,68.4808,20.0449,1,91,152,33,13,28000
3,2,proposed,mondrian,69.5321,13.9264,76.253,1.60788,0.811365,1.85769,26.6923,6.95965,1,12,152,33,13,28000
3,2,b2,naive,69.0643,14.0029,76.5395,1.10599,0.625687,12.3596,64.6115,19.1291,1,91,152,33,13,28000
3,2,b2,mondrian,69.0643,14.0029,76.5395,1.27354,0.878217,1.06346,22.2865,4.77177,1,12,152,33,13,28000
3,3,proposed,naive,70.2571,12.8001,77.8213,1.16222,0.639802,12.2904,67.8615,18.111,1,91,152,33,13,28000
3,3,proposed,mondrian,70.2571,12.8001,77.8213,1.49148,0.829602,1.23462,26.9365,4.58342,1,12,152,33,13,28000
3,3,b2,naive,70.6321,13.6422,75.8723,1.12935,0.630637,11.7827,66.4115,17.7419,1,91,152,33,13,28000
3,3,b2,mondrian,70.6321,13.6422,75.8723,1.41558,0.850167,1.68077,24.5115,6.85705,1,12,152,33,13,28000
3,4,proposed,naive,69.3036,14.2204,76.273,1.17755,0.643658,12.3577,65.7346,18.7994,1,91,152,33,13,28000
3,4,proposed,mondrian,69.3036,14.2204,76.273,1.41473,0.836199,1.76731,25.35,6.97163,1,12,152,33,13,28000
3,4,b2,naive,70.5107,12.9726,77.3494,1.12104,0.625579,11.8365,67.0577,17.6513,1,91,152,33,13,28000
3,4,b2,mondrian,70.5107,12.9726,77.3494,1.3025,0.881838,1.08654,22.3038,4.87153,1,12,152,33,13,28000
3,5,proposed,naive,71.1,11.9288,78.9937,1.2206,0.650046,10.1038,65.1423,15.5104,1,91,152,33,13,28000
3,5,proposed,mondrian,71.1,11.9288,78.9937,1.33586,0.890221,0.682692,21.5077,3.17418,1,12,152,33,13,28000
3,5,b2,naive,68.6143,14.6088,75.8913,1.07628,0.628426,12.6904,64.8154,19.5793,1,91,152,33,13,28000
3,5,b2,mondrian,68.6143,14.6088,75.8913,1.26488,0.866593,1.13654,21.125,5.38006,1,12,152,33,13,28000
3,6,proposed,naive,69.375,14.127,76.0772,1.10467,0.644826,13.3212,67.3269,19.7858,1,91,152,33,13,28000
3,6,proposed,mondrian,69.375,14.127,76.0772,1.4786,0.840266,1.33269,22.9173,5.81522,1,12,152,33,13,28000
3,6,b2,naive,68.5036,14.3197,76.6224,1.06788,0.628779,13.7596,68.0654,20.2153,1,91,152,33,13,28000
3,6,b2,mondrian,68.5036,14.3197,76.6224,1.33559,0.867433,0.936538,23.9154,3.91605,1,12,152,33,13,28000
3,7,proposed,naive,71.1964,12.0761,78.4361,1.18635,0.645812,11.1327,66.9442,16.6298,1,91,152,33,13,28000
3,7,proposed,mondrian,71.1964,12.0761,78.4361,1.46765,0.862602,0.75,21.9654,3.41446,1,12,152,33,13,28000
3,7,b2,naive,68.0143,15.2459,75.0773,1.1393,0.628787,13.5808,65.0635,20.8731,1,91,152,33,13,28000
3,7,b2,mondrian,68.0143,15.2459,75.0773,1.32878,0.865479,1.28654,24.6865,5.2115,1,12,152,33,13,28000
3,8,proposed,naive,73.1357,11.9268,76.7158,1.23082,0.635501,11.1231,69.9769,15.8954,1,91,152,33,13,28000
3,8,proposed,mondrian,73.1357,11.9268,76.7158,1.44161,0.87877,1.65385,26.8942,6.14945,1,12,152,33,13,28000
3,8,b2,naive,69.2857,13.8518,77.1361,1.12858,0.63315,12.4115,66.2,18.7485,1,91,152,33,13,28000
3,8,b2,mondrian,69.2857,13.8518,77.1361,1.38458,0.852532,1.49423,23.8308,6.27017,1,12,152,33,13,28000
3,9,proposed,naive,72.3429,11.533,78.2305,1.20332,0.653507,9.87692,65.3654,15.1103,1,91,152,33,13,28000
3,9,proposed,mondrian,72.3429,11.533,78.2305,1.36254,0.862868,1.16346,27.1058,4.2923,1,12,152,33,13,28000
3,9,b2,naive,70.2429,13.6463,76.2073,1.11726,0.624189,12.9173,68.1365,18.958,1,91,152,33,13,28000
3,9,b2,mondrian,70.2429,13.6463,76.2073,1.34364,0.889412,0.888462,20.6731,4.29767,1,12,152,33,13,28000
4,0,proposed,naive,74.9912,9.5909,79.7946,1.19753,0.617772,10.8538,74.2391,14.6201,1,91,152,33,13,34000
4,0,proposed,mondrian,74.9912,9.5909,79.7946,1.29146,0.892452,1.34359,31.0558,4.32638,1,12,152,33,13,34000
4,0,b2,naive,74.9471,10.276,77.8747,1.1395,0.622805,11.0263,71.9949,15.3154,1,91,152,33,13,34000
4,0,b2,mondrian,74.9471,10.276,77.8747,1.29326,0.849884,1.63718,34.7058,4.71731,1,12,152,33,13,34000
4,1,proposed,naive,75.6971,8.80596,80.5139,1.16469,0.612198,10.8423,74.6686,14.5206,1,91,152,33,13,34000
4,1,proposed,mondrian,75.6971,8.80596,80.5139,1.24997,0.896068,1.08269,34.3564,3.15135,1,12,152,33,13,34000
4,1,b2,naive,75.2588,9.93441,78.5317,1.1883,0.60272,11.4936,74.5346,15.4205,1,91,152,33,13,34000
4,1,b2,mondrian,75.2588,9.93441,78.5317,1.44895,0.91223,1.09038,29.3756,3.71187,1,12,152,33,13,34000
4,2,proposed,naive,74.7735,9.5192,80.0488,1.23942,0.622216,11.9397,75.0045,15.9187,1,91,152,33,13,34000
4,2,proposed,mondrian,74.7735,9.5192,80.0488,1.3791,0.884605,1.38654,32.8987,4.21457,1,12,152,33,13,34000
4,2,b2,naive,74.95,9.99668,78.7374,1.1222,0.611685,11.6224,73.8641,15.7349,1,91,152,33,13,34000
4,2,b2,mondrian,74.95,9.99668,78.7374,1.14258,0.888511,1.95385,35.3141,5.53276,1,12,152,33,13,34000
4,3,proposed,naive,74.2471,10.0085,79.1649,1.19298,0.612977,12.1013,74.7346,16.1923,1,91,152,33,13,34000
4,3,proposed,mondrian,74.2471,10.0085,79.1649,1.33119,0.874987,1.73077,36.9128,4.6888,1,12,152,33,13,34000
4,3,b2,naive,75.3147,9.79554,78.7539,1.13574,0.616003,10.9128,72.7782,14.9946,1,91,152,33,13,34000
4,3,b2,mondrian,75.3147,9.79554,78.7539,1.23304,0.906096,1.52885,31.7923,4.80886,1,12,152,33,13,34000
4,4,proposed,naive,73.5176,10.3355,79.8246,1.20067,0.626571,10.4885,71.2551,14.7196,1,91,152,33,13,34000
4,4,proposed,mondrian,73.5176,10.3355,79.8246,1.38585,0.860201,1.52115,30.3686,5.00897,1,12,152,33,13,34000
4,4,b2,naive,75.2706,9.72556,78.9574,1.14802,0.604105,11.2962,73.5865,15.3508,1,91,152,33,13,34000
4,4,b2,mondrian,75.2706,9.72556,78.9574,1.23162,0.889587,1.58846,33.5808,4.73027,1,12,152,33,13,34000
4,5,proposed,naive,75.2676,10.6237,76.9714,1.26509,0.619851,11.0878,73.0615,15.176,1,91,152,33,13,34000
4,5,proposed,mondrian,75.2676,10.6237,76.9714,1.29146,0.865696,2.00705,36.0449,5.5682,1,12,152,33,13,34000
4,5,b2,naive,74.6912,10.5574,77.3877,1.09174,0.612072,11.35,71.8308,15.801,1,91,152,33,13,34000
4,5,b2,mondrian,74.6912,10.5574,77.3877,1.20339,0.859118,2.25833,35.8231,6.30413,1,12,152,33,13,34000
4,6,proposed,naive,74.0912,10.5302,78.241,1.10626,0.63495,11.9994,73.8827,16.2411,1,91,152,33,13,34000
4,6,proposed,mondrian,74.0912,10.5302,78.241,1.32072,0.909097,0.740385,25.5897,2.89329,1,12,152,33,13,34000
4,6,b2,naive,73.8059,10.7058,77.7949,1.09407,0.609429,12.2295,72.591,16.8471,1,91,152,33,13,34000
4,6,b2,mondrian,73.8059,10.7058,77.7949,1.30609,0.858594,1.78846,34.9333,5.11964,1,12,152,33,13,34000
4,7,proposed,naive,74.2206,10.9093,77.2399,1.21961,0.617207,11.9788,75.5506,15.8554,1,91,152,33,13,34000
4,7,proposed,mondrian,74.2206,10.9093,77.2399,1.28547,0.8695,2.41987,39.1385,6.18285,1,12,152,33,13,34000
4,7,b2,naive,74.3529,10.469,78.1374,1.15782,0.61248,10.8128,70.9929,15.2308,1,91,152,33,13,34000
4,7,b2,mondrian,74.3529,10.469,78.1374,1.31861,0.857783,1.62756,33.3442,4.8811,1,12,152,33,13,34000
4,8,proposed,naive,76.4324,9.15194,78.6226,1.24173,0.622861,10.8686,76.0731,14.287,1,91,152,33,13,34000
4,8,proposed,mondrian,76.4324,9.15194,78.6226,1.42414,0.883002,1.11026,33.259,3.33822,1,12,152,33,13,34000
4,8,b2,naive,75.1559,9.45304,79.921,1.13529,0.623982,10.7013,72.6199,14.736,1,91,152,33,13,34000
4,8,b2,mondrian,75.1559,9.45304,79.921,1.18651,0.911025,1.29487,31.3372,4.13206,1,12,152,33,13,34000
4,9,proposed,naive,76.0059,9.00372,79.8624,1.23789,0.628461,10.4083,73.4481,14.171,1,91,152,33,13,34000
4,9,proposed,mondrian,76.0059,9.00372,79.8624,1.34019,0.863045,1.61026,36.8141,4.37402,1,12,152,33,13,34000
4,9,b2,naive,75.7235,9.78631,78.4977,1.12839,0.615097,11.2571,73.9968,15.2129,1,91,152,33,13,34000
4,9,b2,mondrian,75.7235,9.78631,78.4977,1.332,0.868694,1.7859,33.5449,5.32391,1,12,152,33,13,34000
5,0,proposed,naive,77.3308,8.60215,79.1697,1.16714,0.638192,10.7269,75.9808,14.1179,1,91,152,33,13,26000
5,0,proposed,mondrian,77.3308,8.60215,79.1697,1.40062,0.811378,3.57692,48.4462,7.3833,1,12,152,33,13,26000
5,0,b2,naive,76.6192,8.43755,80.0563,1.14161,0.629393,11.4538,76.3192,15.0078,1,91,152,33,13,26000
5,0,b2,mondrian,76.6192,8.43755,80.0563,1.40452,0.771812,3.98462,51.3462,7.7603,1,12,152,33,13,26000
5,1,proposed,naive,77.6269,8.05205,79.7253,1.14974,0.626695,11.8115,77.8192,15.1782,1,91,152,33,13,26000
5,1,proposed,mondrian,77.6269,8.05205,79.7253,1.36661,0.800772,3.83077,53.1385,7.20903,1,12,152,33,13,26000
5,1,b2,naive,75.9269,9.241,78.745,1.17165,0.622073,13.6846,79.5308,17.2067,1,91,152,33,13,26000
5,1,b2,mondrian,75.9269,9.241,78.745,1.59904,0.807588,4.26154,49.65,8.58316,1,12,152,33,13,26000
5,2,proposed,naive,77.1346,8.28466,79.9,1.24305,0.625799,12.0769,78.5192,15.3808,1,91,152,33,13,26000
5,2,proposed,mondrian,77.1346,8.28466,79.9,1.65815,0.783526,2.85769,46.2038,6.18497,1,12,152,33,13,26000
5,2,b2,naive,76.7923,8.22828,80.6318,1.09338,0.630531,9.94231,73.1692,13.5881,1,91,152,33,13,26000
5,2,b2,mondrian,76.7923,8.22828,80.6318,1.46795,0.767149,2.64615,45.25,5.84785,1,12,152,33,13,26000
5,3,proposed,naive,77.0846,7.91203,80.6857,1.18741,0.628462,12.4846,78.5538,15.8931,1,91,152,33,13,26000
5,3,proposed,mondrian,77.0846,7.91203,80.6857,1.47201,0.789822,3.75385,54.1462,6.9328,1,12,152,33,13,26000
5,3,b2,naive,76.0038,9.00672,79.5357,1.14924,0.619703,12.0269,76.6231,15.6962,1,91,152,33,13,26000
5,3,b2,mondrian,76.0038,9.00672,79.5357,1.463,0.783627,3.91154,49.5462,7.89474,1,12,152,33,13,26000
5,4,proposed,naive,76.7808,8.66869,79.5238,1.1797,0.642421,11.6154,77.4731,14.9928,1,91,152,33,13,26000
5,4,proposed,mondrian,76.7808,8.66869,79.5238,1.4686,0.783455,3.63462,48.2385,7.53468,1,12,152,33,13,26000
5,4,b2,naive,76.5731,8.31634,80.5857,1.13703,0.619316,11.5308,76.4462,15.0835,1,91,152,33,13,26000
5,4,b2,mondrian,76.5731,8.31634,80.5857,1.48735,0.761256,3.74615,52.0885,7.19191,1,12,152,33,13,26000
5,5,proposed,naive,77.55,7.97598,80.9764,1.23136,0.646775,9.49231,73.7962,12.8629,1,91,152,33,13,26000
5,5,proposed,mondrian,77.55,7.97598,80.9764,1.37542,0.839826,2.13846,43.6192,4.90257,1,12,152,33,13,26000
5,5,b2,naive,75.65,8.51359,81.2408,1.07709,0.625718,11.0846,74.7,14.8388,1,91,152,33,13,26000
5,5,b2,mondrian,75.65,8.51359,81.2408,1.48957,0.735645,3.18077,48.8,6.51797,1,12,152,33,13,26000
5,6,proposed,naive,75.6346,9.20869,79.4332,1.11988,0.629372,13.3192,78.7923,16.9042,1,91,152,33,13,26000
5,6,proposed,mondrian,75.6346,9.20869,79.4332,1.5142,0.827428,2.02692,39.5577,5.12397,1,12,152,33,13,26000
5,6,b2,naive,75.7462,8.79354,80.1669,1.07361,0.626405,12.2269,76.6077,15.9604,1,91,152,33,13,26000
5,6,b2,mondrian,75.7462,8.79354,80.1669,1.43807,0.767681,3.96538,51.0038,7.77468,1,12,152,33,13,26000
5,7,proposed,naive,77.4885,7.98782,80.5211,1.21263,0.628271,10.9346,76.6731,14.2613,1,91,152,33,13,26000
5,7,proposed,mondrian,77.4885,7.98782,80.5211,1.40634,0.850611,2.12308,43.1192,4.92374,1,12,152,33,13,26000
5,7,b2,naive,76.1538,8.30449,81.2249,1.1443,0.625851,10.9731,75.5,14.5339,1,91,152,33,13,26000
5,7,b2,mondrian,76.1538,8.30449,81.2249,1.47588,0.769241,2.98077,47.9923,6.21093,1,12,152,33,13,26000
5,8,proposed,naive,77.5308,8.90434,78.245,1.24657,0.62748,11.4154,77.2423,14.7787,1,91,152,33,13,26000
5,8,proposed,mondrian,77.5308,8.90434,78.245,1.47088,0.817266,4.03462,50.5269,7.98508,1,12,152,33,13,26000
5,8,b2,naive,75.6769,8.88603,80.3844,1.13365,0.628196,12.5654,78.1462,16.0793,1,91,152,33,13,26000
5,8,b2,mondrian,75.6769,8.88603,80.3844,1.47437,0.76934,3.88462,49.4962,7.84832,1,12,152,33,13,26000
5,9,proposed,naive,77.6346,8.05637,79.9904,1.24471,0.637101,11.0654,76.8385,14.4008,1,91,152,33,13,26000
5,9,proposed,mondrian,77.6346,8.05637,79.9904,1.32956,0.821194,3.68462,52.0462,7.07952,1,12,152,33,13,26000
5,9,b2,naive,75.9615,8.7886,80.2753,1.12388,0.619525,12.55,78.2615,16.036,1,91,152,33,13,26000
5,9,b2,mondrian,75.9615,8.7886,80.2753,1.48033,0.77484,3.98462,51,7.81297,1,12,152,33,13,26000
6,0,proposed,naive,70.68,12.0039,79.6735,1.11497,0.661753,13.3,73.8981,17.9978,1,91,152,33,13,30000
6,0,proposed,mondrian,70.68,12.0039,79.6735,1.20295,0.873592,3.32308,43.2135,7.68991,1,12,152,33,13,30000
6,0,b2,naive,70.0733,12.5388,79.0771,1.08129,0.653466,13.7596,73.3923,18.748,1,91,152,33,13,30000
6,0,b2,mondrian,70.0733,12.5388,79.0771,1.186,0.834746,4.08462,46.8846,8.71206,1,12,152,33,13,30000
6,1,proposed,naive,72.06,10.62,80.6333,1.10128,0.642076,12.9538,75.2038,17.225,1,91,152,33,13,30000
6,1,proposed,mondrian,72.06,10.62,80.6333,1.22147,0.849273,3.66923,48.35,7.5889,1,12,152,33,13,30000
6,1,b2,naive,70.83,12.0064,79.2775,1.09281,0.656587,15.2135,77.9462,19.5179,1,91,152,33,13,30000
6,1,b2,mondrian,70.83,12.0064,79.2775,1.38898,0.885833,3.54231,42.7462,8.28685,1,12,152,33,13,30000
6,2,proposed,naive,69.47,13.4064,78.0132,1.18045,0.650713,16.2,75.7442,21.3878,1,91,152,33,13,30000
6,2,proposed,mondrian,69.47,13.4064,78.0132,1.31804,0.865643,3.48654,39.4846,8.83012,1,12,152,33,13,30000
6,2,b2,naive,70.54,11.5193,80.7165,1.02895,0.662361,12.0462,70.6038,17.0616,1,91,152,33,13,30000
6,2,b2,mondrian,70.54,11.5193,80.7165,1.13678,0.889953,1.80385,37.7231,4.78181,1,12,152,33,13,30000
6,3,proposed,naive,69.69,12.0857,80.6515,1.1235,0.652539,14.3904,74.8096,19.236,1,91,152,33,13,30000
6,3,proposed,mondrian,69.69,12.0857,80.6515,1.2695,0.846085,3.93846,47.5192,8.28814,1,12,152,33,13,30000
6,3,b2,naive,70.2767,11.8328,80.4871,1.08099,0.649743,13.0923,72.7269,18.002,1,91,152,33,13,30000
6,3,b2,mondrian,70.2767,11.8328,80.4871,1.21094,0.903156,1.925,33.9192,5.67525,1,12,152,33,13,30000
6,4,proposed,naive,69.0833,13.327,78.9766,1.14418,0.656721,13.5769,71.8019,18.9089,1,91,152,33,13,30000
6,4,proposed,mondrian,69.0833,13.327,78.9766,1.31058,0.848545,3.04423,36.9596,8.23664,1,12,152,33,13,30000
6,4,b2,naive,71.0767,11.3181,80.6819,1.06172,0.654883,12.8442,73.5692,17.4587,1,91,152,33,13,30000
6,4,b2,mondrian,71.0767,11.3181,80.6819,1.17051,0.887539,2.45192,41.6019,5.89377,1,12,152,33,13,30000
6,5,proposed,naive,71.4933,13.0068,77.7126,1.18297,0.670014,11.4577,70.6635,16.2145,1,91,152,33,13,30000
6,5,proposed,mondrian,71.4933,13.0068,77.7126,1.22001,0.825634,5.49038,51.7846,10.6023,1,12,152,33,13,30000
6,5,b2,naive,69.9133,12.4265,79.6034,1.02553,0.647009,13.5923,72.3635,18.7834,1,91,152,33,13,30000
6,5,b2,mondrian,69.9133,12.4265,79.6034,1.1137,0.877492,2.39038,38.875,6.1489,1,12,152,33,13,30000
6,6,proposed,naive,70.0033,13.9336,76.5185,1.07031,0.661113,15.5788,75.6731,20.587,1,91,152,33,13,30000
6,6,proposed,mondrian,70.0033,13.9336,76.5185,1.25308,0.868124,4.10192,40.9404,10.0193,1,12,152,33,13,30000
6,6,b2,naive,70.28,11.6526,80.2501,1.01995,0.651206,14.0038,74.3712,18.8297,1,91,152,33,13,30000
6,6,b2,mondrian,70.28,11.6526,80.2501,1.23555,0.861713,2.43462,41.1077,5.92253,1,12,152,33,13,30000
6,7,proposed,naive,71.6367,11.9879,78.5905,1.14163,0.667522,12.7154,73.525,17.294,1,91,152,33,13,30000
6,7,proposed,mondrian,71.6367,11.9879,78.5905,1.27273,0.851366,3.59231,45.1865,7.94995,1,12,152,33,13,30000
6,7,b2,naive,69.29,12.4415,79.8024,1.07649,0.654576,14.4596,72.7615,19.8726,1,91,152,33,13,30000
6,7,b2,mondrian,69.29,12.4415,79.8024,1.23933,0.870502,2.025,39.2212,5.16303,1,12,152,33,13,30000
6,8,proposed,naive,71.7233,11.2327,80.0102,1.18864,0.651424,13.2885,75.1538,17.6817,1,91,152,33,13,30000
6,8,proposed,mondrian,71.7233,11.2327,80.0102,1.41796,0.859399,2.34231,40.1769,5.82998,1,12,152,33,13,30000
6,8,b2,naive,69.5067,12.2825,80.4436,1.06011,0.668351,13.5346,72.3192,18.7151,1,91,152,33,13,30000
6,8,b2,mondrian,69.5067,12.2825,80.4436,1.16677,0.896833,2.42885,38.0923,6.37621,1,12,152,33,13,30000
6,9,proposed,naive,71.7433,11.6521,79.5362,1.17328,0.665545,12.3308,72.8577,16.9245,1,91,152,33,13,30000
6,9,proposed,mondrian,71.7433,11.6521,79.5362,1.26149,0.848963,3.65192,46.4731,7.85815,1,12,152,33,13,30000
6,9,b2,naive,70.53,12.5104,78.7051,1.05205,0.654695,14.9481,75.6923,19.7485,1,91,152,33,13,30000
6,9,b2,mondrian,70.53,12.5104,78.7051,1.21198,0.879671,2.95577,40.4231,7.31208,1,12,152,33,13,30000
7,0,proposed,naive,76.4846,9.70252,77.4292,1.2125,0.620844,11.1115,74.25,14.965,1,91,152,33,13,26000
7,0,proposed,mondrian,76.4846,9.70252,77.4292,1.45072,0.810699,3.10385,40.6423,7.63698,1,12,152,33,13,26000
7,0,b2,naive,74.6885,10.0927,78.5029,1.16395,0.618488,12.2231,74.5423,16.3975,1,91,152,33,13,26000
7,0,b2,mondrian,74.6885,10.0927,78.5029,1.50946,0.74107,3.60385,44.8808,8.02982,1,12,152,33,13,26000
7,1,proposed,naive,76.9423,8.49697,79.9799,1.16321,0.627489,11.0192,76.4538,14.4129,1,91,152,33,13,26000
7,1,proposed,mondrian,76.9423,8.49697,79.9799,1.36952,0.814933,3.03077,46.7808,6.47866,1,12,152,33,13,26000
7,1,b2,naive,75.1038,9.91291,78.8262,1.18633,0.6155,12.7538,77.6423,16.4264,1,91,152,33,13,26000
7,1,b2,mondrian,75.1038,9.91291,78.8262,1.79538,0.770191,3.52692,42.9423,8.21317,1,12,152,33,13,26000
7,2,proposed,naive,73.9769,10.3782,78.6051,1.25965,0.627737,14.1308,77.4,18.2568,1,91,152,33,13,26000
7,2,proposed,mondrian,73.9769,10.3782,78.6051,1.3915,0.867292,2.41154,39.1462,6.16035,1,12,152,33,13,26000
7,2,b2,naive,73.2731,11.0215,77.7571,1.1445,0.610767,13.4346,73.9731,18.1615,1,91,152,33,13,26000
7,2,b2,mondrian,73.2731,11.0215,77.7571,1.33076,0.792765,4.17692,45.5,9.18005,1,12,152,33,13,26000
7,3,proposed,naive,75.5538,8.98235,80.5604,1.19145,0.623209,12.2038,76.7692,15.8968,1,91,152,33,13,26000
7,3,proposed,mondrian,75.5538,8.98235,80.5604,1.46849,0.808518,2.53462,44.9846,5.6344,1,12,152,33,13,26000
7,3,b2,naive,74.3077,10.8479,77.4181,1.16505,0.609337,13.1731,76.3962,17.2431,1,91,152,33,13,26000
7,3,b2,mondrian,74.3077,10.8479,77.4181,1.38439,0.812626,4.11538,43.6423,9.42981,1,12,152,33,13,26000
7,4,proposed,naive,74.3231,10.8096,77.4338,1.21884,0.625525,12.6,74.5385,16.904,1,91,152,33,13,26000
7,4,proposed,mondrian,74.3231,10.8096,77.4338,1.33696,0.850124,2.83077,37.2769,7.59389,1,12,152,33,13,26000
7,4,b2,naive,74.5385,10.2606,78.3522,1.14823,0.612694,12.8115,75.7192,16.9198,1,91,152,33,13,26000
7,4,b2,mondrian,74.5385,10.2606,78.3522,1.45086,0.779808,3.80769,44.7885,8.5015,1,12,152,33,13,26000
7,5,proposed,naive,76.3577,8.29972,81.2179,1.27641,0.625917,9.66923,72.85,13.2728,1,91,152,33,13,26000
7,5,proposed,mondrian,76.3577,8.29972,81.2179,1.53284,0.784909,1.97692,42.1808,4.68679,1,12,152,33,13,26000
7,5,b2,naive,72.4962,11.1997,78.4901,1.12519,0.603937,13.3538,73.5923,18.1457,1,91,152,33,13,26000
7,5,b2,mondrian,72.4962,11.1997,78.4901,1.43402,0.74677,3.98462,44.9692,8.86076,1,12,152,33,13,26000
7,6,proposed,naive,74.6346,10.4972,77.6562,1.11274,0.641106,12.9231,75.8769,17.0316,1,91,152,33,13,26000
7,6,proposed,mondrian,74.6346,10.4972,77.6562,1.40001,0.872995,1.73077,31.6269,5.47246,1,12,152,33,13,26000
7,6,b2,naive,72.8731,11.0045,78.5167,1.09665,0.616665,13.7692,75.3962,18.2625,1,91,152,33,13,26000
7,6,b2,mondrian,72.8731,11.0045,78.5167,1.47071,0.75663,4.13462,44.8308,9.22272,1,12,152,33,13,26000
7,7,proposed,naive,75.5077,8.8454,81.0259,1.22286,0.632544,10.6923,73.7577,14.4965,1,91,152,33,13,26000
7,7,proposed,mondrian,75.5077,8.8454,81.0259,1.50426,0.806379,2.21538,42.4115,5.22354,1,12,152,33,13,26000
7,7,b2,naive,72.3385,11.3855,78.0631,1.16385,0.615877,13.6077,74.1462,18.3525,1,91,152,33,13,26000
7,7,b2,mondrian,72.3385,11.3855,78.0631,1.41262,0.766624,5.03462,47.2115,10.664,1,12,152,33,13,26000
7,8,proposed,naive,77.4615,9.11713,77.9195,1.24063,0.632385,10.9462,76.4192,14.3238,1,91,152,33,13,26000
7,8,proposed,mondrian,77.4615,9.11713,77.9195,1.51758,0.793378,4.00385,48.9462,8.1801,1,12,152,33,13,26000
7,8,b2,naive,73.3154,10.5169,79.6231,1.16412,0.61716,13.1115,75.9769,17.2573,1,91,152,33,13,26000
7,8,b2,mondrian,73.3154,10.5169,79.6231,1.3157,0.846721,3.02692,39.8269,7.60019,1,12,152,33,13,26000
7,9,proposed,naive,76.7115,8.42544,80.5214,1.26679,0.627363,10.2846,74.2769,13.8463,1,91,152,33,13,26000
7,9,proposed,mondrian,76.7115,8.42544,80.5214,1.43368,0.801313,2.99615,46.9846,6.37688,1,12,152,33,13,26000
7,9,b2,naive,73.9231,11.0154,77.3798,1.17385,0.601658,13.8808,76.9308,18.0432,1,91,152,33,13,26000
7,9,b2,mondrian,73.9231,11.0154,77.3798,1.44529,0.793583,4,43.2346,9.25185,1,12,152,33,13,26000
8,0,proposed,naive,75.7321,9.22023,79.9393,1.18103,0.631505,10.9596,75.725,14.4729,1,91,152,33,13,28000
8,0,proposed,mondrian,75.7321,9.22023,79.9393,1.4959,0.774683,3.22115,46.6096,6.91092,1,12,152,33,13,28000
8,0,b2,naive,74.9679,9.31409,80.2659,1.14054,0.624784,11.4615,76.0538,15.0703,1,91,152,33,13,28000
8,0,b2,mondrian,74.9679,9.31409,80.2659,1.42077,0.779591,2.89615,44.8135,6.46269,1,12,152,33,13,28000
8,1,proposed,naive,76.1357,8.27583,81.9291,1.15369,0.62075,10.7885,78.1327,13.8079,1,91,152,33,13,28000
8,1,proposed,mondrian,76.1357,8.27583,81.9291,1.40748,0.757039,4.40769,56.9846,7.73488,1,12,152,33,13,28000
8,1,b2,naive,74.3929,10.3674,78.277,1.15726,0.622633,13.4885,78.8846,17.099,1,91,152,33,13,28000
8,1,b2,mondrian,74.3929,10.3674,78.277,1.68159,0.748079,5.75192,52.4462,10.9673,1,12,152,33,13,28000
8,2,proposed,naive,72.4821,10.657,80.0356,1.25624,0.621111,15.4135,79.2077,19.4596,1,91,152,33,13,28000
8,2,proposed,mondrian,72.4821,10.657,80.0356,1.54267,0.793968,3.77115,47.1731,7.99429,1,12,152,33,13,28000
8,2,b2,naive,74.4643,9.31688,81.0977,1.11225,0.618974,11.0288,74.6923,14.7657,1,91,152,33,13,28000
8,2,b2,mondrian,74.4643,9.31688,81.0977,1.38819,0.769819,3.80577,48.5288,7.84228,1,12,152,33,13,28000
8,3,proposed,naive,75.6036,8.50326,81.8589,1.19974,0.619514,11.5788,78.0712,14.8311,1,91,152,33,13,28000
8,3,proposed,mondrian,75.6036,8.50326,81.8589,1.54434,0.768912,3.24231,51.1885,6.33406,1,12,152,33,13,28000
8,3,b2,naive,74.6286,9.85266,79.3025,1.16416,0.611782,13.1077,78.3673,16.726,1,91,152,33,13,28000
8,3,b2,mondrian,74.6286,9.85266,79.3025,1.38849,0.803627,4.24615,49.9115,8.50736,1,12,152,33,13,28000
8,4,proposed,naive,75.1714,9.04459,81.5151,1.19281,0.636342,10.0981,74.8538,13.4904,1,91,152,33,13,28000
8,4,proposed,mondrian,75.1714,9.04459,81.5151,1.55198,0.780977,2.40769,41.9019,5.74602,1,12,152,33,13,28000
8,4,b2,naive,74.6643,9.29592,80.9562,1.14057,0.611029,11.7731,76.9038,15.3088,1,91,152,33,13,28000
8,4,b2,mondrian,74.6643,9.29592,80.9562,1.38813,0.781122,4.00577,51.6846,7.75041,1,12,152,33,13,28000
8,5,proposed,naive,75.0071,8.95186,81.6712,1.24639,0.637375,9.18654,71.55,12.8393,1,91,152,33,13,28000
8,5,proposed,mondrian,75.0071,8.95186,81.6712,1.53139,0.755584,2.96154,47.55,6.22826,1,12,152,33,13,28000
8,5,b2,naive,74.4893,9.32048,80.768,1.08807,0.61523,11.45,75.3635,15.193,1,91,152,33,13,28000
8,5,b2,mondrian,74.4893,9.32048,80.768,1.42197,0.752531,3.40769,48.4327,7.03593,1,12,152,33,13,28000
8,6,proposed,naive,74.3536,10.8667,77.6452,1.11643,0.637434,13.1404,77.7,16.9117,1,91,152,33,13,28000
8,6,proposed,mondrian,74.3536,10.8667,77.6452,1.52179,0.758979,4.55192,47.6096,9.56093,1,12,152,33,13,28000
8,6,b2,naive,73.675,10.0473,79.7109,1.0857,0.619772,12.9827,76.5365,16.9627,1,91,152,33,13,28000
8,6,b2,mondrian,73.675,10.0473,79.7109,1.41434,0.780259,3.86346,47.7942,8.08353,1,12,152,33,13,28000
8,7,proposed,naive,75.0107,8.98339,81.1912,1.21622,0.630893,11.2577,75.9808,14.8165,1,91,152,33,13,28000
8,7,proposed,mondrian,75.0107,8.98339,81.1912,1.60014,0.749902,3.15962,48.9846,6.45022,1,12,152,33,13,28000
8,7,b2,naive,74.6036,9.73114,79.2091,1.1534,0.617976,12.5135,76.4038,16.3781,1,91,152,33,13,28000
8,7,b2,mondrian,74.6036,9.73114,79.2091,1.42051,0.778747,4.07692,49.1808,8.28967,1,12,152,33,13,28000
8,8,proposed,naive,75.5464,9.55052,79.3436,1.25666,0.623936,12.4038,78.7808,15.7448,1,91,152,33,13,28000
8,8,proposed,mondrian,75.5464,9.55052,79.3436,1.51263,0.790276,4.375,52.7558,8.29293,1,12,152,33,13,28000
8,8,b2,naive,74.45,9.62542,80.1534,1.13711,0.627623,12.125,76.7962,15.7886,1,91,152,33,13,28000
8,8,b2,mondrian,74.45,9.62542,80.1534,1.41773,0.777889,4.25,50.7538,8.37375,1,12,152,33,13,28000
8,9,proposed,naive,75.1571,8.9361,81.233,1.24968,0.632848,10.5635,74.6019,14.1598,1,91,152,33,13,28000
8,9,proposed,mondrian,75.1571,8.9361,81.233,1.4531,0.779667,3.56731,50.0346,7.12968,1,12,152,33,13,28000
8,9,b2,naive,74.8643,9.78351,79.4892,1.12041,0.624147,12.0885,77.1346,15.6719,1,91,152,33,13,28000
8,9,b2,mondrian,74.8643,9.78351,79.4892,1.43677,0.795113,3.55577,45.8212,7.7601,1,12,152,33,13,28000
9,0,proposed,naive,76.2692,9.06577,79.2158,1.16266,0.636444,10.4462,72.7769,14.3537,1,91,152,33,13,26000
9,0,proposed,mondrian,76.2692,9.06577,79.2158,1.3944,0.858538,1.55,35.1077,4.41499,1,12,152,33,13,26000
9,0,b2,naive,76.2615,8.62731,80.5502,1.11056,0.63707,9.13846,70.6923,12.9271,1,91,152,33,13,26000
9,0,b2,mondrian,76.2615,8.62731,80.5502,1.37451,0.821819,1.51154,35.9462,4.20501,1,12,152,33,13,26000
9,1,proposed,naive,76.2769,8.35963,81.4055,1.11758,0.635431,10.1231,74.1731,13.6479,1,91,152,33,13,26000
9,1,proposed,mondrian,76.2769,8.35963,81.4055,1.34595,0.853053,1.73846,38.8231,4.47791,1,12,152,33,13,26000
9,1,b2,naive,75.7269,9.84516,77.8158,1.13741,0.635027,11.4846,74.7962,15.3546,1,91,152,33,13,26000
9,1,b2,mondrian,75.7269,9.84516,77.8158,1.58877,0.843569,2.62308,37.2923,7.03383,1,12,152,33,13,26000
9,2,proposed,naive,72.5385,11.7795,77.2159,1.21562,0.637655,14.7769,75.9423,19.4581,1,91,152,33,13,26000
9,2,proposed,mondrian,72.5385,11.7795,77.2159,1.42345,0.854797,2.79231,36.3769,7.67604,1,12,152,33,13,26000
9,2,b2,naive,74.4577,9.91495,79.4769,1.10253,0.625636,10.0346,69.6615,14.4048,1,91,152,33,13,26000
9,2,b2,mondrian,74.4577,9.91495,79.4769,1.25523,0.83606,2.93462,41.3308,7.10032,1,12,152,33,13,26000
9,3,proposed,naive,75.2962,9.00079,80.8698,1.15136,0.632964,11.4577,74.9385,15.2895,1,91,152,33,13,26000
9,3,proposed,mondrian,75.2962,9.00079,80.8698,1.45064,0.844259,1.57692,36.7808,4.28736,1,12,152,33,13,26000
9,3,b2,naive,74.3077,10.4905,77.8233,1.10691,0.635954,12.0385,73.0154,16.4876,1,91,152,33,13,26000
9,3,b2,mondrian,74.3077,10.4905,77.8233,1.29833,0.882782,1.88462,33.9769,5.54675,1,12,152,33,13,26000
9,4,proposed,naive,74.4538,9.92789,79.7661,1.17984,0.634188,10.85,72.4769,14.9703,1,91,152,33,13,26000
9,4,proposed,mondrian,74.4538,9.92789,79.7661,1.34649,0.873546,1.43846,30.1154,4.7765,1,12,152,33,13,26000
9,4,b2,naive,75.6231,9.44102,79.1784,1.10274,0.625438,10.3654,72.2077,14.355,1,91,152,33,13,26000
9,4,b2,mondrian,75.6231,9.44102,79.1784,1.33833,0.839662,2.32308,38.6731,6.00696,1,12,152,33,13,26000
9,5,proposed,naive,75.7577,8.43285,82.0901,1.21199,0.646578,8.28077,69.7115,11.8786,1,91,152,33,13,26000
9,5,proposed,mondrian,75.7577,8.43285,82.0901,1.47711,0.799775,2.11154,41.7115,5.06224,1,12,152,33,13,26000
9,5,b2,naive,73.9846,9.97544,79.8731,1.07025,0.622201,10.9346,71.4462,15.3047,1,91,152,33,13,26000
9,5,b2,mondrian,73.9846,9.97544,79.8731,1.32236,0.802131,2.74231,40.9231,6.70113,1,12,152,33,13,26000
9,6,proposed,naive,73.9192,12.1119,75.0235,1.1064,0.638947,13.5654,75.2654,18.0234,1,91,152,33,13,26000
9,6,proposed,mondrian,73.9192,12.1119,75.0235,1.37729,0.840821,3.48077,37.0231,9.40162,1,12,152,33,13,26000
9,6,b2,naive,73.9423,10.0648,79.5618,1.06301,0.624331,11.3923,72.2962,15.7578,1,91,152,33,13,26000
9,6,b2,mondrian,73.9423,10.0648,79.5618,1.35462,0.843713,1.57692,34.55,4.56418,1,12,152,33,13,26000
9,7,proposed,naive,74.6192,9.40577,80.4648,1.17994,0.642127,10.5423,71.0038,14.8475,1,91,152,33,13,26000
9,7,proposed,mondrian,74.6192,9.40577,80.4648,1.57587,0.785797,2.02692,40.6923,4.9811,1,12,152,33,13,26000
9,7,b2,naive,73.8115,10.4818,78.3879,1.11889,0.628096,11.6038,71.3615,16.2606,1,91,152,33,13,26000
9,7,b2,mondrian,73.8115,10.4818,78.3879,1.36182,0.822343,2.63846,39.2962,6.7143,1,12,152,33,13,26000
9,8,proposed,naive,76.3192,8.94333,79.4615,1.19733,0.649084,10.85,74.2808,14.6067,1,91,152,33,13,26000
9,8,proposed,mondrian,76.3192,8.94333,79.4615,1.45946,0.852756,2.05385,39.4192,5.21026,1,12,152,33,13,26000
9,8,b2,naive,74.1308,10.5681,78.1819,1.10328,0.641846,11.3346,71.5808,15.8347,1,91,152,33,13,26000
9,8,b2,mondrian,74.1308,10.5681,78.1819,1.29589,0.853314,2.93462,38.9154,7.54102,1,12,152,33,13,26000
9,9,proposed,naive,76.8423,8.2132,81.0273,1.19731,0.656729,8.40385,69.8462,12.0319,1,91,152,33,13,26000
9,9,proposed,mondrian,76.8423,8.2132,81.0273,1.41643,0.84396,1.34615,36.0462,3.73453,1,12,152,33,13,26000
9,9,b2,naive,75.0038,10.1639,78.3978,1.12098,0.623261,11.1077,72.8192,15.2538,1,91,152,33,13,26000
9,9,b2,mondrian,75.0038,10.1639,78.3978,1.37357,0.8397,2.43846,36.3038,6.71681,1,12,152,33,13,26000
