wavelength_nm,India_crop_unc,Africa_veg_unc,NAmerica_arid_unc,amazon_unc,arabian_unc,australia_mulga_unc,borneo_unc,cerrado_br_unc,congo_unc,e_africa_sav_unc,pampas_ar_unc,sahara_unc,sahel_unc,us_midwest_unc,India_crop_reconerr,Africa_veg_reconerr,NAmerica_arid_reconerr,amazon_reconerr,arabian_reconerr,australia_mulga_reconerr,borneo_reconerr,cerrado_br_reconerr,congo_reconerr,e_africa_sav_reconerr,pampas_ar_reconerr,sahara_reconerr,sahel_reconerr,us_midwest_reconerr
381.0,0.01790,0.00724,0.02320,0.00489,0.02631,0.02290,0.00622,0.00948,0.01610,0.01334,0.00731,0.02231,0.02008,0.02926,0.01127,0.00542,0.01234,0.00035,0.00183,0.00316,0.00356,0.00190,0.00417,0.00237,0.00210,0.00297,0.00244,0.00400
388.4,0.01665,0.00646,0.02146,0.00426,0.02395,0.02086,0.00540,0.00851,0.01481,0.01222,0.00641,0.02032,0.01826,0.02651,0.00898,0.00468,0.01125,0.00032,0.00142,0.00245,0.00333,0.00142,0.00377,0.00190,0.00193,0.00208,0.00199,0.00287
395.8,0.01558,0.00581,0.01997,0.00373,0.02199,0.01916,0.00471,0.00768,0.01371,0.01128,0.00566,0.01867,0.01674,0.02423,0.00716,0.00446,0.00996,0.00031,0.00123,0.00199,0.00318,0.00102,0.00338,0.00150,0.00178,0.00179,0.00216,0.00245
403.2,0.01458,0.00530,0.01862,0.00335,0.02026,0.01767,0.00422,0.00702,0.01275,0.01044,0.00510,0.01723,0.01542,0.02226,0.00816,0.00524,0.00797,0.00029,0.00113,0.00194,0.00297,0.00109,0.00296,0.00146,0.00133,0.00159,0.00162,0.00217
410.6,0.01370,0.00494,0.01740,0.00313,0.01870,0.01636,0.00392,0.00652,0.01189,0.00970,0.00473,0.01593,0.01427,0.02052,0.00737,0.00473,0.00743,0.00028,0.00099,0.00165,0.00270,0.00085,0.00312,0.00132,0.00121,0.00128,0.00150,0.00180
418.1,0.01291,0.00466,0.01632,0.00298,0.01736,0.01521,0.00368,0.00610,0.01115,0.00905,0.00443,0.01480,0.01326,0.01899,0.00634,0.00485,0.00737,0.00028,0.00092,0.00148,0.00257,0.00080,0.00310,0.00126,0.00113,0.00114,0.00136,0.00164
425.5,0.01219,0.00442,0.01533,0.00287,0.01615,0.01419,0.00347,0.00575,0.01048,0.00847,0.00417,0.01378,0.01236,0.01764,0.00604,0.00487,0.00724,0.00029,0.00084,0.00139,0.00220,0.00077,0.00234,0.00116,0.00119,0.00105,0.00123,0.00148
432.9,0.01156,0.00423,0.01443,0.00280,0.01507,0.01327,0.00328,0.00544,0.00988,0.00794,0.00394,0.01285,0.01154,0.01643,0.00550,0.00428,0.00733,0.00030,0.00080,0.00126,0.00215,0.00063,0.00232,0.00114,0.00102,0.00099,0.00135,0.00145
440.3,0.01099,0.00411,0.01366,0.00279,0.01416,0.01249,0.00315,0.00521,0.00938,0.00749,0.00378,0.01207,0.01087,0.01540,0.00499,0.00453,0.00717,0.00031,0.00073,0.00108,0.00198,0.00062,0.00191,0.00103,0.00103,0.00087,0.00112,0.00125
447.7,0.01050,0.00408,0.01297,0.00288,0.01335,0.01182,0.00315,0.00508,0.00896,0.00710,0.00374,0.01138,0.01028,0.01450,0.00435,0.00409,0.00727,0.00031,0.00067,0.00098,0.00169,0.00059,0.00171,0.00095,0.00103,0.00076,0.00104,0.00114
455.2,0.01003,0.00410,0.01231,0.00302,0.01256,0.01118,0.00323,0.00500,0.00856,0.00672,0.00378,0.01072,0.00971,0.01364,0.00425,0.00383,0.00708,0.00033,0.00062,0.00087,0.00171,0.00054,0.00174,0.00091,0.00104,0.00070,0.00096,0.00106
462.6,0.00967,0.00413,0.01179,0.00317,0.01196,0.01068,0.00333,0.00496,0.00825,0.00643,0.00385,0.01020,0.00928,0.01298,0.00385,0.00374,0.00658,0.00035,0.00062,0.00078,0.00185,0.00053,0.00158,0.00085,0.00102,0.00062,0.00094,0.00104
470.0,0.00930,0.00418,0.01128,0.00331,0.01142,0.01022,0.00344,0.00494,0.00796,0.00616,0.00394,0.00973,0.00889,0.01237,0.00501,0.00366,0.00541,0.00035,0.00058,0.00072,0.00212,0.00077,0.00123,0.00087,0.00127,0.00057,0.00106,0.00099
477.5,0.00896,0.00423,0.01080,0.00346,0.01092,0.00980,0.00356,0.00492,0.00768,0.00590,0.00403,0.00929,0.00853,0.01183,0.00461,0.00375,0.00476,0.00042,0.00054,0.00072,0.00183,0.00095,0.00191,0.00090,0.00131,0.00075,0.00101,0.00187
484.9,0.00897,0.00771,0.01045,0.00786,0.01047,0.01018,0.00650,0.00764,0.00838,0.00580,0.00700,0.00890,0.00857,0.01138,0.00384,0.00311,0.00448,0.00053,0.00058,0.00078,0.00157,0.00101,0.00184,0.00088,0.00140,0.00081,0.00104,0.00172
492.3,0.00867,0.00738,0.01006,0.00753,0.01002,0.00976,0.00623,0.00733,0.00806,0.00557,0.00671,0.00852,0.00821,0.01088,0.00379,0.00305,0.00449,0.00052,0.00060,0.00079,0.00157,0.00105,0.00171,0.00094,0.00137,0.00086,0.00110,0.00175
499.8,0.00847,0.00719,0.00980,0.00735,0.00977,0.00947,0.00608,0.00714,0.00785,0.00542,0.00653,0.00827,0.00803,0.01056,0.00440,0.00365,0.00341,0.00055,0.00063,0.00072,0.00146,0.00102,0.00160,0.00099,0.00117,0.00090,0.00115,0.00177
507.2,0.00834,0.00709,0.00965,0.00728,0.00965,0.00930,0.00600,0.00704,0.00773,0.00534,0.00642,0.00812,0.00795,0.01035,0.00447,0.00366,0.00364,0.00054,0.00061,0.00069,0.00143,0.00103,0.00164,0.00096,0.00113,0.00090,0.00100,0.00156
514.7,0.00809,0.00675,0.00930,0.00689,0.00919,0.00894,0.00570,0.00673,0.00742,0.00513,0.00615,0.00778,0.00754,0.00996,0.00394,0.00345,0.00395,0.00048,0.00065,0.00069,0.00135,0.00100,0.00171,0.00087,0.00120,0.00091,0.00102,0.00162
522.1,0.00791,0.00654,0.00906,0.00668,0.00892,0.00870,0.00552,0.00654,0.00722,0.00499,0.00596,0.00755,0.00731,0.00969,0.00397,0.00327,0.00387,0.00041,0.00064,0.00073,0.00127,0.00101,0.00139,0.00091,0.00125,0.00096,0.00111,0.00161
529.5,0.00781,0.00641,0.00892,0.00656,0.00877,0.00855,0.00541,0.00643,0.00709,0.00491,0.00585,0.00740,0.00719,0.00954,0.00407,0.00310,0.00396,0.00041,0.00066,0.00082,0.00148,0.00103,0.00132,0.00099,0.00141,0.00103,0.00124,0.00146
537.0,0.00773,0.00632,0.00881,0.00647,0.00866,0.00843,0.00533,0.00635,0.00700,0.00484,0.00577,0.00728,0.00710,0.00940,0.00394,0.00323,0.00389,0.00048,0.00069,0.00080,0.00159,0.00103,0.00130,0.00101,0.00152,0.00118,0.00140,0.00146
544.4,0.00766,0.00626,0.00872,0.00643,0.00859,0.00833,0.00529,0.00630,0.00693,0.00480,0.00571,0.00719,0.00706,0.00928,0.00409,0.00290,0.00421,0.00060,0.00070,0.00079,0.00157,0.00095,0.00124,0.00105,0.00163,0.00116,0.00137,0.00148
551.9,0.00753,0.00607,0.00853,0.00623,0.00835,0.00814,0.00512,0.00614,0.00675,0.00468,0.00556,0.00700,0.00685,0.00908,0.00407,0.00252,0.00489,0.00070,0.00071,0.00076,0.00158,0.00091,0.00136,0.00111,0.00157,0.00122,0.00131,0.00142
559.3,0.00750,0.00600,0.00848,0.00616,0.00828,0.00809,0.00506,0.00609,0.00669,0.00465,0.00551,0.00694,0.00678,0.00903,0.00387,0.00259,0.00443,0.00072,0.00078,0.00073,0.00184,0.00084,0.00123,0.00123,0.00152,0.00128,0.00127,0.00150
566.8,0.00748,0.00602,0.00847,0.00621,0.00834,0.00811,0.00508,0.00612,0.00669,0.00465,0.00553,0.00694,0.00685,0.00905,0.00453,0.00273,0.00349,0.00057,0.00079,0.00077,0.00243,0.00117,0.00126,0.00132,0.00169,0.00115,0.00174,0.00135
574.2,0.00742,0.00600,0.00839,0.00622,0.00836,0.00808,0.00507,0.00610,0.00664,0.00463,0.00551,0.00691,0.00686,0.00905,0.00462,0.00323,0.00435,0.00055,0.00085,0.00105,0.00173,0.00133,0.00164,0.00132,0.00177,0.00154,0.00203,0.00190
581.7,0.00726,0.00582,0.00818,0.00602,0.00809,0.00784,0.00492,0.00593,0.00646,0.00451,0.00535,0.00670,0.00665,0.00876,0.00408,0.00315,0.00394,0.00059,0.00085,0.00101,0.00177,0.00134,0.00166,0.00128,0.00177,0.00154,0.00187,0.00164
589.1,0.00744,0.00632,0.00853,0.00668,0.00873,0.00811,0.00540,0.00637,0.00683,0.00476,0.00570,0.00702,0.00737,0.00898,0.00447,0.00337,0.00351,0.00059,0.00081,0.00104,0.00209,0.00148,0.00157,0.00136,0.00176,0.00158,0.00194,0.00157
596.6,0.00743,0.00624,0.00849,0.00659,0.00864,0.00806,0.00532,0.00631,0.00677,0.00472,0.00564,0.00696,0.00728,0.00893,0.00567,0.00369,0.00325,0.00063,0.00085,0.00095,0.00184,0.00141,0.00141,0.00143,0.00169,0.00153,0.00214,0.00152
604.0,0.00713,0.00560,0.00798,0.00581,0.00782,0.00758,0.00474,0.00575,0.00626,0.00439,0.00517,0.00647,0.00643,0.00844,0.00439,0.00347,0.00358,0.00063,0.00075,0.00093,0.00167,0.00143,0.00159,0.00154,0.00167,0.00157,0.00190,0.00143
611.5,0.00692,0.00536,0.00769,0.00554,0.00749,0.00731,0.00453,0.00552,0.00603,0.00423,0.00497,0.00624,0.00613,0.00813,0.00388,0.00335,0.00400,0.00059,0.00080,0.00094,0.00184,0.00151,0.00168,0.00161,0.00173,0.00147,0.00195,0.00148
618.9,0.00675,0.00522,0.00749,0.00540,0.00731,0.00712,0.00442,0.00539,0.00587,0.00414,0.00485,0.00610,0.00598,0.00792,0.00382,0.00327,0.00386,0.00056,0.00083,0.00097,0.00203,0.00154,0.00141,0.00153,0.00184,0.00161,0.00201,0.00171
626.4,0.00662,0.00517,0.00735,0.00537,0.00727,0.00703,0.00438,0.00534,0.00578,0.00409,0.00480,0.00604,0.00596,0.00783,0.00399,0.00319,0.00397,0.00052,0.00081,0.00095,0.00225,0.00154,0.00151,0.00157,0.00184,0.00147,0.00206,0.00166
633.8,0.00649,0.00507,0.00719,0.00527,0.00712,0.00686,0.00430,0.00523,0.00566,0.00401,0.00470,0.00592,0.00585,0.00763,0.00395,0.00316,0.00334,0.00053,0.00082,0.00096,0.00255,0.00161,0.00138,0.00163,0.00182,0.00153,0.00214,0.00174
641.3,0.00643,0.00500,0.00710,0.00521,0.00700,0.00672,0.00425,0.00516,0.00559,0.00397,0.00463,0.00582,0.00578,0.00744,0.00367,0.00294,0.00437,0.00052,0.00084,0.00091,0.00238,0.00158,0.00130,0.00166,0.00190,0.00150,0.00227,0.00189
648.7,0.00657,0.00534,0.00735,0.00565,0.00744,0.00695,0.00458,0.00548,0.00586,0.00416,0.00489,0.00607,0.00627,0.00765,0.00432,0.00290,0.00471,0.00054,0.00076,0.00096,0.00252,0.00156,0.00126,0.00158,0.00202,0.00138,0.00228,0.00173
656.2,0.00644,0.00513,0.00716,0.00540,0.00717,0.00676,0.00439,0.00529,0.00567,0.00404,0.00472,0.00590,0.00599,0.00745,0.00388,0.00300,0.00434,0.00056,0.00095,0.00092,0.00282,0.00158,0.00134,0.00180,0.00201,0.00156,0.00251,0.00185
663.6,0.00622,0.00475,0.00681,0.00494,0.00667,0.00642,0.00404,0.00494,0.00536,0.00382,0.00443,0.00560,0.00549,0.00709,0.00464,0.00306,0.00528,0.00058,0.00104,0.00105,0.00309,0.00220,0.00143,0.00202,0.00243,0.00200,0.00330,0.00222
671.1,0.00613,0.00463,0.00669,0.00481,0.00652,0.00630,0.00394,0.00483,0.00525,0.00376,0.00433,0.00551,0.00535,0.00696,0.00584,0.00414,0.00462,0.00082,0.00100,0.00117,0.00320,0.00199,0.00242,0.00207,0.00227,0.00199,0.00297,0.00334
678.6,0.00607,0.00458,0.00661,0.00477,0.00645,0.00624,0.00390,0.00479,0.00519,0.00373,0.00429,0.00545,0.00530,0.00689,0.00523,0.00430,0.00431,0.00078,0.00072,0.00098,0.00307,0.00192,0.00241,0.00181,0.00249,0.00130,0.00269,0.00289
686.0,0.00616,0.00478,0.00674,0.00501,0.00681,0.00651,0.00407,0.00500,0.00532,0.00386,0.00448,0.00569,0.00559,0.00724,0.00568,0.00418,0.00475,0.00081,0.00098,0.00104,0.00308,0.00195,0.00240,0.00196,0.00252,0.00170,0.00311,0.00313
693.5,0.00640,0.00536,0.00718,0.00576,0.00758,0.00692,0.00462,0.00555,0.00577,0.00420,0.00493,0.00612,0.00643,0.00762,0.00589,0.00404,0.00338,0.00104,0.00092,0.00113,0.00306,0.00219,0.00206,0.00203,0.00266,0.00147,0.00265,0.00283
700.9,0.00646,0.00545,0.00728,0.00590,0.00763,0.00689,0.00472,0.00562,0.00585,0.00425,0.00497,0.00612,0.00657,0.00752,0.00507,0.00405,0.00274,0.00122,0.00078,0.00138,0.00330,0.00255,0.00209,0.00205,0.00258,0.00135,0.00311,0.00263
708.4,0.00623,0.00504,0.00692,0.00541,0.00710,0.00653,0.00435,0.00524,0.00551,0.00400,0.00465,0.00579,0.00604,0.00715,0.00434,0.00382,0.00364,0.00147,0.00077,0.00152,0.00413,0.00273,0.00198,0.00179,0.00363,0.00129,0.00352,0.00223
715.8,0.00663,0.00606,0.00766,0.00670,0.00848,0.00734,0.00530,0.00622,0.00630,0.00461,0.00546,0.00660,0.00748,0.00796,0.00537,0.00424,0.00409,0.00163,0.00122,0.00161,0.00483,0.00287,0.00160,0.00177,0.00448,0.00187,0.00390,0.00222
723.3,0.00773,0.00828,0.00944,0.00958,0.01147,0.00912,0.00737,0.00831,0.00802,0.00591,0.00719,0.00833,0.01068,0.00975,0.00764,0.00479,0.00489,0.00183,0.00081,0.00154,0.00517,0.00273,0.00168,0.00130,0.00527,0.00110,0.00334,0.00197
730.8,0.00722,0.00711,0.00855,0.00807,0.00993,0.00821,0.00629,0.00725,0.00713,0.00526,0.00632,0.00745,0.00902,0.00883,0.00683,0.00424,0.00455,0.00195,0.00113,0.00130,0.00457,0.00244,0.00142,0.00123,0.00497,0.00133,0.00334,0.00195
738.2,0.00612,0.00498,0.00678,0.00540,0.00706,0.00643,0.00435,0.00523,0.00541,0.00399,0.00464,0.00575,0.00606,0.00702,0.00373,0.00295,0.00501,0.00190,0.00080,0.00105,0.00340,0.00184,0.00117,0.00123,0.00511,0.00106,0.00297,0.00197
745.7,0.00277,0.00317,0.00348,0.00344,0.00459,0.00318,0.00307,0.00335,0.00317,0.00259,0.00329,0.00414,0.00354,0.00371,0.00780,0.00285,0.00943,0.00212,0.00051,0.00091,0.00323,0.00151,0.00226,0.00122,0.00514,0.00090,0.00297,0.00190
753.1,0.00239,0.00210,0.00294,0.00217,0.00379,0.00267,0.00199,0.00229,0.00248,0.00211,0.00215,0.00352,0.00284,0.00313,0.00461,0.00249,0.00562,0.00237,0.00050,0.00080,0.00317,0.00148,0.00176,0.00124,0.00514,0.00101,0.00257,0.00204
760.6,0.00227,0.00203,0.00271,0.00211,0.00376,0.00243,0.00208,0.00220,0.00233,0.00204,0.00217,0.00369,0.00270,0.00285,0.00433,0.00218,0.00426,0.00198,0.00049,0.00099,0.00282,0.00200,0.00162,0.00113,0.00507,0.00115,0.00317,0.00164
768.1,0.00212,0.00183,0.00248,0.00191,0.00344,0.00222,0.00184,0.00199,0.00213,0.00187,0.00193,0.00336,0.00247,0.00259,0.00414,0.00271,0.00423,0.00174,0.00048,0.00113,0.00267,0.00216,0.00161,0.00132,0.00489,0.00127,0.00260,0.00217
775.5,0.00202,0.00175,0.00236,0.00182,0.00327,0.00209,0.00175,0.00190,0.00203,0.00179,0.00184,0.00316,0.00237,0.00244,0.00328,0.00275,0.00395,0.00173,0.00046,0.00105,0.00251,0.00192,0.00136,0.00125,0.00502,0.00111,0.00236,0.00186
783.0,0.00196,0.00167,0.00229,0.00173,0.00324,0.00199,0.00167,0.00182,0.00198,0.00176,0.00175,0.00313,0.00234,0.00234,0.00293,0.00254,0.00358,0.00161,0.00043,0.00103,0.00220,0.00188,0.00160,0.00110,0.00440,0.00108,0.00244,0.00175
790.4,0.00193,0.00159,0.00224,0.00163,0.00325,0.00190,0.00160,0.00174,0.00194,0.00175,0.00168,0.00314,0.00232,0.00226,0.00361,0.00295,0.00340,0.00144,0.00053,0.00088,0.00228,0.00162,0.00142,0.00100,0.00389,0.00100,0.00243,0.00195
797.9,0.00193,0.00153,0.00220,0.00155,0.00325,0.00182,0.00156,0.00168,0.00191,0.00174,0.00162,0.00315,0.00231,0.00219,0.00348,0.00265,0.00325,0.00132,0.00037,0.00082,0.00203,0.00149,0.00165,0.00089,0.00380,0.00097,0.00231,0.00181
805.4,0.00195,0.00148,0.00216,0.00150,0.00322,0.00175,0.00153,0.00163,0.00188,0.00171,0.00158,0.00313,0.00227,0.00211,0.00401,0.00247,0.00363,0.00130,0.00048,0.00069,0.00205,0.00130,0.00163,0.00083,0.00352,0.00097,0.00214,0.00176
812.8,0.00198,0.00145,0.00214,0.00147,0.00329,0.00169,0.00154,0.00160,0.00188,0.00173,0.00157,0.00326,0.00227,0.00205,0.00397,0.00237,0.00395,0.00119,0.00038,0.00067,0.00207,0.00143,0.00126,0.00086,0.00371,0.00098,0.00194,0.00170
820.3,0.00199,0.00143,0.00211,0.00144,0.00330,0.00164,0.00153,0.00158,0.00186,0.00172,0.00155,0.00331,0.00225,0.00200,0.00416,0.00230,0.00396,0.00122,0.00036,0.00066,0.00174,0.00124,0.00146,0.00084,0.00346,0.00085,0.00206,0.00160
827.7,0.00190,0.00139,0.00205,0.00140,0.00321,0.00161,0.00148,0.00153,0.00181,0.00168,0.00150,0.00322,0.00219,0.00196,0.00394,0.00224,0.00388,0.00121,0.00036,0.00063,0.00161,0.00121,0.00116,0.00082,0.00314,0.00089,0.00218,0.00164
835.2,0.00184,0.00136,0.00201,0.00138,0.00311,0.00159,0.00143,0.00151,0.00176,0.00164,0.00146,0.00309,0.00214,0.00193,0.00374,0.00184,0.00412,0.00115,0.00042,0.00062,0.00164,0.00144,0.00101,0.00090,0.00314,0.00084,0.00236,0.00158
842.7,0.00180,0.00135,0.00198,0.00137,0.00299,0.00159,0.00140,0.00149,0.00173,0.00159,0.00144,0.00296,0.00208,0.00192,0.00362,0.00187,0.00427,0.00130,0.00037,0.00057,0.00163,0.00143,0.00108,0.00098,0.00320,0.00080,0.00213,0.00162
850.1,0.00179,0.00136,0.00198,0.00138,0.00295,0.00161,0.00141,0.00150,0.00172,0.00158,0.00145,0.00291,0.00206,0.00193,0.00315,0.00201,0.00393,0.00131,0.00035,0.00055,0.00196,0.00162,0.00101,0.00108,0.00282,0.00087,0.00219,0.00192
857.6,0.00179,0.00138,0.00198,0.00142,0.00293,0.00163,0.00143,0.00152,0.00173,0.00158,0.00148,0.00289,0.00206,0.00194,0.00510,0.00211,0.00415,0.00150,0.00040,0.00102,0.00198,0.00165,0.00124,0.00099,0.00281,0.00122,0.00187,0.00230
865.1,0.00182,0.00141,0.00200,0.00145,0.00293,0.00166,0.00146,0.00156,0.00175,0.00158,0.00151,0.00288,0.00208,0.00197,0.00414,0.00210,0.00343,0.00150,0.00045,0.00091,0.00201,0.00170,0.00106,0.00093,0.00287,0.00110,0.00171,0.00192
872.5,0.00187,0.00145,0.00204,0.00149,0.00295,0.00170,0.00149,0.00159,0.00177,0.00160,0.00155,0.00289,0.00211,0.00201,0.00365,0.00226,0.00361,0.00171,0.00044,0.00090,0.00225,0.00165,0.00123,0.00087,0.00274,0.00096,0.00155,0.00178
880.0,0.00192,0.00148,0.00207,0.00153,0.00298,0.00173,0.00152,0.00163,0.00180,0.00161,0.00158,0.00290,0.00215,0.00204,0.00383,0.00292,0.00288,0.00165,0.00040,0.00079,0.00196,0.00135,0.00143,0.00086,0.00237,0.00099,0.00227,0.00194
887.4,0.00196,0.00151,0.00211,0.00156,0.00305,0.00177,0.00155,0.00166,0.00184,0.00164,0.00161,0.00294,0.00222,0.00208,0.00401,0.00275,0.00310,0.00169,0.00033,0.00083,0.00194,0.00143,0.00151,0.00082,0.00213,0.00104,0.00219,0.00186
894.9,0.00199,0.00157,0.00217,0.00162,0.00332,0.00181,0.00166,0.00173,0.00191,0.00175,0.00169,0.00320,0.00238,0.00214,0.00368,0.00263,0.00315,0.00178,0.00047,0.00075,0.00231,0.00135,0.00159,0.00071,0.00235,0.00118,0.00210,0.00197
902.4,0.00202,0.00166,0.00222,0.00172,0.00352,0.00185,0.00180,0.00182,0.00199,0.00183,0.00180,0.00342,0.00251,0.00220,0.00396,0.00244,0.00328,0.00184,0.00039,0.00075,0.00233,0.00141,0.00122,0.00071,0.00253,0.00099,0.00222,0.00177
909.8,0.00203,0.00173,0.00226,0.00180,0.00364,0.00188,0.00191,0.00189,0.00204,0.00189,0.00190,0.00352,0.00260,0.00224,0.00405,0.00236,0.00363,0.00168,0.00039,0.00082,0.00210,0.00143,0.00124,0.00066,0.00213,0.00090,0.00213,0.00168
917.3,0.00208,0.00181,0.00230,0.00189,0.00374,0.00191,0.00203,0.00197,0.00210,0.00193,0.00200,0.00358,0.00268,0.00227,0.00378,0.00243,0.00359,0.00166,0.00033,0.00078,0.00233,0.00134,0.00107,0.00056,0.00228,0.00096,0.00235,0.00182
924.8,0.00214,0.00186,0.00234,0.00193,0.00381,0.00192,0.00211,0.00201,0.00214,0.00197,0.00206,0.00363,0.00275,0.00230,0.00361,0.00210,0.00417,0.00163,0.00044,0.00078,0.00256,0.00145,0.00107,0.00060,0.00224,0.00106,0.00233,0.00180
932.2,0.00224,0.00243,0.00242,0.00263,0.00408,0.00201,0.00294,0.00253,0.00238,0.00212,0.00278,0.00397,0.00297,0.00238,0.00367,0.00212,0.00494,0.00180,0.00037,0.00076,0.00252,0.00131,0.00115,0.00063,0.00231,0.00089,0.00248,0.00182
939.7,0.00238,0.00288,0.00252,0.00319,0.00432,0.00208,0.00354,0.00294,0.00259,0.00224,0.00332,0.00419,0.00317,0.00245,0.00439,0.00245,0.00446,0.00181,0.00040,0.00080,0.00308,0.00146,0.00127,0.00076,0.00253,0.00094,0.00277,0.00217
947.1,0.00256,0.00296,0.00258,0.00330,0.00443,0.00209,0.00361,0.00301,0.00269,0.00229,0.00338,0.00426,0.00324,0.00247,0.00472,0.00231,0.00428,0.00123,0.00047,0.00092,0.00245,0.00188,0.00120,0.00097,0.00258,0.00127,0.00186,0.00237
954.6,0.00279,0.00296,0.00267,0.00331,0.00456,0.00210,0.00356,0.00302,0.00277,0.00234,0.00334,0.00436,0.00332,0.00249,0.00540,0.00235,0.00437,0.00109,0.00045,0.00092,0.00234,0.00186,0.00124,0.00096,0.00228,0.00121,0.00174,0.00182
962.1,0.00290,0.00280,0.00274,0.00312,0.00470,0.00209,0.00325,0.00289,0.00280,0.00239,0.00308,0.00444,0.00336,0.00251,0.00565,0.00211,0.00453,0.00115,0.00040,0.00096,0.00270,0.00195,0.00123,0.00103,0.00253,0.00128,0.00204,0.00178
969.5,0.00270,0.00248,0.00266,0.00273,0.00460,0.00202,0.00278,0.00261,0.00266,0.00233,0.00268,0.00426,0.00326,0.00245,0.00565,0.00248,0.00385,0.00114,0.00046,0.00079,0.00265,0.00191,0.00142,0.00113,0.00260,0.00140,0.00234,0.00206
977.0,0.00243,0.00245,0.00262,0.00269,0.00470,0.00201,0.00274,0.00259,0.00264,0.00239,0.00266,0.00436,0.00330,0.00246,0.00495,0.00237,0.00359,0.00110,0.00041,0.00085,0.00271,0.00204,0.00142,0.00101,0.00258,0.00125,0.00242,0.00188
984.4,0.00217,0.00212,0.00213,0.00239,0.00342,0.00165,0.00231,0.00220,0.00213,0.00182,0.00228,0.00336,0.00243,0.00197,0.00393,0.00204,0.00343,0.00113,0.00059,0.00076,0.00327,0.00181,0.00155,0.00088,0.00238,0.00120,0.00207,0.00191
991.9,0.00197,0.00177,0.00200,0.00195,0.00309,0.00156,0.00188,0.00188,0.00191,0.00167,0.00191,0.00304,0.00220,0.00187,0.00360,0.00206,0.00329,0.00107,0.00045,0.00081,0.00311,0.00188,0.00117,0.00092,0.00231,0.00106,0.00191,0.00188
999.4,0.00185,0.00158,0.00191,0.00170,0.00294,0.00149,0.00169,0.00171,0.00178,0.00159,0.00174,0.00292,0.00207,0.00181,0.00316,0.00216,0.00309,0.00123,0.00041,0.00085,0.00312,0.00171,0.00136,0.00085,0.00222,0.00108,0.00184,0.00191
1006.8,0.00176,0.00146,0.00185,0.00155,0.00287,0.00146,0.00157,0.00160,0.00170,0.00156,0.00162,0.00287,0.00200,0.00177,0.00314,0.00218,0.00326,0.00115,0.00043,0.00082,0.00325,0.00160,0.00119,0.00081,0.00188,0.00105,0.00210,0.00184
1014.3,0.00177,0.00136,0.00183,0.00142,0.00281,0.00143,0.00147,0.00150,0.00165,0.00152,0.00151,0.00283,0.00194,0.00174,0.00326,0.00185,0.00373,0.00122,0.00051,0.00076,0.00296,0.00176,0.00125,0.00083,0.00192,0.00102,0.00220,0.00174
1021.8,0.00180,0.00131,0.00182,0.00136,0.00277,0.00142,0.00143,0.00145,0.00162,0.00150,0.00147,0.00280,0.00191,0.00173,0.00382,0.00193,0.00459,0.00124,0.00043,0.00078,0.00334,0.00161,0.00125,0.00086,0.00222,0.00089,0.00201,0.00171
1029.2,0.00181,0.00129,0.00182,0.00133,0.00275,0.00142,0.00141,0.00143,0.00161,0.00149,0.00145,0.00279,0.00189,0.00172,0.00411,0.00199,0.00414,0.00137,0.00042,0.00076,0.00370,0.00171,0.00156,0.00094,0.00252,0.00097,0.00218,0.00175
1036.7,0.00184,0.00126,0.00183,0.00129,0.00274,0.00143,0.00135,0.00140,0.00160,0.00149,0.00139,0.00278,0.00188,0.00173,0.00381,0.00221,0.00396,0.00123,0.00065,0.00113,0.00214,0.00160,0.00133,0.00096,0.00308,0.00141,0.00201,0.00232
1044.1,0.00186,0.00129,0.00184,0.00133,0.00276,0.00145,0.00137,0.00143,0.00162,0.00149,0.00142,0.00279,0.00190,0.00174,0.00346,0.00248,0.00399,0.00129,0.00061,0.00108,0.00208,0.00159,0.00111,0.00094,0.00289,0.00121,0.00192,0.00206
1051.6,0.00186,0.00134,0.00185,0.00140,0.00276,0.00147,0.00142,0.00148,0.00163,0.00150,0.00146,0.00279,0.00192,0.00176,0.00339,0.00242,0.00383,0.00133,0.00051,0.00117,0.00227,0.00161,0.00124,0.00095,0.00276,0.00117,0.00195,0.00201
1059.1,0.00184,0.00139,0.00186,0.00147,0.00279,0.00149,0.00146,0.00153,0.00165,0.00152,0.00151,0.00281,0.00195,0.00178,0.00390,0.00285,0.00296,0.00140,0.00058,0.00106,0.00231,0.00158,0.00138,0.00095,0.00304,0.00129,0.00180,0.00255
1066.5,0.00181,0.00143,0.00186,0.00152,0.00283,0.00151,0.00150,0.00157,0.00167,0.00153,0.00155,0.00283,0.00198,0.00180,0.00389,0.00278,0.00280,0.00142,0.00045,0.00105,0.00231,0.00154,0.00128,0.00097,0.00312,0.00122,0.00174,0.00238
1074.0,0.00182,0.00146,0.00188,0.00156,0.00286,0.00153,0.00152,0.00160,0.00169,0.00155,0.00157,0.00284,0.00202,0.00182,0.00368,0.00273,0.00306,0.00142,0.00060,0.00104,0.00289,0.00144,0.00129,0.00083,0.00312,0.00134,0.00189,0.00225
1081.4,0.00182,0.00148,0.00191,0.00159,0.00296,0.00156,0.00155,0.00163,0.00172,0.00160,0.00160,0.00291,0.00209,0.00185,0.00370,0.00255,0.00311,0.00156,0.00049,0.00105,0.00305,0.00161,0.00104,0.00083,0.00329,0.00122,0.00189,0.00215
1088.9,0.00180,0.00155,0.00195,0.00167,0.00312,0.00159,0.00165,0.00170,0.00178,0.00167,0.00168,0.00304,0.00220,0.00190,0.00343,0.00259,0.00339,0.00159,0.00047,0.00118,0.00287,0.00161,0.00114,0.00075,0.00314,0.00115,0.00172,0.00241
1096.4,0.00181,0.00176,0.00203,0.00190,0.00343,0.00164,0.00195,0.00190,0.00192,0.00181,0.00193,0.00333,0.00239,0.00199,0.00322,0.00249,0.00327,0.00144,0.00038,0.00121,0.00316,0.00164,0.00105,0.00073,0.00312,0.00117,0.00204,0.00206
1103.8,0.00184,0.00205,0.00212,0.00224,0.00378,0.00172,0.00238,0.00217,0.00209,0.00197,0.00231,0.00373,0.00261,0.00208,0.00286,0.00225,0.00337,0.00163,0.00053,0.00117,0.00304,0.00175,0.00101,0.00072,0.00342,0.00112,0.00215,0.00234
1111.3,0.00186,0.00265,0.00217,0.00296,0.00401,0.00179,0.00327,0.00271,0.00231,0.00210,0.00309,0.00400,0.00281,0.00214,0.00317,0.00225,0.00384,0.00178,0.00040,0.00121,0.00342,0.00146,0.00110,0.00072,0.00320,0.00115,0.00231,0.00239
1118.7,0.00192,0.00359,0.00227,0.00411,0.00439,0.00193,0.00461,0.00356,0.00268,0.00233,0.00428,0.00449,0.00314,0.00226,0.00281,0.00273,0.00369,0.00185,0.00040,0.00117,0.00389,0.00159,0.00123,0.00080,0.00362,0.00113,0.00235,0.00199
1126.2,0.00197,0.00403,0.00235,0.00464,0.00464,0.00201,0.00523,0.00397,0.00287,0.00246,0.00483,0.00479,0.00333,0.00233,0.00320,0.00265,0.00381,0.00169,0.00047,0.00116,0.00320,0.00223,0.00146,0.00146,0.00343,0.00138,0.00219,0.00224
1133.7,0.00200,0.00351,0.00228,0.00399,0.00440,0.00190,0.00456,0.00348,0.00269,0.00232,0.00421,0.00451,0.00314,0.00223,0.00307,0.00235,0.00359,0.00137,0.00051,0.00112,0.00261,0.00202,0.00158,0.00131,0.00297,0.00134,0.00213,0.00181
1141.1,0.00220,0.00311,0.00230,0.00350,0.00425,0.00182,0.00401,0.00312,0.00260,0.00223,0.00371,0.00434,0.00301,0.00217,0.00330,0.00200,0.00369,0.00114,0.00047,0.00127,0.00217,0.00196,0.00150,0.00124,0.00317,0.00135,0.00234,0.00180
1148.6,0.00245,0.00303,0.00232,0.00340,0.00409,0.00179,0.00388,0.00303,0.00258,0.00214,0.00360,0.00416,0.00293,0.00211,0.00436,0.00258,0.00402,0.00094,0.00052,0.00109,0.00233,0.00184,0.00135,0.00114,0.00294,0.00139,0.00306,0.00216
1156.0,0.00256,0.00255,0.00231,0.00282,0.00389,0.00173,0.00318,0.00260,0.00242,0.00202,0.00298,0.00388,0.00278,0.00206,0.00492,0.00246,0.00440,0.00087,0.00041,0.00110,0.00275,0.00191,0.00144,0.00113,0.00286,0.00141,0.00290,0.00202
1163.5,0.00249,0.00206,0.00230,0.00223,0.00380,0.00171,0.00243,0.00217,0.00226,0.00196,0.00232,0.00369,0.00270,0.00207,0.00492,0.00230,0.00438,0.00088,0.00055,0.00099,0.00267,0.00170,0.00174,0.00105,0.00292,0.00152,0.00262,0.00201
1170.9,0.00237,0.00185,0.00232,0.00198,0.00383,0.00174,0.00206,0.00200,0.00219,0.00197,0.00201,0.00362,0.00272,0.00213,0.00418,0.00217,0.00420,0.00091,0.00049,0.00098,0.00285,0.00166,0.00139,0.00112,0.00270,0.00150,0.00245,0.00185
1178.4,0.00222,0.00180,0.00232,0.00193,0.00387,0.00178,0.00194,0.00197,0.00216,0.00200,0.00193,0.00361,0.00277,0.00219,0.00390,0.00199,0.00393,0.00095,0.00047,0.00107,0.00286,0.00158,0.00138,0.00111,0.00285,0.00144,0.00234,0.00181
1185.9,0.00211,0.00184,0.00232,0.00199,0.00393,0.00181,0.00196,0.00202,0.00216,0.00203,0.00196,0.00368,0.00281,0.00223,0.00346,0.00190,0.00368,0.00089,0.00053,0.00110,0.00303,0.00160,0.00120,0.00113,0.00285,0.00151,0.00258,0.00176
1193.3,0.00203,0.00187,0.00225,0.00205,0.00377,0.00180,0.00199,0.00204,0.00210,0.00196,0.00199,0.00351,0.00273,0.00219,0.00343,0.00177,0.00361,0.00090,0.00065,0.00109,0.00267,0.00162,0.00117,0.00125,0.00284,0.00141,0.00247,0.00183
1200.8,0.00194,0.00188,0.00216,0.00209,0.00359,0.00175,0.00201,0.00204,0.00202,0.00188,0.00202,0.00339,0.00260,0.00211,0.00354,0.00175,0.00406,0.00088,0.00056,0.00102,0.00265,0.00150,0.00122,0.00127,0.00300,0.00146,0.00256,0.00187
1208.2,0.00186,0.00181,0.00206,0.00201,0.00337,0.00170,0.00193,0.00196,0.00192,0.00178,0.00194,0.00322,0.00245,0.00203,0.00334,0.00182,0.00397,0.00088,0.00049,0.00096,0.00277,0.00155,0.00128,0.00132,0.00316,0.00138,0.00266,0.00175
1215.7,0.00182,0.00164,0.00200,0.00179,0.00322,0.00165,0.00174,0.00179,0.00182,0.00171,0.00176,0.00312,0.00231,0.00197,0.00366,0.00205,0.00294,0.00098,0.00070,0.00167,0.00200,0.00186,0.00160,0.00138,0.00304,0.00154,0.00220,0.00265
1223.1,0.00182,0.00143,0.00195,0.00153,0.00302,0.00161,0.00150,0.00159,0.00172,0.00162,0.00153,0.00296,0.00215,0.00192,0.00311,0.00218,0.00293,0.00099,0.00078,0.00147,0.00187,0.00177,0.00130,0.00129,0.00286,0.00153,0.00214,0.00210
1230.6,0.00185,0.00134,0.00192,0.00141,0.00284,0.00159,0.00138,0.00150,0.00166,0.00154,0.00143,0.00280,0.00202,0.00190,0.00302,0.00213,0.00306,0.00101,0.00060,0.00155,0.00210,0.00171,0.00150,0.00136,0.00230,0.00141,0.00191,0.00250
1238.1,0.00190,0.00134,0.00193,0.00141,0.00274,0.00162,0.00138,0.00151,0.00165,0.00151,0.00145,0.00272,0.00197,0.00192,0.00367,0.00226,0.00294,0.00094,0.00068,0.00142,0.00251,0.00149,0.00124,0.00122,0.00281,0.00185,0.00232,0.00268
1245.5,0.00196,0.00139,0.00200,0.00147,0.00278,0.00169,0.00142,0.00157,0.00170,0.00155,0.00151,0.00274,0.00201,0.00201,0.00382,0.00256,0.00317,0.00092,0.00061,0.00145,0.00268,0.00145,0.00136,0.00125,0.00250,0.00155,0.00213,0.00262
1253.0,0.00198,0.00135,0.00190,0.00146,0.00232,0.00168,0.00131,0.00152,0.00155,0.00133,0.00142,0.00212,0.00181,0.00197,0.00373,0.00257,0.00351,0.00100,0.00068,0.00145,0.00287,0.00144,0.00153,0.00109,0.00264,0.00159,0.00211,0.00251
1260.4,0.00203,0.00148,0.00205,0.00159,0.00263,0.00181,0.00146,0.00167,0.00169,0.00150,0.00157,0.00241,0.00202,0.00215,0.00388,0.00233,0.00338,0.00115,0.00066,0.00159,0.00320,0.00155,0.00138,0.00115,0.00308,0.00149,0.00230,0.00272
1267.9,0.00208,0.00161,0.00223,0.00171,0.00303,0.00196,0.00161,0.00182,0.00187,0.00170,0.00173,0.00280,0.00228,0.00236,0.00379,0.00247,0.00367,0.00116,0.00065,0.00160,0.00293,0.00175,0.00140,0.00117,0.00301,0.00141,0.00248,0.00268
1275.3,0.00216,0.00174,0.00243,0.00183,0.00345,0.00212,0.00176,0.00198,0.00206,0.00192,0.00189,0.00322,0.00255,0.00258,0.00392,0.00267,0.00378,0.00112,0.00071,0.00176,0.00317,0.00186,0.00144,0.00126,0.00336,0.00162,0.00273,0.00256
1282.8,0.00217,0.00189,0.00263,0.00197,0.00393,0.00230,0.00193,0.00216,0.00226,0.00217,0.00206,0.00370,0.00286,0.00283,0.00370,0.00262,0.00403,0.00125,0.00086,0.00167,0.00331,0.00187,0.00160,0.00125,0.00349,0.00150,0.00286,0.00275
1290.3,0.00220,0.00205,0.00286,0.00212,0.00445,0.00249,0.00213,0.00235,0.00248,0.00244,0.00226,0.00422,0.00320,0.00310,0.00366,0.00256,0.00460,0.00122,0.00087,0.00172,0.00341,0.00197,0.00173,0.00131,0.00379,0.00157,0.00323,0.00271
1297.7,0.00223,0.00223,0.00307,0.00229,0.00496,0.00268,0.00238,0.00256,0.00271,0.00270,0.00249,0.00474,0.00353,0.00336,0.00342,0.00263,0.00407,0.00130,0.00088,0.00168,0.00391,0.00196,0.00172,0.00154,0.00431,0.00172,0.00353,0.00264
1305.2,0.00228,0.00244,0.00328,0.00249,0.00540,0.00285,0.00268,0.00278,0.00292,0.00294,0.00277,0.00520,0.00382,0.00359,0.00680,0.00419,0.00589,0.00195,0.00128,0.00171,0.00459,0.00205,0.00249,0.00207,0.00386,0.00274,0.00359,0.00323
1312.6,0.00232,0.00272,0.00344,0.00279,0.00578,0.00301,0.00311,0.00306,0.00313,0.00314,0.00315,0.00560,0.00409,0.00379,0.00660,0.00401,0.00581,0.00199,0.00131,0.00171,0.00443,0.00209,0.00247,0.00217,0.00433,0.00299,0.00380,0.00288
1320.1,0.00238,0.00303,0.00357,0.00313,0.00606,0.00313,0.00358,0.00335,0.00331,0.00329,0.00357,0.00592,0.00430,0.00393,0.00641,0.00406,0.00524,0.00182,0.00137,0.00173,0.00442,0.00233,0.00306,0.00220,0.00489,0.00326,0.00390,0.00338
1439.3,0.01865,0.56835,0.18817,1.06392,0.60992,0.06264,0.86898,0.31364,0.08295,0.09330,0.19853,0.10500,1.06746,0.05162,0.02612,0.16852,0.08666,0.04840,0.03540,0.01686,0.07037,0.02052,0.04920,0.00913,0.01940,0.01130,0.05710,0.00493
1446.7,0.01472,0.22815,0.09221,0.46008,0.26753,0.04210,0.29116,0.14607,0.05213,0.05250,0.09781,0.06170,0.48896,0.03622,0.01436,0.06464,0.03737,0.02478,0.01441,0.00937,0.03091,0.00910,0.01972,0.00589,0.00986,0.00711,0.02589,0.00370
1454.2,0.01189,0.10331,0.04665,0.21223,0.12337,0.02762,0.12317,0.07196,0.03181,0.02985,0.05008,0.03611,0.23660,0.02501,0.00710,0.02281,0.01561,0.01062,0.00608,0.00462,0.01355,0.00469,0.00690,0.00457,0.00581,0.00582,0.01300,0.00321
1461.6,0.01110,0.07469,0.03581,0.14987,0.09175,0.02403,0.08681,0.05507,0.02647,0.02442,0.03921,0.02991,0.16870,0.02224,0.00500,0.01516,0.01094,0.00729,0.00496,0.00374,0.01039,0.00414,0.00456,0.00422,0.00513,0.00534,0.01018,0.00305
1469.1,0.01189,0.10317,0.04625,0.20312,0.13033,0.02975,0.12017,0.07668,0.03398,0.03244,0.05414,0.03924,0.22728,0.02670,0.00608,0.02381,0.01564,0.01107,0.00772,0.00562,0.01276,0.00526,0.00710,0.00473,0.00656,0.00679,0.01366,0.00333
1476.5,0.01066,0.06287,0.03118,0.11765,0.08089,0.02396,0.07040,0.04967,0.02515,0.02344,0.03635,0.02907,0.13333,0.02243,0.00395,0.01288,0.00950,0.00621,0.00460,0.00420,0.00864,0.00372,0.00416,0.00317,0.00494,0.00416,0.00834,0.00262
1484.0,0.01031,0.04480,0.02448,0.07802,0.05930,0.02068,0.04838,0.03750,0.02076,0.01896,0.02820,0.02387,0.08837,0.01983,0.00296,0.00783,0.00694,0.00409,0.00381,0.00325,0.00689,0.00334,0.00329,0.00311,0.00426,0.00411,0.00671,0.00256
1491.4,0.00894,0.01947,0.01449,0.02856,0.02746,0.01446,0.01934,0.01880,0.01306,0.01138,0.01508,0.01485,0.03244,0.01462,0.00200,0.00389,0.00571,0.00154,0.00233,0.00233,0.00462,0.00287,0.00255,0.00215,0.00326,0.00328,0.00453,0.00245
1498.9,0.00784,0.01096,0.01049,0.01444,0.01582,0.01070,0.01036,0.01131,0.00906,0.00764,0.00941,0.01026,0.01638,0.01120,0.00176,0.00331,0.00533,0.00118,0.00166,0.00203,0.00387,0.00245,0.00264,0.00171,0.00308,0.00249,0.00389,0.00208
1506.3,0.00661,0.00757,0.00823,0.00940,0.01111,0.00838,0.00697,0.00808,0.00691,0.00577,0.00685,0.00791,0.01069,0.00891,0.00169,0.00274,0.00389,0.00103,0.00137,0.00177,0.00284,0.00235,0.00220,0.00221,0.00340,0.00188,0.00391,0.00319
1513.8,0.00563,0.00567,0.00671,0.00681,0.00847,0.00676,0.00514,0.00618,0.00549,0.00458,0.00529,0.00641,0.00779,0.00727,0.00185,0.00257,0.00370,0.00120,0.00143,0.00173,0.00251,0.00207,0.00203,0.00205,0.00497,0.00189,0.00338,0.00316
1521.2,0.00462,0.00418,0.00533,0.00487,0.00640,0.00532,0.00375,0.00464,0.00426,0.00359,0.00401,0.00517,0.00563,0.00578,0.00167,0.00236,0.00342,0.00107,0.00135,0.00165,0.00235,0.00201,0.00190,0.00202,0.00414,0.00177,0.00310,0.00316
1528.7,0.00406,0.00344,0.00460,0.00393,0.00540,0.00455,0.00307,0.00386,0.00362,0.00308,0.00336,0.00455,0.00461,0.00499,0.00156,0.00229,0.00330,0.00079,0.00093,0.00136,0.00234,0.00197,0.00170,0.00180,0.00314,0.00214,0.00264,0.00282
1536.1,0.00353,0.00282,0.00394,0.00315,0.00458,0.00388,0.00250,0.00321,0.00306,0.00265,0.00281,0.00405,0.00376,0.00430,0.00152,0.00222,0.00308,0.00075,0.00086,0.00129,0.00224,0.00184,0.00174,0.00180,0.00268,0.00182,0.00271,0.00316
1543.5,0.00321,0.00251,0.00356,0.00277,0.00417,0.00349,0.00222,0.00287,0.00276,0.00243,0.00252,0.00378,0.00335,0.00388,0.00145,0.00194,0.00304,0.00073,0.00089,0.00119,0.00218,0.00171,0.00213,0.00175,0.00265,0.00195,0.00248,0.00254
1551.0,0.00295,0.00227,0.00327,0.00247,0.00386,0.00319,0.00202,0.00261,0.00253,0.00227,0.00231,0.00360,0.00305,0.00356,0.00163,0.00177,0.00294,0.00070,0.00088,0.00124,0.00200,0.00163,0.00169,0.00160,0.00285,0.00167,0.00247,0.00291
1558.4,0.00281,0.00214,0.00311,0.00231,0.00371,0.00303,0.00190,0.00247,0.00241,0.00218,0.00219,0.00349,0.00288,0.00339,0.00165,0.00183,0.00285,0.00066,0.00088,0.00119,0.00200,0.00172,0.00160,0.00153,0.00256,0.00174,0.00240,0.00307
1565.9,0.00297,0.00228,0.00329,0.00247,0.00389,0.00323,0.00202,0.00263,0.00254,0.00228,0.00233,0.00361,0.00306,0.00362,0.00146,0.00165,0.00277,0.00064,0.00100,0.00111,0.00168,0.00185,0.00159,0.00157,0.00241,0.00185,0.00271,0.00289
1573.3,0.00337,0.00259,0.00371,0.00283,0.00434,0.00375,0.00228,0.00299,0.00286,0.00252,0.00264,0.00392,0.00344,0.00421,0.00140,0.00141,0.00277,0.00063,0.00100,0.00110,0.00161,0.00191,0.00152,0.00148,0.00235,0.00180,0.00249,0.00283
1580.8,0.00314,0.00240,0.00346,0.00261,0.00406,0.00345,0.00213,0.00278,0.00267,0.00238,0.00246,0.00373,0.00321,0.00387,0.00143,0.00142,0.00279,0.00059,0.00099,0.00115,0.00161,0.00198,0.00133,0.00153,0.00258,0.00144,0.00237,0.00286
1588.2,0.00276,0.00210,0.00305,0.00226,0.00365,0.00296,0.00187,0.00243,0.00236,0.00215,0.00216,0.00345,0.00284,0.00332,0.00156,0.00161,0.00260,0.00056,0.00088,0.00108,0.00185,0.00204,0.00154,0.00180,0.00271,0.00145,0.00233,0.00288
1595.6,0.00282,0.00215,0.00311,0.00232,0.00372,0.00304,0.00192,0.00249,0.00241,0.00219,0.00222,0.00350,0.00291,0.00341,0.00165,0.00178,0.00269,0.00074,0.00098,0.00127,0.00179,0.00187,0.00146,0.00181,0.00257,0.00147,0.00263,0.00317
1603.1,0.00325,0.00248,0.00358,0.00270,0.00419,0.00359,0.00220,0.00287,0.00276,0.00245,0.00255,0.00382,0.00331,0.00404,0.00179,0.00157,0.00290,0.00068,0.00095,0.00134,0.00170,0.00184,0.00132,0.00163,0.00267,0.00152,0.00220,0.00272
1610.5,0.00303,0.00230,0.00333,0.00249,0.00394,0.00332,0.00205,0.00267,0.00257,0.00232,0.00238,0.00365,0.00309,0.00374,0.00164,0.00163,0.00281,0.00069,0.00089,0.00125,0.00173,0.00189,0.00141,0.00162,0.00237,0.00144,0.00200,0.00272
1618.0,0.00272,0.00205,0.00299,0.00220,0.00359,0.00291,0.00184,0.00238,0.00232,0.00213,0.00214,0.00341,0.00278,0.00329,0.00151,0.00164,0.00258,0.00068,0.00088,0.00104,0.00178,0.00168,0.00134,0.00165,0.00315,0.00161,0.00294,0.00286
1625.4,0.00265,0.00200,0.00292,0.00213,0.00351,0.00283,0.00179,0.00232,0.00226,0.00209,0.00209,0.00337,0.00271,0.00319,0.00147,0.00188,0.00233,0.00066,0.00083,0.00101,0.00180,0.00165,0.00145,0.00173,0.00269,0.00137,0.00258,0.00285
1632.9,0.00263,0.00199,0.00290,0.00212,0.00351,0.00281,0.00179,0.00231,0.00225,0.00208,0.00208,0.00336,0.00271,0.00318,0.00170,0.00166,0.00252,0.00072,0.00089,0.00096,0.00189,0.00160,0.00171,0.00171,0.00291,0.00166,0.00223,0.00288
1640.3,0.00273,0.00208,0.00301,0.00223,0.00363,0.00294,0.00187,0.00242,0.00233,0.00215,0.00217,0.00344,0.00282,0.00333,0.00183,0.00176,0.00237,0.00070,0.00094,0.00118,0.00186,0.00167,0.00142,0.00165,0.00326,0.00158,0.00213,0.00281
1647.7,0.00282,0.00216,0.00311,0.00232,0.00372,0.00304,0.00193,0.00250,0.00241,0.00220,0.00224,0.00349,0.00292,0.00343,0.00183,0.00183,0.00251,0.00070,0.00084,0.00110,0.00182,0.00161,0.00137,0.00162,0.00296,0.00140,0.00224,0.00290
1655.2,0.00282,0.00216,0.00311,0.00234,0.00372,0.00303,0.00194,0.00250,0.00241,0.00220,0.00224,0.00349,0.00293,0.00341,0.00175,0.00149,0.00259,0.00074,0.00097,0.00112,0.00176,0.00179,0.00130,0.00159,0.00302,0.00150,0.00251,0.00293
1662.6,0.00292,0.00224,0.00321,0.00243,0.00383,0.00314,0.00201,0.00259,0.00249,0.00225,0.00231,0.00356,0.00303,0.00353,0.00171,0.00132,0.00290,0.00073,0.00103,0.00123,0.00161,0.00192,0.00115,0.00151,0.00343,0.00139,0.00233,0.00266
1670.0,0.00288,0.00220,0.00316,0.00238,0.00377,0.00309,0.00197,0.00254,0.00245,0.00223,0.00228,0.00352,0.00298,0.00348,0.00174,0.00131,0.00302,0.00075,0.00095,0.00114,0.00158,0.00198,0.00128,0.00143,0.00331,0.00122,0.00279,0.00258
1677.5,0.00297,0.00226,0.00326,0.00245,0.00385,0.00317,0.00203,0.00261,0.00252,0.00227,0.00233,0.00358,0.00305,0.00355,0.00175,0.00150,0.00295,0.00076,0.00093,0.00102,0.00187,0.00192,0.00150,0.00169,0.00326,0.00126,0.00314,0.00321
1684.9,0.00302,0.00231,0.00331,0.00250,0.00391,0.00322,0.00207,0.00266,0.00256,0.00230,0.00237,0.00361,0.00311,0.00361,0.00199,0.00235,0.00284,0.00111,0.00088,0.00165,0.00184,0.00230,0.00148,0.00200,0.00330,0.00153,0.00219,0.00345
1692.4,0.00331,0.00260,0.00365,0.00286,0.00429,0.00358,0.00232,0.00297,0.00284,0.00251,0.00264,0.00385,0.00348,0.00399,0.00182,0.00213,0.00293,0.00111,0.00088,0.00155,0.00183,0.00255,0.00142,0.00194,0.00320,0.00160,0.00199,0.00310
1699.8,0.00342,0.00270,0.00377,0.00299,0.00442,0.00371,0.00241,0.00308,0.00293,0.00258,0.00273,0.00394,0.00362,0.00412,0.00197,0.00225,0.00317,0.00109,0.00086,0.00160,0.00164,0.00282,0.00142,0.00193,0.00305,0.00145,0.00202,0.00323
1707.2,0.00379,0.00308,0.00421,0.00346,0.00493,0.00417,0.00275,0.00349,0.00329,0.00285,0.00307,0.00426,0.00412,0.00461,0.00196,0.00260,0.00346,0.00098,0.00095,0.00154,0.00188,0.00251,0.00142,0.00213,0.00394,0.00187,0.00214,0.00353
1714.7,0.00394,0.00322,0.00439,0.00365,0.00512,0.00434,0.00288,0.00365,0.00343,0.00296,0.00320,0.00439,0.00432,0.00478,0.00197,0.00223,0.00328,0.00102,0.00091,0.00152,0.00189,0.00278,0.00143,0.00223,0.00358,0.00156,0.00226,0.00350
1722.1,0.00448,0.00385,0.00506,0.00444,0.00599,0.00506,0.00346,0.00432,0.00401,0.00341,0.00377,0.00494,0.00519,0.00554,0.00191,0.00240,0.00371,0.00106,0.00097,0.00160,0.00207,0.00273,0.00179,0.00230,0.00395,0.00191,0.00237,0.00371
1729.5,0.00493,0.00433,0.00560,0.00505,0.00664,0.00562,0.00390,0.00484,0.00444,0.00375,0.00419,0.00537,0.00586,0.00613,0.00201,0.00232,0.00364,0.00114,0.00108,0.00170,0.00210,0.00292,0.00145,0.00232,0.00376,0.00160,0.00240,0.00371
1737.0,0.00565,0.00528,0.00654,0.00631,0.00795,0.00658,0.00480,0.00583,0.00525,0.00441,0.00501,0.00618,0.00727,0.00713,0.00205,0.00237,0.00404,0.00104,0.00114,0.00156,0.00213,0.00267,0.00149,0.00220,0.00360,0.00162,0.00217,0.00337
1744.4,0.00624,0.00615,0.00735,0.00749,0.00914,0.00741,0.00563,0.00672,0.00597,0.00499,0.00574,0.00690,0.00857,0.00798,0.00208,0.00255,0.00412,0.00092,0.00107,0.00166,0.00223,0.00266,0.00145,0.00214,0.00333,0.00176,0.00268,0.00321
1751.8,0.00696,0.00707,0.00826,0.00877,0.01037,0.00826,0.00651,0.00762,0.00669,0.00558,0.00648,0.00764,0.01000,0.00889,0.00215,0.00262,0.00470,0.00100,0.00122,0.00166,0.00249,0.00284,0.00131,0.00216,0.00322,0.00174,0.00312,0.00330
1759.3,0.00761,0.00838,0.00926,0.01069,0.01215,0.00928,0.00783,0.00888,0.00759,0.00635,0.00749,0.00861,0.01215,0.00993,0.00237,0.00333,0.00546,0.00111,0.00158,0.00179,0.00292,0.00284,0.00157,0.00220,0.00313,0.00192,0.00368,0.00291
1766.7,0.00849,0.01132,0.01104,0.01540,0.01615,0.01107,0.01087,0.01160,0.00927,0.00785,0.00961,0.01048,0.01746,0.01168,0.00278,0.00446,0.00628,0.00133,0.00170,0.00197,0.00394,0.00277,0.00190,0.00241,0.00306,0.00242,0.00430,0.00341
1967.3,0.00205,0.00444,0.00556,0.00453,0.01261,0.00569,0.00477,0.00534,0.00490,0.00569,0.00470,0.00920,0.01063,0.00696,0.00130,0.00317,0.00394,0.00089,0.00147,0.00161,0.00328,0.00345,0.00191,0.00365,0.00519,0.00265,0.00422,0.00270
1974.7,0.00202,0.00422,0.00516,0.00437,0.01143,0.00540,0.00446,0.00505,0.00446,0.00511,0.00440,0.00788,0.00992,0.00650,0.00110,0.00300,0.00377,0.00087,0.00137,0.00159,0.00309,0.00345,0.00171,0.00329,0.00520,0.00247,0.00391,0.00256
1982.1,0.00201,0.00401,0.00484,0.00422,0.01042,0.00514,0.00417,0.00478,0.00412,0.00466,0.00413,0.00696,0.00926,0.00612,0.00098,0.00308,0.00363,0.00086,0.00138,0.00156,0.00296,0.00326,0.00160,0.00313,0.00474,0.00234,0.00360,0.00258
1989.5,0.00202,0.00383,0.00461,0.00409,0.00966,0.00491,0.00394,0.00455,0.00389,0.00436,0.00392,0.00651,0.00864,0.00581,0.00087,0.00297,0.00348,0.00084,0.00130,0.00150,0.00279,0.00313,0.00163,0.00319,0.00459,0.00205,0.00337,0.00263
1996.9,0.00203,0.00374,0.00454,0.00400,0.00944,0.00474,0.00385,0.00442,0.00387,0.00433,0.00384,0.00694,0.00821,0.00563,0.00091,0.00276,0.00305,0.00081,0.00128,0.00150,0.00257,0.00299,0.00147,0.00323,0.00435,0.00188,0.00325,0.00252
2004.4,0.00197,0.00353,0.00418,0.00387,0.00854,0.00433,0.00362,0.00412,0.00361,0.00401,0.00361,0.00686,0.00722,0.00518,0.00085,0.00236,0.00312,0.00077,0.00116,0.00131,0.00228,0.00253,0.00178,0.00298,0.00404,0.00189,0.00274,0.00262
2011.8,0.00197,0.00333,0.00383,0.00374,0.00759,0.00396,0.00339,0.00382,0.00334,0.00364,0.00339,0.00650,0.00624,0.00469,0.00095,0.00227,0.00304,0.00078,0.00108,0.00128,0.00197,0.00246,0.00154,0.00277,0.00382,0.00180,0.00281,0.00228
2019.2,0.00194,0.00311,0.00344,0.00359,0.00650,0.00364,0.00313,0.00352,0.00301,0.00319,0.00316,0.00577,0.00525,0.00424,0.00094,0.00212,0.00257,0.00071,0.00093,0.00123,0.00195,0.00226,0.00133,0.00232,0.00360,0.00180,0.00248,0.00197
2026.6,0.00190,0.00288,0.00315,0.00340,0.00549,0.00347,0.00280,0.00324,0.00268,0.00276,0.00288,0.00477,0.00448,0.00398,0.00083,0.00191,0.00241,0.00068,0.00088,0.00113,0.00180,0.00235,0.00114,0.00214,0.00323,0.00177,0.00237,0.00192
2034.0,0.00189,0.00274,0.00307,0.00326,0.00495,0.00348,0.00258,0.00309,0.00254,0.00257,0.00272,0.00424,0.00404,0.00401,0.00073,0.00157,0.00244,0.00067,0.00095,0.00101,0.00163,0.00243,0.00104,0.00208,0.00347,0.00180,0.00230,0.00185
2041.4,0.00190,0.00271,0.00315,0.00320,0.00494,0.00362,0.00254,0.00309,0.00255,0.00258,0.00270,0.00415,0.00401,0.00422,0.00084,0.00143,0.00289,0.00068,0.00098,0.00097,0.00162,0.00259,0.00111,0.00228,0.00315,0.00145,0.00256,0.00163
2048.9,0.00193,0.00279,0.00344,0.00321,0.00559,0.00391,0.00264,0.00323,0.00279,0.00290,0.00284,0.00476,0.00440,0.00465,0.00085,0.00151,0.00288,0.00065,0.00099,0.00099,0.00157,0.00279,0.00110,0.00284,0.00298,0.00158,0.00264,0.00213
2056.3,0.00204,0.00295,0.00383,0.00328,0.00649,0.00428,0.00284,0.00347,0.00312,0.00332,0.00306,0.00554,0.00501,0.00519,0.00137,0.00174,0.00362,0.00069,0.00105,0.00127,0.00160,0.00275,0.00148,0.00222,0.00366,0.00185,0.00331,0.00300
2063.7,0.00207,0.00312,0.00412,0.00340,0.00708,0.00459,0.00306,0.00370,0.00336,0.00361,0.00330,0.00593,0.00549,0.00561,0.00128,0.00204,0.00375,0.00066,0.00111,0.00147,0.00177,0.00265,0.00146,0.00224,0.00373,0.00186,0.00336,0.00295
2071.1,0.00787,0.00742,0.00908,0.00881,0.01208,0.01062,0.00654,0.00852,0.00722,0.00630,0.00736,0.00919,0.01028,0.01220,0.00213,0.00219,0.00372,0.00076,0.00198,0.00171,0.00171,0.00237,0.00174,0.00254,0.00272,0.00272,0.00277,0.00259
2078.5,0.00542,0.00462,0.00610,0.00534,0.00745,0.00659,0.00407,0.00531,0.00477,0.00410,0.00460,0.00603,0.00624,0.00742,0.00172,0.00250,0.00329,0.00067,0.00149,0.00167,0.00144,0.00228,0.00147,0.00247,0.00209,0.00244,0.00297,0.00238
2085.9,0.00447,0.00368,0.00500,0.00420,0.00601,0.00524,0.00324,0.00423,0.00387,0.00334,0.00367,0.00502,0.00494,0.00586,0.00164,0.00244,0.00293,0.00062,0.00115,0.00160,0.00140,0.00232,0.00157,0.00233,0.00176,0.00160,0.00266,0.00222
2093.4,0.00388,0.00317,0.00435,0.00360,0.00523,0.00443,0.00280,0.00364,0.00337,0.00292,0.00315,0.00446,0.00426,0.00491,0.00151,0.00218,0.00293,0.00062,0.00116,0.00151,0.00143,0.00212,0.00175,0.00228,0.00228,0.00153,0.00249,0.00253
2100.8,0.00380,0.00314,0.00429,0.00359,0.00515,0.00429,0.00279,0.00359,0.00334,0.00287,0.00310,0.00438,0.00424,0.00471,0.00147,0.00221,0.00290,0.00067,0.00124,0.00153,0.00135,0.00203,0.00147,0.00210,0.00268,0.00172,0.00283,0.00208
2108.2,0.00337,0.00264,0.00375,0.00297,0.00448,0.00371,0.00234,0.00304,0.00288,0.00251,0.00264,0.00395,0.00356,0.00409,0.00146,0.00229,0.00263,0.00061,0.00114,0.00162,0.00142,0.00182,0.00151,0.00217,0.00216,0.00154,0.00243,0.00222
2115.6,0.00359,0.00288,0.00402,0.00327,0.00478,0.00397,0.00255,0.00329,0.00310,0.00267,0.00285,0.00413,0.00388,0.00436,0.00136,0.00220,0.00243,0.00060,0.00112,0.00146,0.00139,0.00196,0.00141,0.00203,0.00212,0.00162,0.00245,0.00204
2123.0,0.00347,0.00278,0.00389,0.00315,0.00465,0.00383,0.00247,0.00318,0.00301,0.00260,0.00276,0.00405,0.00375,0.00420,0.00130,0.00215,0.00260,0.00065,0.00112,0.00136,0.00138,0.00202,0.00133,0.00225,0.00238,0.00181,0.00224,0.00219
2130.4,0.00303,0.00232,0.00337,0.00257,0.00406,0.00328,0.00205,0.00268,0.00257,0.00227,0.00234,0.00368,0.00314,0.00362,0.00133,0.00208,0.00298,0.00065,0.00114,0.00130,0.00140,0.00199,0.00137,0.00217,0.00252,0.00164,0.00233,0.00179
2137.8,0.00294,0.00220,0.00325,0.00243,0.00392,0.00315,0.00195,0.00255,0.00247,0.00219,0.00223,0.00356,0.00299,0.00348,0.00151,0.00222,0.00297,0.00064,0.00107,0.00129,0.00147,0.00196,0.00157,0.00227,0.00235,0.00192,0.00236,0.00204
2145.2,0.00308,0.00232,0.00341,0.00257,0.00407,0.00330,0.00205,0.00268,0.00259,0.00227,0.00235,0.00363,0.00313,0.00365,0.00168,0.00216,0.00281,0.00055,0.00121,0.00155,0.00145,0.00253,0.00122,0.00354,0.00239,0.00205,0.00334,0.00222
2152.6,0.00404,0.00333,0.00455,0.00383,0.00537,0.00447,0.00297,0.00378,0.00353,0.00299,0.00326,0.00444,0.00450,0.00489,0.00151,0.00207,0.00273,0.00057,0.00133,0.00147,0.00123,0.00207,0.00118,0.00286,0.00241,0.00204,0.00258,0.00200
2160.1,0.00377,0.00304,0.00422,0.00346,0.00498,0.00415,0.00270,0.00346,0.00326,0.00278,0.00300,0.00416,0.00409,0.00455,0.00153,0.00224,0.00278,0.00058,0.00125,0.00146,0.00110,0.00203,0.00137,0.00251,0.00222,0.00221,0.00282,0.00203
2167.5,0.00355,0.00281,0.00396,0.00318,0.00468,0.00389,0.00249,0.00322,0.00305,0.00261,0.00280,0.00395,0.00378,0.00428,0.00154,0.00272,0.00291,0.00060,0.00121,0.00156,0.00108,0.00211,0.00161,0.00249,0.00209,0.00218,0.00326,0.00216
2174.9,0.00364,0.00292,0.00407,0.00331,0.00480,0.00399,0.00259,0.00332,0.00314,0.00268,0.00289,0.00401,0.00392,0.00439,0.00146,0.00271,0.00275,0.00058,0.00117,0.00145,0.00114,0.00284,0.00157,0.00252,0.00195,0.00228,0.00318,0.00214
2182.3,0.00399,0.00333,0.00450,0.00383,0.00534,0.00444,0.00297,0.00377,0.00351,0.00297,0.00326,0.00435,0.00448,0.00485,0.00146,0.00262,0.00284,0.00060,0.00135,0.00143,0.00121,0.00309,0.00199,0.00252,0.00239,0.00209,0.00302,0.00199
2189.7,0.00387,0.00318,0.00434,0.00364,0.00512,0.00427,0.00283,0.00361,0.00338,0.00286,0.00313,0.00420,0.00427,0.00467,0.00157,0.00263,0.00308,0.00064,0.00128,0.00144,0.00119,0.00272,0.00159,0.00257,0.00244,0.00220,0.00313,0.00223
2197.1,0.00419,0.00351,0.00472,0.00405,0.00561,0.00472,0.00312,0.00398,0.00368,0.00311,0.00344,0.00451,0.00473,0.00518,0.00150,0.00259,0.00368,0.00061,0.00125,0.00149,0.00118,0.00278,0.00150,0.00285,0.00235,0.00246,0.00297,0.00225
2204.5,0.00397,0.00322,0.00442,0.00369,0.00521,0.00443,0.00286,0.00367,0.00342,0.00290,0.00319,0.00424,0.00433,0.00489,0.00162,0.00250,0.00370,0.00065,0.00139,0.00194,0.00117,0.00433,0.00154,0.00378,0.00265,0.00288,0.00426,0.00246
2211.9,0.00348,0.00268,0.00382,0.00301,0.00442,0.00373,0.00237,0.00306,0.00292,0.00250,0.00268,0.00374,0.00357,0.00412,0.00150,0.00228,0.00358,0.00066,0.00132,0.00198,0.00115,0.00355,0.00140,0.00297,0.00289,0.00252,0.00404,0.00255
2219.3,0.00344,0.00261,0.00376,0.00293,0.00435,0.00368,0.00231,0.00300,0.00287,0.00247,0.00262,0.00376,0.00350,0.00408,0.00158,0.00211,0.00376,0.00066,0.00121,0.00141,0.00104,0.00222,0.00138,0.00193,0.00260,0.00184,0.00238,0.00204
2226.7,0.00332,0.00247,0.00361,0.00276,0.00418,0.00353,0.00218,0.00285,0.00273,0.00238,0.00250,0.00368,0.00332,0.00393,0.00152,0.00209,0.00385,0.00065,0.00122,0.00130,0.00104,0.00240,0.00153,0.00263,0.00272,0.00218,0.00238,0.00203
2234.1,0.00335,0.00247,0.00363,0.00274,0.00419,0.00356,0.00217,0.00286,0.00274,0.00238,0.00250,0.00371,0.00331,0.00398,0.00208,0.00154,0.00313,0.00068,0.00112,0.00128,0.00106,0.00258,0.00158,0.00203,0.00289,0.00158,0.00233,0.00258
2241.5,0.00351,0.00260,0.00381,0.00291,0.00437,0.00376,0.00229,0.00301,0.00287,0.00248,0.00263,0.00384,0.00348,0.00420,0.00203,0.00157,0.00352,0.00067,0.00117,0.00117,0.00100,0.00214,0.00159,0.00166,0.00248,0.00159,0.00219,0.00204
2248.9,0.00380,0.00283,0.00412,0.00318,0.00469,0.00411,0.00249,0.00327,0.00311,0.00267,0.00286,0.00408,0.00378,0.00459,0.00198,0.00167,0.00333,0.00067,0.00113,0.00108,0.00098,0.00190,0.00159,0.00164,0.00221,0.00155,0.00193,0.00217
2256.3,0.00397,0.00297,0.00431,0.00334,0.00491,0.00434,0.00261,0.00343,0.00325,0.00277,0.00299,0.00423,0.00397,0.00485,0.00214,0.00211,0.00353,0.00064,0.00125,0.00109,0.00109,0.00198,0.00187,0.00154,0.00280,0.00167,0.00195,0.00171
2263.7,0.00429,0.00326,0.00467,0.00369,0.00531,0.00473,0.00287,0.00375,0.00354,0.00300,0.00327,0.00452,0.00434,0.00529,0.00214,0.00206,0.00340,0.00065,0.00119,0.00108,0.00118,0.00172,0.00187,0.00172,0.00245,0.00171,0.00196,0.00170
2271.1,0.00441,0.00338,0.00481,0.00384,0.00548,0.00488,0.00298,0.00388,0.00365,0.00309,0.00338,0.00462,0.00451,0.00545,0.00212,0.00198,0.00348,0.00064,0.00127,0.00114,0.00105,0.00183,0.00200,0.00181,0.00257,0.00164,0.00225,0.00181
2278.5,0.00444,0.00338,0.00484,0.00384,0.00547,0.00490,0.00298,0.00389,0.00367,0.00309,0.00338,0.00463,0.00451,0.00547,0.00207,0.00204,0.00326,0.00066,0.00125,0.00108,0.00100,0.00171,0.00176,0.00200,0.00278,0.00163,0.00234,0.00164
2285.9,0.00475,0.00370,0.00521,0.00424,0.00592,0.00530,0.00327,0.00423,0.00396,0.00333,0.00367,0.00492,0.00495,0.00591,0.00204,0.00224,0.00344,0.00066,0.00122,0.00102,0.00120,0.00172,0.00174,0.00194,0.00263,0.00162,0.00183,0.00181
2293.3,0.00545,0.00451,0.00607,0.00527,0.00711,0.00630,0.00400,0.00511,0.00467,0.00392,0.00442,0.00570,0.00613,0.00703,0.00198,0.00206,0.00330,0.00072,0.00140,0.00114,0.00122,0.00178,0.00164,0.00210,0.00250,0.00192,0.00204,0.00200
2300.7,0.00581,0.00470,0.00641,0.00546,0.00752,0.00649,0.00420,0.00535,0.00494,0.00415,0.00465,0.00602,0.00646,0.00740,0.00181,0.00197,0.00330,0.00072,0.00138,0.00109,0.00128,0.00165,0.00141,0.00224,0.00235,0.00180,0.00186,0.00196
2308.1,0.00554,0.00444,0.00610,0.00516,0.00700,0.00602,0.00399,0.00502,0.00469,0.00392,0.00437,0.00565,0.00608,0.00678,0.00170,0.00205,0.00343,0.00066,0.00143,0.00109,0.00139,0.00171,0.00156,0.00237,0.00252,0.00178,0.00216,0.00200
2315.5,0.00605,0.00509,0.00674,0.00600,0.00805,0.00677,0.00460,0.00574,0.00525,0.00441,0.00498,0.00633,0.00710,0.00767,0.00165,0.00213,0.00328,0.00070,0.00166,0.00109,0.00133,0.00174,0.00158,0.00259,0.00254,0.00239,0.00265,0.00206
2322.9,0.00679,0.00620,0.00774,0.00747,0.00976,0.00778,0.00571,0.00691,0.00616,0.00522,0.00598,0.00737,0.00893,0.00882,0.00162,0.00181,0.00267,0.00079,0.00166,0.00121,0.00145,0.00166,0.00172,0.00194,0.00220,0.00202,0.00220,0.00184
2330.3,0.00687,0.00595,0.00770,0.00713,0.00926,0.00756,0.00548,0.00662,0.00604,0.00506,0.00574,0.00711,0.00846,0.00855,0.00166,0.00199,0.00268,0.00073,0.00150,0.00114,0.00133,0.00168,0.00174,0.00179,0.00231,0.00174,0.00180,0.00161
2337.7,0.00769,0.00723,0.00884,0.00881,0.01141,0.00878,0.00676,0.00798,0.00708,0.00599,0.00690,0.00840,0.01067,0.01003,0.00155,0.00197,0.00258,0.00080,0.00168,0.00117,0.00136,0.00172,0.00162,0.00175,0.00213,0.00195,0.00189,0.00168
2345.1,0.00868,0.00892,0.01025,0.01106,0.01442,0.01023,0.00856,0.00976,0.00838,0.00723,0.00845,0.01012,0.01386,0.01184,0.00157,0.00226,0.00258,0.00082,0.00175,0.00129,0.00151,0.00147,0.00170,0.00175,0.00205,0.00207,0.00206,0.00183
2352.5,0.00902,0.01006,0.01096,0.01258,0.01637,0.01086,0.00988,0.01086,0.00916,0.00796,0.00939,0.01108,0.01619,0.01253,0.00161,0.00238,0.00239,0.00086,0.00218,0.00119,0.00172,0.00168,0.00174,0.00187,0.00211,0.00227,0.00251,0.00170
2359.9,0.00914,0.00934,0.01075,0.01168,0.01467,0.01027,0.00912,0.01003,0.00877,0.00745,0.00866,0.01026,0.01468,0.01174,0.00155,0.00249,0.00256,0.00084,0.00178,0.00116,0.00159,0.00184,0.00192,0.00198,0.00211,0.00203,0.00223,0.00162
2367.3,0.00951,0.01081,0.01160,0.01362,0.01738,0.01116,0.01084,0.01147,0.00973,0.00839,0.00991,0.01157,0.01782,0.01283,0.00162,0.00252,0.00243,0.00091,0.00200,0.00119,0.00166,0.00190,0.00169,0.00177,0.00246,0.00237,0.00267,0.00178
2374.7,0.00981,0.01240,0.01248,0.01566,0.02066,0.01204,0.01285,0.01305,0.01072,0.00941,0.01128,0.01301,0.02168,0.01393,0.00165,0.00256,0.00246,0.00095,0.00200,0.00118,0.00165,0.00190,0.00173,0.00167,0.00191,0.00209,0.00223,0.00165
2382.1,0.00962,0.01451,0.01315,0.01819,0.02478,0.01232,0.01601,0.01494,0.01173,0.01053,0.01289,0.01418,0.02737,0.01394,0.00176,0.00241,0.00251,0.00097,0.00238,0.00127,0.00215,0.00221,0.00180,0.00193,0.00194,0.00270,0.00291,0.00168
2389.5,0.01006,0.01489,0.01361,0.01863,0.02537,0.01251,0.01663,0.01521,0.01202,0.01075,0.01312,0.01443,0.02848,0.01421,0.00170,0.00219,0.00286,0.00091,0.00235,0.00128,0.00213,0.00240,0.00169,0.00225,0.00214,0.00249,0.00295,0.00177
2396.9,0.01052,0.01464,0.01386,0.01839,0.02439,0.01248,0.01629,0.01487,0.01206,0.01058,0.01281,0.01419,0.02771,0.01419,0.00164,0.00222,0.00331,0.00083,0.00212,0.00118,0.00195,0.00215,0.00170,0.00192,0.00219,0.00195,0.00288,0.00153
2404.3,0.01018,0.01595,0.01414,0.01974,0.02742,0.01269,0.01845,0.01610,0.01264,0.01129,0.01387,0.01500,0.03166,0.01431,0.00168,0.00220,0.00327,0.00084,0.00260,0.00127,0.00231,0.00234,0.00187,0.00212,0.00222,0.00243,0.00335,0.00165
2411.7,0.00961,0.01842,0.01480,0.02169,0.03506,0.01323,0.02274,0.01878,0.01399,0.01300,0.01633,0.01698,0.03939,0.01468,0.00195,0.00197,0.00287,0.00089,0.00330,0.00125,0.00282,0.00228,0.00201,0.00243,0.00243,0.00288,0.00307,0.00194
2419.1,0.00955,0.01976,0.01540,0.02253,0.04016,0.01359,0.02528,0.02030,0.01489,0.01400,0.01774,0.01814,0.04382,0.01501,0.00219,0.00216,0.00305,0.00078,0.00399,0.00142,0.00321,0.00240,0.00217,0.00290,0.00294,0.00343,0.00326,0.00203
2426.4,0.01059,0.01849,0.01554,0.02193,0.03362,0.01308,0.02312,0.01833,0.01403,0.01251,0.01573,0.01631,0.04005,0.01458,0.00174,0.00235,0.00270,0.00079,0.00292,0.00112,0.00305,0.00208,0.00177,0.00222,0.00236,0.00264,0.00304,0.00169
2433.8,0.01009,0.01940,0.01566,0.02244,0.03677,0.01333,0.02475,0.01941,0.01474,0.01329,0.01677,0.01721,0.04261,0.01475,0.00191,0.00278,0.00332,0.00075,0.00363,0.00133,0.00290,0.00248,0.00217,0.00269,0.00234,0.00319,0.00328,0.00199
2441.2,0.01015,0.01981,0.01582,0.02279,0.03804,0.01324,0.02565,0.01982,0.01476,0.01342,0.01705,0.01717,0.04456,0.01459,0.00175,0.00295,0.00327,0.00069,0.00377,0.00117,0.00304,0.00237,0.00195,0.00285,0.00201,0.00374,0.00345,0.00185
2448.6,0.00968,0.02325,0.01746,0.02378,0.06361,0.01596,0.03113,0.02590,0.02024,0.02042,0.02447,0.02638,0.05217,0.01748,0.00327,0.00417,0.00469,0.00052,0.00576,0.00199,0.00424,0.00296,0.00400,0.00464,0.00311,0.00588,0.00342,0.00282
2456.0,0.00994,0.02272,0.01723,0.02397,0.05496,0.01434,0.03056,0.02423,0.01765,0.01682,0.02153,0.02101,0.05317,0.01545,0.00243,0.00345,0.00409,0.00054,0.00467,0.00144,0.00377,0.00257,0.00263,0.00421,0.00275,0.00494,0.00381,0.00215
2463.4,0.01011,0.02372,0.01796,0.02435,0.06252,0.01499,0.03198,0.02591,0.01907,0.01849,0.02345,0.02305,0.05601,0.01601,0.00277,0.00379,0.00445,0.00048,0.00463,0.00154,0.00437,0.00256,0.00303,0.00376,0.00276,0.00386,0.00375,0.00204
2470.8,0.01015,0.02549,0.01927,0.02484,0.08387,0.01727,0.03428,0.02977,0.02378,0.02513,0.02882,0.03179,0.05998,0.01836,0.00344,0.00439,0.00520,0.00043,0.00503,0.00194,0.00543,0.00277,0.00407,0.00457,0.00325,0.00474,0.00343,0.00248
2478.2,0.01095,0.02685,0.02128,0.02530,0.09770,0.02051,0.03576,0.03221,0.02996,0.03413,0.03269,0.04666,0.06333,0.02237,0.00395,0.00512,0.00655,0.00041,0.00407,0.00229,0.00546,0.00271,0.00541,0.00556,0.00340,0.00663,0.00357,0.00276
2485.5,0.01366,0.02848,0.02632,0.02583,0.10659,0.02619,0.03723,0.03400,0.04189,0.04867,0.03535,0.09561,0.06692,0.03280,0.00510,0.00586,0.00882,0.00039,0.00341,0.00229,0.00527,0.00277,0.00889,0.00451,0.00347,0.00694,0.00374,0.00283
2492.9,0.01462,0.02949,0.02857,0.02642,0.11214,0.02812,0.03841,0.03527,0.04495,0.05205,0.03636,0.10940,0.07082,0.03689,0.00472,0.00502,0.00906,0.00041,0.00373,0.00219,0.00531,0.00313,0.00699,0.00461,0.00352,0.00537,0.00428,0.00275
