kind,seed,missing_groups,miou
dcs,0,0,54.72839295402721
dcs,0,1,53.88826758752584
dcs,0,1,52.68215758233079
dcs,0,1,54.42571498510116
dcs,0,1,54.13212108783505
dcs,0,1,53.48512552149094
dcs,0,1,50.43877198080835
dcs,0,1,49.78519167330508
dcs,0,2,49.64869172087941
dcs,0,2,53.48762972454162
dcs,0,2,52.65031686418267
dcs,0,2,52.82917908512697
dcs,0,2,49.796911392443995
dcs,0,2,47.88343226718016
dcs,0,2,51.59015793814813
dcs,0,2,51.846234044807105
dcs,0,2,51.037929402912184
dcs,0,2,48.04667956061393
dcs,0,2,47.21132442497667
dcs,0,2,53.22832897359873
dcs,0,2,53.167301282749634
dcs,0,2,49.71176220486718
dcs,0,2,48.078750877496304
dcs,0,2,52.43592903994716
dcs,0,2,49.323956348533486
dcs,0,2,48.87795928388164
dcs,0,2,49.63400105118967
dcs,0,2,48.40495282899045
dcs,0,2,43.269561796530766
dcs,0,3,47.71058275302721
dcs,0,3,47.92959609736011
dcs,0,3,47.602502481458025
dcs,0,3,44.904422307781374
dcs,0,3,42.57370337810937
dcs,0,3,51.40312079625462
dcs,0,3,52.13641214940975
dcs,0,3,49.30133788845205
dcs,0,3,45.974518502522166
dcs,0,3,51.495323800624334
dcs,0,3,48.00746614211806
dcs,0,3,46.607598704179296
dcs,0,3,49.14497534729434
dcs,0,3,46.99078216120215
dcs,0,3,41.72532527268868
dcs,0,3,49.80971262027928
dcs,0,3,49.53065393007616
dcs,0,3,46.01315623641484
dcs,0,3,43.93235498462346
dcs,0,3,49.55164871884545
dcs,0,3,46.96120129244778
dcs,0,3,46.678875316498505
dcs,0,3,46.141162690470985
dcs,0,3,45.603550656025845
dcs,0,3,40.57783579631867
dcs,0,3,50.33779267269243
dcs,0,3,47.99740275252632
dcs,0,3,44.76667606265151
dcs,0,3,48.30214159739927
dcs,0,3,46.00529773304258
dcs,0,3,41.192111284672364
dcs,0,3,47.78078367868609
dcs,0,3,47.10611685425879
dcs,0,3,41.9488877070579
dcs,0,3,42.703328956081876
dcs,0,4,39.779388526551976
dcs,0,4,45.21396748280363
dcs,0,4,40.84954987879233
dcs,0,4,38.37461404158815
dcs,0,4,46.00680916365043
dcs,0,4,43.20482618666816
dcs,0,4,41.45006889006741
dcs,0,4,42.93094505520705
dcs,0,4,39.918911241432234
dcs,0,4,33.411352085351375
dcs,0,4,48.81603346822361
dcs,0,4,46.74386207351267
dcs,0,4,42.24149149071936
dcs,0,4,47.622064554837515
dcs,0,4,44.80277503792456
dcs,0,4,39.563415781785615
dcs,0,4,47.13342321202331
dcs,0,4,44.92907043248013
dcs,0,4,39.73257680476369
dcs,0,4,41.55987026732999
dcs,0,4,46.54275651697669
dcs,0,4,43.285449363643345
dcs,0,4,38.55932562312824
dcs,0,4,43.320038059804155
dcs,0,4,41.95432063354572
dcs,0,4,36.21229010371479
dcs,0,4,44.25256775134715
dcs,0,4,45.00588936494194
dcs,0,4,39.49577657960704
dcs,0,4,39.56670528997302
dcs,0,4,44.62459995911415
dcs,0,4,40.24366194455261
dcs,0,4,37.650204980149866
dcs,0,4,39.901137966756785
dcs,0,4,40.51362851318693
dcs,0,5,33.95927938976626
dcs,0,5,32.97154095389324
dcs,0,5,29.930750067238986
dcs,0,5,38.9442135854909
dcs,0,5,34.094789265945316
dcs,0,5,27.85026671138975
dcs,0,5,41.11375638010856
dcs,0,5,38.63562994016023
dcs,0,5,32.55576850683473
dcs,0,5,31.673522912799534
dcs,0,5,43.52139523316165
dcs,0,5,37.13633155806427
dcs,0,5,35.8676235276367
dcs,0,5,37.95475037975809
dcs,0,5,38.5549590226051
dcs,0,5,40.03549908601152
dcs,0,5,34.671847015487934
dcs,0,5,31.467325067141772
dcs,0,5,34.54059146804644
dcs,0,5,38.04643715665516
dcs,0,5,31.80623521526208
dcs,1,0,55.40649771053601
dcs,1,1,54.255147650876125
dcs,1,1,52.95873592710571
dcs,1,1,54.618113449322834
dcs,1,1,54.59656787181307
dcs,1,1,54.29885529700261
dcs,1,1,51.05337581501795
dcs,1,1,50.10856053143956
dcs,1,2,49.74493418714796
dcs,1,2,53.384703564873945
dcs,1,2,53.35101380487247
dcs,1,2,53.06095668770927
dcs,1,2,50.14088887329293
dcs,1,2,48.29522369360515
dcs,1,2,51.45732408042261
dcs,1,2,51.80418445106872
dcs,1,2,51.50029983814183
dcs,1,2,47.76069729030481
dcs,1,2,47.76866578902542
dcs,1,2,52.61769800977276
dcs,1,2,53.26990964348699
dcs,1,2,49.8326600340394
dcs,1,2,48.478297995584676
dcs,1,2,52.94948943741977
dcs,1,2,50.105504306388774
dcs,1,2,47.981871170542604
dcs,1,2,49.98469683047856
dcs,1,2,49.074040865099974
dcs,1,2,44.788871498457006
dcs,1,3,47.345135219809265
dcs,1,3,48.01499306720171
dcs,1,3,48.65393876741676
dcs,1,3,44.51493096150962
dcs,1,3,43.325383424802624
dcs,1,3,50.90188142010308
dcs,1,3,52.01570650750558
dcs,1,3,48.52351726469038
dcs,1,3,46.954876679333154
dcs,1,3,52.01198659839606
dcs,1,3,49.30047258854301
dcs,1,3,46.54128395881853
dcs,1,3,49.026871797565235
dcs,1,3,47.371647150567355
dcs,1,3,42.844601561322484
dcs,1,3,49.03990536862533
dcs,1,3,49.686481857337625
dcs,1,3,45.93463155860316
dcs,1,3,44.29590681922918
dcs,1,3,49.84635249349643
dcs,1,3,46.635084768507696
dcs,1,3,45.50391559945915
dcs,1,3,46.627124098703064
dcs,1,3,46.363281821152256
dcs,1,3,41.10653568305272
dcs,1,3,50.02036533109685
dcs,1,3,47.95769434105904
dcs,1,3,43.1039677502916
dcs,1,3,48.45586065242474
dcs,1,3,46.95047135502614
dcs,1,3,43.27055730595232
dcs,1,3,48.82820969595235
dcs,1,3,46.63148913794338
dcs,1,3,42.535292386493765
dcs,1,3,43.801957176521746
dcs,1,4,39.003080011619296
dcs,1,4,45.322807488549586
dcs,1,4,41.480586409110096
dcs,1,4,38.00743502966743
dcs,1,4,46.79466341851496
dcs,1,4,43.54084891210096
dcs,1,4,40.68261444639828
dcs,1,4,43.29810020757235
dcs,1,4,40.509895449529374
dcs,1,4,34.010559581687644
dcs,1,4,48.36224626972204
dcs,1,4,46.53798976318505
dcs,1,4,41.63245316005669
dcs,1,4,47.22418684030887
dcs,1,4,45.14181534717706
dcs,1,4,41.44756660808423
dcs,1,4,48.08349401665301
dcs,1,4,45.32001025354171
dcs,1,4,40.752029495653964
dcs,1,4,41.72975872172196
dcs,1,4,45.954309135333304
dcs,1,4,43.93101449818095
dcs,1,4,36.91025945954964
dcs,1,4,43.51475647933028
dcs,1,4,41.75852764250898
dcs,1,4,36.027605512674654
dcs,1,4,44.840117072563615
dcs,1,4,43.89256082628521
dcs,1,4,38.645195034631016
dcs,1,4,39.514098170234774
dcs,1,4,45.07737880493621
dcs,1,4,38.60356953208384
dcs,1,4,38.382277207392875
dcs,1,4,41.807780684266575
dcs,1,4,40.81584345542241
dcs,1,5,33.62438189317663
dcs,1,5,32.530748937474094
dcs,1,5,28.57149298999247
dcs,1,5,38.93231120778029
dcs,1,5,34.796935418524285
dcs,1,5,27.814885248219046
dcs,1,5,41.98795910184673
dcs,1,5,36.989787245414654
dcs,1,5,31.203298645945786
dcs,1,5,32.88880912324269
dcs,1,5,43.35696411666541
dcs,1,5,37.174604452874846
dcs,1,5,37.29848442953044
dcs,1,5,39.297715252604796
dcs,1,5,39.25717541180092
dcs,1,5,40.54065193059139
dcs,1,5,34.69811416857134
dcs,1,5,31.146479507336288
dcs,1,5,34.227449058570876
dcs,1,5,36.35680589892057
dcs,1,5,33.19494762462442
dcs,2,0,55.87984531836418
dcs,2,1,54.7820416938629
dcs,2,1,53.540772986857434
dcs,2,1,55.33044185923946
dcs,2,1,54.9471788608278
dcs,2,1,54.69159766284141
dcs,2,1,50.21804571248772
dcs,2,1,50.41916376071025
dcs,2,2,50.51515828396206
dcs,2,2,54.1217420869369
dcs,2,2,53.6331706214137
dcs,2,2,53.84548666628587
dcs,2,2,49.145860760687064
dcs,2,2,48.90750907370837
dcs,2,2,52.025925136106544
dcs,2,2,53.041626812875734
dcs,2,2,52.19356873832882
dcs,2,2,47.964226091452225
dcs,2,2,48.601421392023134
dcs,2,2,53.42199472070871
dcs,2,2,53.9782993385889
dcs,2,2,49.22453272260755
dcs,2,2,49.56408654016726
dcs,2,2,53.76751555929381
dcs,2,2,49.66928744218144
dcs,2,2,48.527461261879566
dcs,2,2,48.7725074244497
dcs,2,2,49.42202249235631
dcs,2,2,43.50737991228733
dcs,2,3,47.21847261425301
dcs,2,3,49.67116561993903
dcs,2,3,49.025437883924745
dcs,2,3,44.26470331869512
dcs,2,3,43.862265270184295
dcs,2,3,51.93708510834105
dcs,2,3,52.80993327679669
dcs,2,3,48.052589651015616
dcs,2,3,48.371257923882744
dcs,2,3,52.571450962556895
dcs,2,3,48.29586465808059
dcs,2,3,46.47945495825533
dcs,2,3,47.66664711138062
dcs,2,3,48.05842204368457
dcs,2,3,41.49927327289997
dcs,2,3,50.31901277994588
dcs,2,3,50.226213813641415
dcs,2,3,46.04356467082873
dcs,2,3,45.77043127020527
dcs,2,3,51.26114195385636
dcs,2,3,47.555689442324585
dcs,2,3,46.7489269162011
dcs,2,3,45.84344220917068
dcs,2,3,47.00188179334103
dcs,2,3,41.749049084940644
dcs,2,3,51.33459560821895
dcs,2,3,48.06926202144525
dcs,2,3,45.17464575621086
dcs,2,3,47.47359896916799
dcs,2,3,47.82104624392178
dcs,2,3,42.031708187415546
dcs,2,3,47.892348540112685
dcs,2,3,47.86234717130874
dcs,2,3,41.99047815091333
dcs,2,3,42.504135451890946
dcs,2,4,40.55949844627741
dcs,2,4,45.331466084726046
dcs,2,4,40.752155567109206
dcs,2,4,39.172479147270785
dcs,2,4,47.872019448040284
dcs,2,4,44.015085081809566
dcs,2,4,41.65095467747632
dcs,2,4,42.551892904759605
dcs,2,4,41.91380524136344
dcs,2,4,34.4011091329158
dcs,2,4,49.735965129011774
dcs,2,4,46.59261013063835
dcs,2,4,43.77443503145683
dcs,2,4,45.95095939557066
dcs,2,4,46.89712479322876
dcs,2,4,40.45595541440538
dcs,2,4,46.73469678305895
dcs,2,4,45.91884277870077
dcs,2,4,39.24443390360925
dcs,2,4,40.475256570477626
dcs,2,4,47.6003375568949
dcs,2,4,44.42537764630098
dcs,2,4,38.54857843669143
dcs,2,4,43.15007890730686
dcs,2,4,43.03401930750888
dcs,2,4,37.25123029798714
dcs,2,4,45.30390088562274
dcs,2,4,45.27873105914568
dcs,2,4,40.11661871305537
dcs,2,4,39.487725927781796
dcs,2,4,44.86873279528173
dcs,2,4,41.761349266841144
dcs,2,4,38.81593617548382
dcs,2,4,40.44125033302449
dcs,2,4,40.72454580800276
dcs,2,5,34.674352395539444
dcs,2,5,33.89111549677481
dcs,2,5,29.484438036401727
dcs,2,5,38.46171500914017
dcs,2,5,36.15410314291786
dcs,2,5,28.416960241301936
dcs,2,5,41.9754682556025
dcs,2,5,39.46037804016851
dcs,2,5,32.679340720846874
dcs,2,5,33.58852526674275
dcs,2,5,43.040766813358516
dcs,2,5,39.660080341671474
dcs,2,5,37.138493631981284
dcs,2,5,38.991687498015374
dcs,2,5,38.82131533885382
dcs,2,5,39.56088453279477
dcs,2,5,34.77804162067633
dcs,2,5,31.540362010954947
dcs,2,5,34.52993765211152
dcs,2,5,37.672331605873694
dcs,2,5,33.285016613511345
dcs,3,0,55.14365366331461
dcs,3,1,54.186536731570634
dcs,3,1,53.48462157180005
dcs,3,1,54.82658858592752
dcs,3,1,54.16949483734599
dcs,3,1,54.43439450252573
dcs,3,1,51.13602570882366
dcs,3,1,49.93979582247411
dcs,3,2,50.586835144310896
dcs,3,2,53.93335304644668
dcs,3,2,52.749553139402714
dcs,3,2,53.565394728401806
dcs,3,2,50.01234048267684
dcs,3,2,48.46397941055083
dcs,3,2,51.94587406802962
dcs,3,2,52.29643545730841
dcs,3,2,52.07083662417558
dcs,3,2,48.16868990332688
dcs,3,2,47.82577378540288
dcs,3,2,53.39309738119808
dcs,3,2,53.41118594704327
dcs,3,2,50.16123708362636
dcs,3,2,49.23548010220282
dcs,3,2,53.122800504609856
dcs,3,2,50.05408805320102
dcs,3,2,48.85812537984185
dcs,3,2,49.42656320031802
dcs,3,2,48.83726279234763
dcs,3,2,44.603591128391784
dcs,3,3,47.72500206423311
dcs,3,3,48.939682974651035
dcs,3,3,48.88857666648628
dcs,3,3,44.84342315934315
dcs,3,3,43.337881669877035
dcs,3,3,52.321119130725414
dcs,3,3,52.5821746741694
dcs,3,3,49.06754435357211
dcs,3,3,47.631618555901476
dcs,3,3,51.82350720177497
dcs,3,3,48.46928356270161
dcs,3,3,46.818212935755874
dcs,3,3,48.91156900143459
dcs,3,3,47.54113934125006
dcs,3,3,42.79500765730966
dcs,3,3,49.99335646028242
dcs,3,3,50.186673058093966
dcs,3,3,46.623432243384336
dcs,3,3,44.93153979574621
dcs,3,3,50.73456733642098
dcs,3,3,47.07092843469388
dcs,3,3,46.66488103629063
dcs,3,3,45.917826585206456
dcs,3,3,45.72377764872524
dcs,3,3,40.0896767062499
dcs,3,3,50.91365660844045
dcs,3,3,48.73435889976852
dcs,3,3,45.63677882523455
dcs,3,3,48.02040621028398
dcs,3,3,47.82549498956279
dcs,3,3,44.005885707297125
dcs,3,3,47.93878287135851
dcs,3,3,47.23400119445632
dcs,3,3,43.315497874815826
dcs,3,3,42.98746881933303
dcs,3,4,40.96162352910687
dcs,3,4,45.86315300834335
dcs,3,4,41.42543104271201
dcs,3,4,39.57112329186611
dcs,3,4,47.058696890248925
dcs,3,4,43.40273915981237
dcs,3,4,41.121537856318305
dcs,3,4,42.77799954255238
dcs,3,4,40.34710007484419
dcs,3,4,33.12465685727148
dcs,3,4,49.513730092816395
dcs,3,4,47.319997662221276
dcs,3,4,43.91679262522644
dcs,3,4,46.969474090210866
dcs,3,4,46.28796016428245
dcs,3,4,41.99211702565172
dcs,3,4,46.90775504428813
dcs,3,4,45.50911210212531
dcs,3,4,40.463813757431375
dcs,3,4,41.49459918738072
dcs,3,4,48.059317667066786
dcs,3,4,44.08929953867834
dcs,3,4,38.87960075532871
dcs,3,4,43.28258176870355
dcs,3,4,41.574187320370406
dcs,3,4,36.84759501299568
dcs,3,4,44.777538647772005
dcs,3,4,44.922054595350495
dcs,3,4,38.74515754081448
dcs,3,4,38.211014553672996
dcs,3,4,44.860222398042524
dcs,3,4,39.594601363862424
dcs,3,4,39.90720780959
dcs,3,4,42.267544058897734
dcs,3,4,41.14628439958383
dcs,3,5,35.66605871549092
dcs,3,5,33.633533930767115
dcs,3,5,29.51961440510633
dcs,3,5,39.22512313726433
dcs,3,5,35.7127748552156
dcs,3,5,28.900187336964205
dcs,3,5,41.29932249622756
dcs,3,5,39.28583828467749
dcs,3,5,30.891892238217565
dcs,3,5,32.02435882942281
dcs,3,5,43.595425599482915
dcs,3,5,38.26190140458221
dcs,3,5,38.04506676227242
dcs,3,5,40.708339186707796
dcs,3,5,39.08377235114055
dcs,3,5,40.133466551196314
dcs,3,5,34.930580291734756
dcs,3,5,31.834326847560522
dcs,3,5,33.52913151021364
dcs,3,5,36.563321717666355
dcs,3,5,33.65818770409536
dcs,4,0,55.511883413647325
dcs,4,1,54.68250396755556
dcs,4,1,52.652515589819096
dcs,4,1,54.504489602645734
dcs,4,1,54.8488647389007
dcs,4,1,54.875739293074076
dcs,4,1,51.65353505724948
dcs,4,1,48.750329918757274
dcs,4,2,49.46552495086265
dcs,4,2,53.6265194630122
dcs,4,2,53.84551087511918
dcs,4,2,53.993073603327424
dcs,4,2,50.45627144801064
dcs,4,2,47.148571046643674
dcs,4,2,50.936150803279745
dcs,4,2,52.109257176391154
dcs,4,2,51.42616562040276
dcs,4,2,48.242127069538576
dcs,4,2,46.8872325810205
dcs,4,2,53.462661528405185
dcs,4,2,53.532560160598884
dcs,4,2,50.50394965612386
dcs,4,2,47.97854182158757
dcs,4,2,54.067505464807
dcs,4,2,50.75470218475806
dcs,4,2,48.46446350201415
dcs,4,2,50.27486265818746
dcs,4,2,47.93804019504304
dcs,4,2,43.10398701052659
dcs,4,3,47.02097757158568
dcs,4,3,49.28853937200486
dcs,4,3,48.34681695095612
dcs,4,3,44.39926286756663
dcs,4,3,40.78232124213291
dcs,4,3,52.02557698060701
dcs,4,3,52.6652224124339
dcs,4,3,49.161010657514204
dcs,4,3,45.63398212802743
dcs,4,3,52.8313321277591
dcs,4,3,49.59327748534038
dcs,4,3,46.731223904958306
dcs,4,3,49.01936430571997
dcs,4,3,46.56135513158836
dcs,4,3,40.80450430852645
dcs,4,3,49.923684714249454
dcs,4,3,49.713769940048614
dcs,4,3,46.58866594933211
dcs,4,3,44.22815225742951
dcs,4,3,50.540720582275696
dcs,4,3,47.514772830009925
dcs,4,3,46.24006916765433
dcs,4,3,45.89940459048305
dcs,4,3,45.68277102501585
dcs,4,3,40.102655954616594
dcs,4,3,51.43514621131591
dcs,4,3,48.80775595055181
dcs,4,3,44.97656935705407
dcs,4,3,48.746349215058785
dcs,4,3,46.110910736363266
dcs,4,3,41.29236294784288
dcs,4,3,49.16386307235768
dcs,4,3,46.48488962198772
dcs,4,3,43.3738471744575
dcs,4,3,41.77800763300449
dcs,4,4,40.555116573988734
dcs,4,4,45.25856957354618
dcs,4,4,41.19862967171365
dcs,4,4,38.20377233566457
dcs,4,4,47.52617711570184
dcs,4,4,43.93764543446316
dcs,4,4,40.21400158517906
dcs,4,4,42.66868713257066
dcs,4,4,39.7141031972783
dcs,4,4,32.114744595676825
dcs,4,4,50.01542253309111
dcs,4,4,47.139250634701334
dcs,4,4,43.06873351021448
dcs,4,4,47.57219270572162
dcs,4,4,43.67034343195049
dcs,4,4,38.14656725142188
dcs,4,4,47.70802618603391
dcs,4,4,45.45557759881585
dcs,4,4,41.38413722306053
dcs,4,4,40.22948037158561
dcs,4,4,47.22860128018959
dcs,4,4,44.81265055568227
dcs,4,4,38.024779554954385
dcs,4,4,43.812421830993024
dcs,4,4,41.855367904346664
dcs,4,4,35.835022715210194
dcs,4,4,44.97135965684176
dcs,4,4,44.47942096065074
dcs,4,4,39.99757720563533
dcs,4,4,37.49645734194901
dcs,4,4,46.00330716776799
dcs,4,4,40.29835112994496
dcs,4,4,39.83988679811661
dcs,4,4,39.200924743828416
dcs,4,4,40.88959752771223
dcs,4,5,35.37922763128002
dcs,4,5,34.06499847834683
dcs,4,5,29.460540668185914
dcs,4,5,39.064899101628406
dcs,4,5,35.28115333756308
dcs,4,5,28.320963220242383
dcs,4,5,41.444915626500226
dcs,4,5,38.69630065279409
dcs,4,5,32.20609835603224
dcs,4,5,31.091829370026165
dcs,4,5,43.985973417389204
dcs,4,5,37.97462242138731
dcs,4,5,38.25860369764302
dcs,4,5,36.16699983996357
dcs,4,5,39.72476540357942
dcs,4,5,39.95590681530173
dcs,4,5,34.84805450538676
dcs,4,5,30.88165520029716
dcs,4,5,33.80282955957738
dcs,4,5,37.33752911349582
dcs,4,5,33.71797371147293
dcs,5,0,55.265799362890725
dcs,5,1,54.050256187467895
dcs,5,1,52.95454681952464
dcs,5,1,53.845229020797866
dcs,5,1,54.224242187477834
dcs,5,1,54.2004929528491
dcs,5,1,51.54043607081208
dcs,5,1,50.6083314216476
dcs,5,2,49.973079561579716
dcs,5,2,52.903177307510184
dcs,5,2,52.5333016248352
dcs,5,2,53.25570317631214
dcs,5,2,50.374143140284275
dcs,5,2,49.46178858568276
dcs,5,2,51.034446567031466
dcs,5,2,52.109247145136905
dcs,5,2,51.737149171277444
dcs,5,2,48.60074856636913
dcs,5,2,48.28744652433017
dcs,5,2,52.19941521784597
dcs,5,2,52.35674583596038
dcs,5,2,49.78102237338724
dcs,5,2,48.434961574611336
dcs,5,2,52.79692916839438
dcs,5,2,50.49294249605292
dcs,5,2,48.902724283442325
dcs,5,2,49.965231562783664
dcs,5,2,49.42346975670944
dcs,5,2,45.70630113854624
dcs,5,3,47.684381902376344
dcs,5,3,48.87951061806123
dcs,5,3,48.66371316984657
dcs,5,3,45.23353509504196
dcs,5,3,42.991266440295426
dcs,5,3,50.7026462844912
dcs,5,3,51.47249412433836
dcs,5,3,48.79533739879849
dcs,5,3,47.27882104090963
dcs,5,3,51.29070702440844
dcs,5,3,48.725874908561
dcs,5,3,47.038176043093024
dcs,5,3,48.960184698724134
dcs,5,3,48.173806808643995
dcs,5,3,44.354092691171374
dcs,5,3,49.691540781027996
dcs,5,3,49.15000308253178
dcs,5,3,45.886494617519716
dcs,5,3,44.37761841360684
dcs,5,3,50.24743711799597
dcs,5,3,47.60615026991511
dcs,5,3,46.70488567983156
dcs,5,3,46.53027793650804
dcs,5,3,47.17866228498623
dcs,5,3,42.55168970451676
dcs,5,3,49.05668739605758
dcs,5,3,48.223958694679844
dcs,5,3,44.10938760292628
dcs,5,3,47.6367131816868
dcs,5,3,46.898435707554675
dcs,5,3,43.37581015144145
dcs,5,3,48.641501164662046
dcs,5,3,47.46661746096044
dcs,5,3,44.114212603151984
dcs,5,3,44.679836914407346
dcs,5,4,40.21784727629259
dcs,5,4,45.170663854355055
dcs,5,4,40.805513051394826
dcs,5,4,38.50304360831581
dcs,5,4,47.2727567275485
dcs,5,4,44.28340507748732
dcs,5,4,41.40691055006193
dcs,5,4,43.619098695320176
dcs,5,4,41.233189062443124
dcs,5,4,34.55808190681449
dcs,5,4,47.61687134549469
dcs,5,4,46.62522650538531
dcs,5,4,42.92245113897381
dcs,5,4,46.665640735183906
dcs,5,4,45.52846997590764
dcs,5,4,41.71318660441404
dcs,5,4,47.273057836178225
dcs,5,4,45.805021979677456
dcs,5,4,42.06266575407115
dcs,5,4,43.28735827300244
dcs,5,4,46.215466423231476
dcs,5,4,44.1588106205342
dcs,5,4,37.39509692313652
dcs,5,4,43.081793312923494
dcs,5,4,42.232645521383596
dcs,5,4,37.13682391713518
dcs,5,4,45.00394515145765
dcs,5,4,45.573985243526785
dcs,5,4,40.66563432154947
dcs,5,4,41.089224911476954
dcs,5,4,44.15657208838796
dcs,5,4,40.469077623344226
dcs,5,4,39.26331635117901
dcs,5,4,41.72292175913239
dcs,5,4,42.85143473531059
dcs,5,5,32.27048669118969
dcs,5,5,33.487060205801534
dcs,5,5,29.695214274351013
dcs,5,5,38.58034097147069
dcs,5,5,35.62048538039853
dcs,5,5,28.96161795749494
dcs,5,5,42.17921323976361
dcs,5,5,39.62777142023648
dcs,5,5,33.42311635317747
dcs,5,5,33.1704864297102
dcs,5,5,42.61242820331303
dcs,5,5,39.4787497704894
dcs,5,5,38.2157761583123
dcs,5,5,40.07933373074029
dcs,5,5,40.56565028193854
dcs,5,5,39.493781424028384
dcs,5,5,34.66498171284936
dcs,5,5,30.616508177646395
dcs,5,5,33.94321596308977
dcs,5,5,39.05380224448173
dcs,5,5,35.23011411825177
dcs,6,0,55.60413156083423
dcs,6,1,54.84217899750388
dcs,6,1,53.529788728476156
dcs,6,1,54.62372838103742
dcs,6,1,54.09345925538276
dcs,6,1,54.591144213622044
dcs,6,1,51.49315554974615
dcs,6,1,50.84331970656587
dcs,6,2,50.52919130673897
dcs,6,2,53.61371942396197
dcs,6,2,53.012892421618254
dcs,6,2,53.903244773463456
dcs,6,2,50.741373153098614
dcs,6,2,49.4622662842814
dcs,6,2,51.48308847141756
dcs,6,2,51.56034272724867
dcs,6,2,52.07911008359242
dcs,6,2,48.93587790605786
dcs,6,2,48.88739630332209
dcs,6,2,52.79132139732794
dcs,6,2,53.10576989448753
dcs,6,2,50.026878638275264
dcs,6,2,49.18560388603957
dcs,6,2,52.76631178427302
dcs,6,2,49.8880340259721
dcs,6,2,48.4958654582805
dcs,6,2,49.89590502174703
dcs,6,2,49.80176337225888
dcs,6,2,46.36039904437198
dcs,6,3,47.02834244839861
dcs,6,3,47.74237653139609
dcs,6,3,48.76600396145728
dcs,6,3,45.39256468053471
dcs,6,3,43.57125135362346
dcs,6,3,50.99471109791196
dcs,6,3,52.27169739218235
dcs,6,3,48.91743664087731
dcs,6,3,47.77844009384051
dcs,6,3,51.74751030152899
dcs,6,3,48.570831828467846
dcs,6,3,46.95485485950418
dcs,6,3,49.258248465079255
dcs,6,3,48.47689990608971
dcs,6,3,44.593844450675
dcs,6,3,49.36000310537231
dcs,6,3,49.47552468461481
dcs,6,3,46.51565620630952
dcs,6,3,45.405980476463256
dcs,6,3,49.803731207075266
dcs,6,3,46.924707164469076
dcs,6,3,46.03988045339536
dcs,6,3,46.5433431227367
dcs,6,3,47.71194629266661
dcs,6,3,42.802970899774564
dcs,6,3,49.38707699175385
dcs,6,3,47.86301416124195
dcs,6,3,45.16394915854739
dcs,6,3,48.23131466897935
dcs,6,3,47.19771358409254
dcs,6,3,43.89474451866111
dcs,6,3,47.939250801082586
dcs,6,3,47.30265616608321
dcs,6,3,43.72653880843213
dcs,6,3,44.47300301162906
dcs,6,4,39.400077914052325
dcs,6,4,44.752745538435974
dcs,6,4,41.29444883788142
dcs,6,4,39.37967591184984
dcs,6,4,45.702056250294866
dcs,6,4,43.438822576440906
dcs,6,4,40.62512825639945
dcs,6,4,42.743066920201855
dcs,6,4,41.68812195842942
dcs,6,4,34.54188010113307
dcs,6,4,48.0195516419133
dcs,6,4,45.71174444649178
dcs,6,4,44.045142394003605
dcs,6,4,47.06818411359924
dcs,6,4,45.78722387089584
dcs,6,4,41.579528348488196
dcs,6,4,46.87448741162183
dcs,6,4,45.63842122635299
dcs,6,4,41.7420812658537
dcs,6,4,43.476417457403365
dcs,6,4,45.46106517698511
dcs,6,4,44.310820130484515
dcs,6,4,37.91589163639957
dcs,6,4,43.81918537087158
dcs,6,4,42.60519165556954
dcs,6,4,37.2212834878797
dcs,6,4,44.16271437995362
dcs,6,4,44.67486434305932
dcs,6,4,39.758691585889125
dcs,6,4,40.41601622667621
dcs,6,4,44.40430393885139
dcs,6,4,40.73401224127198
dcs,6,4,39.786659802019344
dcs,6,4,41.45906115367962
dcs,6,4,41.663875435989226
dcs,6,5,31.518736590915864
dcs,6,5,33.37456591969908
dcs,6,5,28.445958590511918
dcs,6,5,38.122931396931406
dcs,6,5,35.44351370431904
dcs,6,5,29.243130810512547
dcs,6,5,40.15402951851428
dcs,6,5,38.963044290895496
dcs,6,5,31.793731730276363
dcs,6,5,33.99235240659223
dcs,6,5,42.550909447920574
dcs,6,5,40.223313775549
dcs,6,5,37.921830601645745
dcs,6,5,39.6941742159623
dcs,6,5,40.33431696982805
dcs,6,5,39.23252478764144
dcs,6,5,34.92335085668448
dcs,6,5,31.543201746788398
dcs,6,5,34.52802684976311
dcs,6,5,37.58787777517668
dcs,6,5,34.25384484124295
dcs,7,0,56.12902984740139
dcs,7,1,55.11590897207227
dcs,7,1,53.253312946839216
dcs,7,1,55.34720760322062
dcs,7,1,54.75656486399172
dcs,7,1,54.90326411962945
dcs,7,1,52.116392102430254
dcs,7,1,50.2131946099988
dcs,7,2,51.03744437334118
dcs,7,2,54.39627280009478
dcs,7,2,53.1971428776315
dcs,7,2,53.81735170993053
dcs,7,2,51.01827457691063
dcs,7,2,48.788009281255434
dcs,7,2,52.044140525717154
dcs,7,2,52.07688882131365
dcs,7,2,51.62834904692515
dcs,7,2,48.66679494121479
dcs,7,2,48.016086408079815
dcs,7,2,53.22949122164917
dcs,7,2,53.85343495770716
dcs,7,2,50.561215358501386
dcs,7,2,48.55180254707377
dcs,7,2,53.18661672193989
dcs,7,2,50.59627740216958
dcs,7,2,48.554480403471736
dcs,7,2,50.763961522872236
dcs,7,2,49.224778202039296
dcs,7,2,46.02991341394767
dcs,7,3,48.15979445155422
dcs,7,3,49.336360074736746
dcs,7,3,48.93002956766283
dcs,7,3,45.354533838388114
dcs,7,3,43.28220623691596
dcs,7,3,51.97878160421248
dcs,7,3,52.77546879198548
dcs,7,3,49.481886459381066
dcs,7,3,47.25961589814773
dcs,7,3,51.860018034958934
dcs,7,3,48.88612611948723
dcs,7,3,46.636374538926624
dcs,7,3,49.761431489017326
dcs,7,3,47.46587349442953
dcs,7,3,44.184366620109934
dcs,7,3,49.76100468474583
dcs,7,3,49.95217400272003
dcs,7,3,46.30988444707141
dcs,7,3,44.62760919788701
dcs,7,3,50.665661810460435
dcs,7,3,47.2386410374341
dcs,7,3,46.495603041081615
dcs,7,3,47.160016209732035
dcs,7,3,46.90678624761099
dcs,7,3,42.53559320857099
dcs,7,3,50.34409427255196
dcs,7,3,48.19103827484122
dcs,7,3,44.703462100234596
dcs,7,3,48.745614294069696
dcs,7,3,46.832874335937085
dcs,7,3,43.78717591226079
dcs,7,3,49.19849737151638
dcs,7,3,47.45529739425551
dcs,7,3,43.187739255063164
dcs,7,3,45.0437004496171
dcs,7,4,40.87929157745408
dcs,7,4,45.80122141887754
dcs,7,4,41.37691469394576
dcs,7,4,39.16697114944678
dcs,7,4,47.1076099580488
dcs,7,4,43.49795906298083
dcs,7,4,41.340143620784495
dcs,7,4,43.81513119738296
dcs,7,4,40.95831737645511
dcs,7,4,34.00521332465
dcs,7,4,48.955929784548346
dcs,7,4,46.7759100649012
dcs,7,4,43.98382715095898
dcs,7,4,47.43704841970482
dcs,7,4,45.377478281881245
dcs,7,4,41.84575180239031
dcs,7,4,47.7916539880657
dcs,7,4,45.42895007837941
dcs,7,4,40.855410961007784
dcs,7,4,43.45969405143487
dcs,7,4,46.237630240256294
dcs,7,4,43.822650930345276
dcs,7,4,37.76127996741924
dcs,7,4,44.0779839175591
dcs,7,4,41.96419770647028
dcs,7,4,37.45695299831415
dcs,7,4,45.68822130046464
dcs,7,4,45.802476409592884
dcs,7,4,40.24657590330926
dcs,7,4,41.165777223311025
dcs,7,4,44.626900432287705
dcs,7,4,39.47871011930045
dcs,7,4,38.79812511898609
dcs,7,4,42.37101578131707
dcs,7,4,42.44349477627191
dcs,7,5,33.00509209853085
dcs,7,5,33.70308846545126
dcs,7,5,28.06695155420904
dcs,7,5,39.564140583108006
dcs,7,5,35.66068497200344
dcs,7,5,27.857840033436542
dcs,7,5,41.63595124016267
dcs,7,5,38.99839445668242
dcs,7,5,32.07424529850758
dcs,7,5,33.13418735066736
dcs,7,5,43.32602783968462
dcs,7,5,37.98805539020032
dcs,7,5,37.33056228922548
dcs,7,5,40.88073117812371
dcs,7,5,40.570489641836204
dcs,7,5,38.808228730794546
dcs,7,5,34.75078805826062
dcs,7,5,29.867064281338035
dcs,7,5,34.89088545160448
dcs,7,5,39.15075070609375
dcs,7,5,33.50946729161792
dcs,8,0,56.081595200346015
dcs,8,1,55.143698547730956
dcs,8,1,53.51041263310328
dcs,8,1,55.035448814823454
dcs,8,1,55.10713007620899
dcs,8,1,55.188058975222
dcs,8,1,51.74190400483205
dcs,8,1,50.611921418072
dcs,8,2,50.22978859075453
dcs,8,2,53.805684453803174
dcs,8,2,53.78800773339339
dcs,8,2,54.18528710171526
dcs,8,2,50.925789016209656
dcs,8,2,48.54414115900838
dcs,8,2,51.387701117468566
dcs,8,2,52.617776951405226
dcs,8,2,52.25573866574506
dcs,8,2,49.65063001229588
dcs,8,2,47.91933453242231
dcs,8,2,53.35960137998901
dcs,8,2,54.06068371767269
dcs,8,2,50.41895379844237
dcs,8,2,48.275444348183214
dcs,8,2,54.070677677993
dcs,8,2,50.524256813135416
dcs,8,2,49.18796900378554
dcs,8,2,50.25962175189647
dcs,8,2,49.115970736725636
dcs,8,2,45.924235204107
dcs,8,3,46.98229815794205
dcs,8,3,49.262604545416615
dcs,8,3,49.17496055142227
dcs,8,3,45.499276506582
dcs,8,3,42.37526939594587
dcs,8,3,51.59297569875574
dcs,8,3,52.70538162999795
dcs,8,3,49.335810838411476
dcs,8,3,46.92334267642758
dcs,8,3,52.48063634271737
dcs,8,3,49.143664373469
dcs,8,3,46.89479757109579
dcs,8,3,49.43036183868901
dcs,8,3,47.33795169481039
dcs,8,3,44.142318637255784
dcs,8,3,49.97003277253851
dcs,8,3,50.28914099045194
dcs,8,3,46.602596790415596
dcs,8,3,44.980894336815055
dcs,8,3,51.004695531676546
dcs,8,3,48.32263400807961
dcs,8,3,46.400316505776004
dcs,8,3,47.55750708367397
dcs,8,3,46.81420503422008
dcs,8,3,42.15938172192713
dcs,8,3,51.080782469343454
dcs,8,3,48.74994798936092
dcs,8,3,45.010414911495154
dcs,8,3,48.7824039171851
dcs,8,3,46.46195229928763
dcs,8,3,42.988884878041894
dcs,8,3,48.41492780647077
dcs,8,3,47.69283172958572
dcs,8,3,43.77667561554366
dcs,8,3,43.77119344631734
dcs,8,4,39.963416035941805
dcs,8,4,45.86730848876925
dcs,8,4,41.15989054019158
dcs,8,4,38.579520965271776
dcs,8,4,47.957280997426565
dcs,8,4,44.2683084201127
dcs,8,4,40.915500149590464
dcs,8,4,44.12476799970022
dcs,8,4,40.66444178066132
dcs,8,4,34.31839689968946
dcs,8,4,48.96210317470898
dcs,8,4,46.86755684911331
dcs,8,4,43.179270296579794
dcs,8,4,47.582066859934905
dcs,8,4,44.51489579650498
dcs,8,4,41.881239144387926
dcs,8,4,46.84776419911624
dcs,8,4,45.503986580185234
dcs,8,4,41.68430247744648
dcs,8,4,41.943004136125154
dcs,8,4,47.33414534896735
dcs,8,4,44.016236381949206
dcs,8,4,38.37359521630249
dcs,8,4,44.17709451283008
dcs,8,4,41.473637635691006
dcs,8,4,37.781519213717615
dcs,8,4,45.3505573169096
dcs,8,4,44.88562596886097
dcs,8,4,40.03732996311202
dcs,8,4,40.050754448601246
dcs,8,4,45.054578478671004
dcs,8,4,41.142100765751486
dcs,8,4,39.259964988528765
dcs,8,4,40.555335503386
dcs,8,4,41.77208527044717
dcs,8,5,35.02068977708333
dcs,8,5,33.70822717430886
dcs,8,5,28.748260336603693
dcs,8,5,39.460897140414495
dcs,8,5,35.78253592454125
dcs,8,5,29.21268519553642
dcs,8,5,41.854954659506234
dcs,8,5,38.27094358037179
dcs,8,5,32.81012042671184
dcs,8,5,32.58881518528478
dcs,8,5,42.945164241609454
dcs,8,5,38.478095888067735
dcs,8,5,37.457221231590864
dcs,8,5,38.90261449284497
dcs,8,5,39.9148201816798
dcs,8,5,40.1839577328916
dcs,8,5,34.81341924794151
dcs,8,5,31.520411413042837
dcs,8,5,34.26593525655732
dcs,8,5,37.84379081371588
dcs,8,5,34.66920337487808
dcs,9,0,54.99876192613748
dcs,9,1,54.31772131980439
dcs,9,1,52.793748086392846
dcs,9,1,54.10077226106682
dcs,9,1,54.05609853573515
dcs,9,1,53.96940013936403
dcs,9,1,50.17816000115391
dcs,9,1,50.212261560032175
dcs,9,2,49.255323009179506
dcs,9,2,53.203394128020484
dcs,9,2,52.92889081274025
dcs,9,2,53.367163785697414
dcs,9,2,49.77290307114842
dcs,9,2,48.30834463834751
dcs,9,2,51.405993558710605
dcs,9,2,51.35719296243835
dcs,9,2,51.21160599801667
dcs,9,2,47.86723536791685
dcs,9,2,48.55004266703794
dcs,9,2,52.9733471067521
dcs,9,2,52.62956953737643
dcs,9,2,48.85983281176339
dcs,9,2,49.000570482588266
dcs,9,2,52.23488904487807
dcs,9,2,49.22187637278445
dcs,9,2,49.240227679181274
dcs,9,2,48.99838159925374
dcs,9,2,48.988124402322455
dcs,9,2,43.08420566456537
dcs,9,3,46.99442617885009
dcs,9,3,48.46905209798783
dcs,9,3,47.46017008907748
dcs,9,3,43.73329608783008
dcs,9,3,42.6835611320076
dcs,9,3,51.37815161947269
dcs,9,3,51.823865433657105
dcs,9,3,48.063043849760874
dcs,9,3,47.600170636241074
dcs,9,3,51.224225300215764
dcs,9,3,48.72015030830051
dcs,9,3,46.90732749875205
dcs,9,3,48.60218272881666
dcs,9,3,47.34714584147334
dcs,9,3,41.280594880189085
dcs,9,3,48.98423785748862
dcs,9,3,49.7061720126263
dcs,9,3,45.60665961749535
dcs,9,3,44.876138162705445
dcs,9,3,49.6935970058022
dcs,9,3,46.44446994308621
dcs,9,3,47.00546463778489
dcs,9,3,45.83796281779616
dcs,9,3,46.612675484155986
dcs,9,3,40.53585445696244
dcs,9,3,49.56548405269528
dcs,9,3,47.534065444824115
dcs,9,3,45.69611387744522
dcs,9,3,46.81661422798285
dcs,9,3,46.96440357863223
dcs,9,3,42.451383095692485
dcs,9,3,47.08688184487631
dcs,9,3,47.73746802086304
dcs,9,3,42.199787083669364
dcs,9,3,42.03935697237192
dcs,9,4,39.53495378922551
dcs,9,4,44.71113868271735
dcs,9,4,40.61165021762487
dcs,9,4,38.61273172441418
dcs,9,4,46.50703745235153
dcs,9,4,43.12071648954141
dcs,9,4,42.06113595384537
dcs,9,4,41.88677755128031
dcs,9,4,40.55671114605903
dcs,9,4,33.141127469017576
dcs,9,4,48.46810532284983
dcs,9,4,46.126752420986314
dcs,9,4,43.63098186741048
dcs,9,4,46.18382285871557
dcs,9,4,45.35625121597106
dcs,9,4,40.73873288483331
dcs,9,4,46.65998952169514
dcs,9,4,45.58106089504907
dcs,9,4,40.14628363716923
dcs,9,4,40.37500543732977
dcs,9,4,45.562741124837814
dcs,9,4,42.534497766334745
dcs,9,4,37.82211203341156
dcs,9,4,42.493064755012725
dcs,9,4,41.71838301967449
dcs,9,4,35.9347990152388
dcs,9,4,43.77527458121702
dcs,9,4,45.412066012807145
dcs,9,4,39.95848587396982
dcs,9,4,38.77353817055861
dcs,9,4,43.189822887148175
dcs,9,4,40.976318912009916
dcs,9,4,39.014755590550116
dcs,9,4,40.530204429714345
dcs,9,4,40.994807662441914
dcs,9,5,33.29114166644527
dcs,9,5,32.94613976291013
dcs,9,5,27.354877493223988
dcs,9,5,37.990306108505195
dcs,9,5,36.0280096617963
dcs,9,5,28.558283907691546
dcs,9,5,40.950711123476275
dcs,9,5,38.98555752919692
dcs,9,5,31.949274649201936
dcs,9,5,32.4309769811181
dcs,9,5,41.746831835264594
dcs,9,5,37.95449691501699
dcs,9,5,37.38096125445036
dcs,9,5,38.89449580191416
dcs,9,5,38.79258399724801
dcs,9,5,38.056242091099726
dcs,9,5,34.991573870642036
dcs,9,5,28.588446038474963
dcs,9,5,33.3920210668739
dcs,9,5,38.071423875037254
dcs,9,5,34.35428891349482
drop,0,0,55.8748241776722
drop,0,1,54.7424525374237
drop,0,1,53.30171998470152
drop,0,1,54.38378648132192
drop,0,1,54.637596446035154
drop,0,1,54.74127822895417
drop,0,1,51.66285040210424
drop,0,1,51.77747078951776
drop,0,2,50.09252731849685
drop,0,2,53.49529484068658
drop,0,2,52.98352843462051
drop,0,2,53.81610712139408
drop,0,2,50.64087569460332
drop,0,2,50.0020931526725
drop,0,2,51.17934359045714
drop,0,2,51.6671172301564
drop,0,2,51.652403035127456
drop,0,2,49.24819501223483
drop,0,2,49.14046287639386
drop,0,2,52.35808477271735
drop,0,2,53.07170952054152
drop,0,2,50.17635650905745
drop,0,2,48.716785491029505
drop,0,2,53.096583751661505
drop,0,2,50.34731892068871
drop,0,2,50.25087597410776
drop,0,2,50.57451757566501
drop,0,2,50.14540814931908
drop,0,2,47.14846983163938
drop,0,3,46.82192768620388
drop,0,3,48.08086466827271
drop,0,3,48.022242957191594
drop,0,3,45.745690775870585
drop,0,3,44.03413262126248
drop,0,3,50.631609344660724
drop,0,3,52.01568201276897
drop,0,3,49.39602677222265
drop,0,3,47.3937423801377
drop,0,3,51.66192073675445
drop,0,3,48.89424266573736
drop,0,3,47.65900603398642
drop,0,3,49.41405443884066
drop,0,3,48.348887021402916
drop,0,3,44.81950866656861
drop,0,3,48.675012031488016
drop,0,3,48.81207280176729
drop,0,3,46.66015598982464
drop,0,3,44.263049485684355
drop,0,3,49.60480698806066
drop,0,3,47.47006729023503
drop,0,3,47.23745150960457
drop,0,3,46.53445767518723
drop,0,3,46.403720581499655
drop,0,3,43.68520768796358
drop,0,3,49.37483754998599
drop,0,3,47.65691100340759
drop,0,3,44.4939166366631
drop,0,3,48.60156954633793
drop,0,3,46.17300934892994
drop,0,3,44.36630224645698
drop,0,3,48.69425046670918
drop,0,3,48.16146866805143
drop,0,3,45.45307739358576
drop,0,3,45.66694295374174
drop,0,4,32.678014717741114
drop,0,4,41.36058770874188
drop,0,4,38.63712746109654
drop,0,4,35.16076373457559
drop,0,4,45.542354536265705
drop,0,4,43.39575328202393
drop,0,4,39.71900208508178
drop,0,4,43.53378180054761
drop,0,4,39.78665366641957
drop,0,4,35.9119639390107
drop,0,4,48.162103260139425
drop,0,4,46.38398419000885
drop,0,4,42.637068219290136
drop,0,4,47.629920751306294
drop,0,4,44.04350726568859
drop,0,4,41.93042501793382
drop,0,4,47.2225081537423
drop,0,4,45.8721129856592
drop,0,4,42.19721827063949
drop,0,4,43.47665363491778
drop,0,4,41.48542258442959
drop,0,4,43.19936693858074
drop,0,4,31.17146437517159
drop,0,4,42.990845695456294
drop,0,4,39.12990640777893
drop,0,4,38.17189625550405
drop,0,4,43.047788538000184
drop,0,4,43.864453405858725
drop,0,4,42.0445164235357
drop,0,4,40.612652734471666
drop,0,4,43.8948113806365
drop,0,4,38.728524678402216
drop,0,4,39.707380835485495
drop,0,4,41.877927864677325
drop,0,4,43.715210469024726
drop,0,5,13.616602805940342
drop,0,5,26.788593599817773
drop,0,5,19.886568234277107
drop,0,5,35.74976714639006
drop,0,5,29.42387080817468
drop,0,5,23.553144456887733
drop,0,5,39.589825378213455
drop,0,5,36.21315252970796
drop,0,5,33.13433203535074
drop,0,5,30.088036089530988
drop,0,5,42.42248420155826
drop,0,5,35.592905267523065
drop,0,5,38.39162540991449
drop,0,5,38.994040899724375
drop,0,5,41.41335691838747
drop,0,5,37.787277237800296
drop,0,5,33.56132316254447
drop,0,5,30.2368590809779
drop,0,5,32.827050994730705
drop,0,5,38.765651713454886
drop,0,5,33.5505186518273
drop,1,0,56.17263306651302
drop,1,1,55.19471463977802
drop,1,1,53.99703773005011
drop,1,1,54.870767669766785
drop,1,1,54.80913449954862
drop,1,1,55.44417597513057
drop,1,1,52.96749070494342
drop,1,1,52.194869443117256
drop,1,2,50.58799644484584
drop,1,2,53.71984391796294
drop,1,2,53.1278704746089
drop,1,2,54.47491971076993
drop,1,2,51.95795058763926
drop,1,2,50.61680859371789
drop,1,2,51.72668067203104
drop,1,2,52.170703276396615
drop,1,2,52.764213876884625
drop,1,2,49.70709352882409
drop,1,2,49.876519858602784
drop,1,2,52.569884191611685
drop,1,2,53.95260883496119
drop,1,2,51.452069525837096
drop,1,2,49.52868304806978
drop,1,2,53.76865040171504
drop,1,2,51.34401276466506
drop,1,2,50.12390101874469
drop,1,2,51.31531903853863
drop,1,2,50.909410507697416
drop,1,2,47.726140513198
drop,1,3,47.35508618620617
drop,1,3,48.17314440392835
drop,1,3,49.106213131273904
drop,1,3,45.77022878078088
drop,1,3,43.88015535134571
drop,1,3,50.76349307317213
drop,1,3,52.91513342047448
drop,1,3,50.19530597999405
drop,1,3,48.0146036729815
drop,1,3,52.143538077492565
drop,1,3,49.88875803049959
drop,1,3,47.99017168160592
drop,1,3,50.37018277238877
drop,1,3,49.177501250448806
drop,1,3,46.2343459470269
drop,1,3,48.64161978953359
drop,1,3,49.89482061253719
drop,1,3,47.634691976536956
drop,1,3,45.2490069038132
drop,1,3,50.57479865940512
drop,1,3,48.23780292103279
drop,1,3,47.574967156817436
drop,1,3,47.6188099839166
drop,1,3,47.845202783934646
drop,1,3,43.78068116521829
drop,1,3,50.4328279540466
drop,1,3,48.81053553482977
drop,1,3,44.02386215360342
drop,1,3,49.707627570305114
drop,1,3,47.67473691187606
drop,1,3,45.03506269277941
drop,1,3,49.650891248857135
drop,1,3,48.95121358255502
drop,1,3,45.58898870483583
drop,1,3,45.233369074219965
drop,1,4,35.45656291908451
drop,1,4,43.7902349950028
drop,1,4,38.77582974592272
drop,1,4,33.94929738534057
drop,1,4,46.735118446799156
drop,1,4,43.638541844119466
drop,1,4,40.38374160771038
drop,1,4,44.04572142991745
drop,1,4,40.782687595117515
drop,1,4,35.76005787238486
drop,1,4,48.58070050922516
drop,1,4,46.59030265327302
drop,1,4,42.47784051000647
drop,1,4,47.92112753869343
drop,1,4,45.83910346024923
drop,1,4,43.23250229542404
drop,1,4,47.73010373065361
drop,1,4,46.524707971532365
drop,1,4,42.83390419019044
drop,1,4,43.16977338338464
drop,1,4,42.164072198083744
drop,1,4,43.7207470557064
drop,1,4,32.074803919079166
drop,1,4,44.60546211670868
drop,1,4,41.46506914112418
drop,1,4,38.88862138718309
drop,1,4,45.888147141609245
drop,1,4,45.53116328288321
drop,1,4,41.80262755293971
drop,1,4,40.763240706701744
drop,1,4,45.52556590890823
drop,1,4,38.819173503907564
drop,1,4,39.71614622982492
drop,1,4,43.238072878612435
drop,1,4,43.513468917251146
drop,1,5,20.044798158814245
drop,1,5,30.126340119259705
drop,1,5,22.967104807406578
drop,1,5,32.75538124926968
drop,1,5,32.43663859066314
drop,1,5,22.271495875080262
drop,1,5,40.84383135909909
drop,1,5,36.17690742704988
drop,1,5,30.710530146505743
drop,1,5,33.53480829740788
drop,1,5,42.536256337743765
drop,1,5,35.641694500175014
drop,1,5,35.419419736188054
drop,1,5,40.543727309933125
drop,1,5,39.58016726549679
drop,1,5,36.22314380449885
drop,1,5,30.89305587722013
drop,1,5,25.156659470256415
drop,1,5,35.76730098016365
drop,1,5,38.60228941005192
drop,1,5,34.58839307555879
drop,2,0,55.92112023462804
drop,2,1,54.82574687467301
drop,2,1,53.64816013493768
drop,2,1,54.467140688286186
drop,2,1,54.88651986908829
drop,2,1,54.74937438197204
drop,2,1,52.2534540105988
drop,2,1,52.4991318274035
drop,2,2,50.49502313334828
drop,2,2,53.00196533191275
drop,2,2,53.346492728339435
drop,2,2,53.82549496083241
drop,2,2,51.51050163794363
drop,2,2,51.01928468158656
drop,2,2,51.342614019261305
drop,2,2,52.24489567860727
drop,2,2,51.945820016961385
drop,2,2,49.654905327284666
drop,2,2,50.154514320002455
drop,2,2,52.28886813664957
drop,2,2,52.83498546578485
drop,2,2,50.47228277932071
drop,2,2,49.565464348926334
drop,2,2,53.39152895125403
drop,2,2,51.16178805201952
drop,2,2,50.68320348141473
drop,2,2,50.86681589737408
drop,2,2,50.79920840027937
drop,2,2,47.76628162050093
drop,2,3,46.96866285486742
drop,2,3,49.073714560422275
drop,2,3,48.76172298177509
drop,2,3,45.925270403463315
drop,2,3,44.941099383338326
drop,2,3,50.59368596756252
drop,2,3,51.32033327428246
drop,2,3,49.60334732166737
drop,2,3,47.31463744611655
drop,2,3,51.85802913628956
drop,2,3,49.85584350591136
drop,2,3,48.56306259668618
drop,2,3,50.185123932804196
drop,2,3,49.32519085828889
drop,2,3,46.075410385307336
drop,2,3,49.32484579160199
drop,2,3,48.18254908034921
drop,2,3,46.810056941273395
drop,2,3,45.437497889478735
drop,2,3,50.0120210950303
drop,2,3,48.00409387767377
drop,2,3,47.72714501163222
drop,2,3,47.803096155944615
drop,2,3,48.32299874422021
drop,2,3,44.330419341230666
drop,2,3,49.66999203589074
drop,2,3,48.06051399231923
drop,2,3,45.27992956406662
drop,2,3,47.59469781972008
drop,2,3,46.34836775436163
drop,2,3,44.46142106003295
drop,2,3,49.15301528320497
drop,2,3,48.83233257943065
drop,2,3,46.145282138802685
drop,2,3,45.63301875200452
drop,2,4,31.86225211478308
drop,2,4,38.40997800640606
drop,2,4,42.12906806186451
drop,2,4,38.37777451623177
drop,2,4,45.84177504592032
drop,2,4,43.711034384639234
drop,2,4,40.03163732554454
drop,2,4,43.42150087705984
drop,2,4,41.077726632611764
drop,2,4,37.2003171884563
drop,2,4,47.60603619701797
drop,2,4,46.36060697416311
drop,2,4,40.95378997344605
drop,2,4,46.3961944505091
drop,2,4,44.43602769745654
drop,2,4,42.110575005499506
drop,2,4,47.41324611858106
drop,2,4,46.20671316937845
drop,2,4,43.6608668314655
drop,2,4,43.57116363669991
drop,2,4,45.23622044335204
drop,2,4,45.02967877065167
drop,2,4,28.149158817749665
drop,2,4,41.75073515398285
drop,2,4,40.30324478960878
drop,2,4,38.77429139714884
drop,2,4,44.86772394910245
drop,2,4,44.60065651685083
drop,2,4,41.55535984763097
drop,2,4,40.89889783375723
drop,2,4,42.421141140145764
drop,2,4,40.442074501245614
drop,2,4,39.9599001369241
drop,2,4,40.85225270479054
drop,2,4,43.413304686364555
drop,2,5,21.115813782215
drop,2,5,29.82908548495472
drop,2,5,22.663468323870035
drop,2,5,33.42421052747553
drop,2,5,27.677726173383576
drop,2,5,28.393314107659464
drop,2,5,39.71036714624996
drop,2,5,32.34934456816465
drop,2,5,31.680091903692848
drop,2,5,33.79789288095304
drop,2,5,40.75962797367272
drop,2,5,37.108753529111084
drop,2,5,36.18987213403809
drop,2,5,38.9308997705583
drop,2,5,39.67432364825637
drop,2,5,38.83450613237812
drop,2,5,29.527098820816022
drop,2,5,24.4952170508341
drop,2,5,32.859298771627365
drop,2,5,37.08156493524147
drop,2,5,34.88558867261271
drop,3,0,55.6888575024924
drop,3,1,54.797438781529095
drop,3,1,53.377599311827964
drop,3,1,54.77347533560535
drop,3,1,54.78396540609507
drop,3,1,54.49728597553214
drop,3,1,51.77436980569904
drop,3,1,52.47658048190302
drop,3,2,50.35824682623461
drop,3,2,53.81420632754165
drop,3,2,53.498311342848346
drop,3,2,53.67775042537731
drop,3,2,50.8117142173368
drop,3,2,51.53028826714806
drop,3,2,51.339276506490016
drop,3,2,52.44351353655716
drop,3,2,51.49426937629279
drop,3,2,49.100230713303816
drop,3,2,49.71657012083684
drop,3,2,52.56483025098092
drop,3,2,53.152360235117946
drop,3,2,50.25882110538543
drop,3,2,50.936576405401205
drop,3,2,53.422529933634834
drop,3,2,50.57702550201192
drop,3,2,50.27580224482021
drop,3,2,50.154851248348194
drop,3,2,50.824418327701906
drop,3,2,48.14922509645972
drop,3,3,46.69341969868288
drop,3,3,48.413194235819354
drop,3,3,48.05549000177807
drop,3,3,45.28386137646697
drop,3,3,44.955555387968495
drop,3,3,50.97071470605725
drop,3,3,52.16019140787782
drop,3,3,49.06047218332834
drop,3,3,49.28799709992072
drop,3,3,52.04971385049305
drop,3,3,49.18273154808354
drop,3,3,47.87427416658162
drop,3,3,49.07585128095824
drop,3,3,49.352096072868356
drop,3,3,47.12923736247947
drop,3,3,48.986453217107254
drop,3,3,49.22640712900301
drop,3,3,45.971415320030275
drop,3,3,45.92910987998611
drop,3,3,50.237108780670695
drop,3,3,47.57560881508528
drop,3,3,47.254683804946445
drop,3,3,47.321568676902814
drop,3,3,47.686027453807164
drop,3,3,44.384489308269565
drop,3,3,50.052359516751736
drop,3,3,48.092915613391554
drop,3,3,44.43846090214359
drop,3,3,48.84675585845597
drop,3,3,48.39762562744373
drop,3,3,45.87386564574487
drop,3,3,49.11809333611519
drop,3,3,48.91329213355296
drop,3,3,45.63658454185086
drop,3,3,45.29215475963395
drop,3,4,36.00023165631868
drop,3,4,31.123609349984104
drop,3,4,38.07436998287946
drop,3,4,37.85331499195311
drop,3,4,45.17973534558361
drop,3,4,43.04442990184662
drop,3,4,40.76540855780152
drop,3,4,43.0996285198116
drop,3,4,41.49161937100929
drop,3,4,37.94248810374814
drop,3,4,48.11321203357563
drop,3,4,45.95390783099701
drop,3,4,40.63505662558548
drop,3,4,47.03812386257335
drop,3,4,46.16445822041047
drop,3,4,43.87978546668726
drop,3,4,47.52759886201527
drop,3,4,46.56332405837635
drop,3,4,43.35707014959264
drop,3,4,43.35924371204401
drop,3,4,44.88768335644762
drop,3,4,42.82045936572361
drop,3,4,34.496292792865816
drop,3,4,43.76652277720015
drop,3,4,41.60954662066929
drop,3,4,39.836524308864405
drop,3,4,44.99854760083978
drop,3,4,46.03120916093522
drop,3,4,40.77961550977764
drop,3,4,41.775997432101306
drop,3,4,45.30940739960525
drop,3,4,39.68139248615986
drop,3,4,39.76641335042152
drop,3,4,43.1547811055461
drop,3,4,43.41242969784004
drop,3,5,27.194087385775212
drop,3,5,30.986554413505917
drop,3,5,26.980171157770528
drop,3,5,26.511204875721685
drop,3,5,25.914355164198472
drop,3,5,29.375479475018206
drop,3,5,39.80590399892357
drop,3,5,31.96040909271155
drop,3,5,31.390795869065553
drop,3,5,34.21436690469102
drop,3,5,41.92005913156651
drop,3,5,36.83601164882613
drop,3,5,34.59023756574957
drop,3,5,39.67369139032297
drop,3,5,40.463263178525715
drop,3,5,40.12172365207748
drop,3,5,32.3366461750003
drop,3,5,30.568877653116683
drop,3,5,34.8479697514316
drop,3,5,39.17391623514706
drop,3,5,35.95848265863825
drop,4,0,56.31724273783226
drop,4,1,55.31096487097135
drop,4,1,53.82888853352432
drop,4,1,54.68459051321434
drop,4,1,55.00495516056615
drop,4,1,55.21272398526295
drop,4,1,52.00348792008218
drop,4,1,52.703469588081276
drop,4,2,50.971873592731775
drop,4,2,53.45989041427285
drop,4,2,53.57430325058142
drop,4,2,54.29173310332288
drop,4,2,51.087415260061064
drop,4,2,51.25957412311908
drop,4,2,51.44807677033752
drop,4,2,52.16109879306888
drop,4,2,52.37625491390692
drop,4,2,49.06598607047552
drop,4,2,49.061576615838774
drop,4,2,52.97489225848801
drop,4,2,53.22605141293819
drop,4,2,50.00669608570295
drop,4,2,49.945829474466784
drop,4,2,53.52200000262577
drop,4,2,50.76641676959748
drop,4,2,51.170376532008554
drop,4,2,50.23557830891131
drop,4,2,51.758775753193184
drop,4,2,48.09386292620026
drop,4,3,47.33819045196468
drop,4,3,49.232389464272316
drop,4,3,49.103326262968004
drop,4,3,45.48859170184285
drop,4,3,44.65468141130018
drop,4,3,51.22254802166151
drop,4,3,51.90752180171094
drop,4,3,48.68317158686194
drop,4,3,48.13508496090123
drop,4,3,51.98447993129962
drop,4,3,49.725798534355725
drop,4,3,48.68223999743973
drop,4,3,49.1634604840419
drop,4,3,50.016144927163516
drop,4,3,46.843301578530095
drop,4,3,49.25548309050734
drop,4,3,49.561566959135575
drop,4,3,46.172216631556665
drop,4,3,44.6059480819933
drop,4,3,50.58175040546586
drop,4,3,47.25378140635369
drop,4,3,47.312174840815565
drop,4,3,46.792238459776925
drop,4,3,48.26319931090797
drop,4,3,43.765208476043775
drop,4,3,49.902153685756865
drop,4,3,48.07279792489672
drop,4,3,45.38554482731978
drop,4,3,47.681600543989084
drop,4,3,47.55629698710735
drop,4,3,44.5475356276213
drop,4,3,48.72848476216105
drop,4,3,50.025638545622584
drop,4,3,46.191902335043956
drop,4,3,46.11874232050292
drop,4,4,34.79202464197984
drop,4,4,41.237771186104304
drop,4,4,37.38180186649296
drop,4,4,37.74137386835235
drop,4,4,46.750002231778275
drop,4,4,43.5699179408416
drop,4,4,40.29973169227614
drop,4,4,42.16854259617573
drop,4,4,41.992337561734644
drop,4,4,36.10386743620526
drop,4,4,48.28440124658979
drop,4,4,46.49353058460219
drop,4,4,40.826759725862196
drop,4,4,45.41772135139107
drop,4,4,45.686292697302825
drop,4,4,42.74311722218961
drop,4,4,47.10495923525028
drop,4,4,47.40362703667498
drop,4,4,44.25710818947172
drop,4,4,43.9331465238703
drop,4,4,43.97137227803397
drop,4,4,43.726591525487926
drop,4,4,32.332623036257665
drop,4,4,41.79201746417345
drop,4,4,42.22074660075557
drop,4,4,37.33673355549661
drop,4,4,44.44433293228593
drop,4,4,46.25368216854279
drop,4,4,41.64277854418203
drop,4,4,41.70145937281412
drop,4,4,44.00173112150429
drop,4,4,39.173305670561184
drop,4,4,39.573082687604774
drop,4,4,41.40463602250179
drop,4,4,44.33197757485268
drop,4,5,19.870102770507078
drop,4,5,19.802745174967544
drop,4,5,22.906915121815345
drop,4,5,29.531634688500358
drop,4,5,34.801825993180515
drop,4,5,25.779854753551906
drop,4,5,38.0806496074234
drop,4,5,37.56520006922317
drop,4,5,33.35656451121345
drop,4,5,34.246463071873215
drop,4,5,41.22536706144178
drop,4,5,36.4859927188834
drop,4,5,37.31814542363766
drop,4,5,39.016858559597964
drop,4,5,41.058804739775866
drop,4,5,35.94978883482799
drop,4,5,34.25023298962393
drop,4,5,30.173575971380085
drop,4,5,34.23897327684768
drop,4,5,38.104183631950804
drop,4,5,34.34625073114875
drop,5,0,56.06907349297521
drop,5,1,54.96342067252533
drop,5,1,53.4112640373194
drop,5,1,54.73649029968026
drop,5,1,55.088460603505084
drop,5,1,54.85374824399369
drop,5,1,52.1699411420933
drop,5,1,52.38887842434898
drop,5,2,50.56822816190828
drop,5,2,53.7309900407168
drop,5,2,53.43296621177143
drop,5,2,53.71240551917216
drop,5,2,51.21816939958567
drop,5,2,51.05598813732484
drop,5,2,51.53352712722612
drop,5,2,51.85763875037556
drop,5,2,51.697062559350215
drop,5,2,49.354833795876424
drop,5,2,49.556468737802575
drop,5,2,53.291402158576226
drop,5,2,53.086534256383445
drop,5,2,50.48919532075475
drop,5,2,50.67189983374424
drop,5,2,53.40684493546409
drop,5,2,51.32914239075173
drop,5,2,50.44232369677033
drop,5,2,50.563529866602494
drop,5,2,50.86289660697118
drop,5,2,47.09586921923725
drop,5,3,47.44239591182961
drop,5,3,48.66577846891115
drop,5,3,47.94927252753477
drop,5,3,45.42386408878454
drop,5,3,44.02703334486246
drop,5,3,51.343982768317154
drop,5,3,52.04305292347128
drop,5,3,49.38104048032254
drop,5,3,48.9006712952491
drop,5,3,51.885255381476824
drop,5,3,49.74943081088738
drop,5,3,47.947716798476144
drop,5,3,49.71424640477046
drop,5,3,49.199861822215254
drop,5,3,45.74675260406818
drop,5,3,49.913396903966515
drop,5,3,49.4514968672288
drop,5,3,46.976056210737326
drop,5,3,45.700155030758644
drop,5,3,50.05272208364239
drop,5,3,47.760401228523406
drop,5,3,47.34957307288647
drop,5,3,46.93274136791554
drop,5,3,47.154846388958006
drop,5,3,43.11696408840549
drop,5,3,50.1879247555285
drop,5,3,49.1154160016418
drop,5,3,46.56446334307693
drop,5,3,48.08516617932598
drop,5,3,48.59133028503762
drop,5,3,45.48711482447146
drop,5,3,49.226317994739276
drop,5,3,49.06470287087854
drop,5,3,45.40983162286305
drop,5,3,45.17397852776853
drop,5,4,36.65016455665413
drop,5,4,40.6642366198118
drop,5,4,39.21065418095984
drop,5,4,38.216777266305115
drop,5,4,45.99141644858664
drop,5,4,44.386565757913566
drop,5,4,38.136386569960415
drop,5,4,41.70872435381091
drop,5,4,40.47048752034827
drop,5,4,35.22821903220031
drop,5,4,47.8598658984123
drop,5,4,46.937690674632556
drop,5,4,41.82341849371231
drop,5,4,46.83115373522108
drop,5,4,46.12866917625594
drop,5,4,43.78359638865817
drop,5,4,47.90357990599098
drop,5,4,46.05992739384948
drop,5,4,42.55328671154255
drop,5,4,42.71638562476381
drop,5,4,45.08253339798546
drop,5,4,44.298634003073424
drop,5,4,28.53082876679695
drop,5,4,43.161425958773215
drop,5,4,42.570812517823434
drop,5,4,38.569350023024626
drop,5,4,44.410972364897226
drop,5,4,44.77656346920712
drop,5,4,40.707412070738634
drop,5,4,40.16726638451405
drop,5,4,44.356482819951935
drop,5,4,42.43204781376303
drop,5,4,41.61778649368804
drop,5,4,42.85368817055891
drop,5,4,43.68611964051055
drop,5,5,24.509123319238913
drop,5,5,31.39192041039144
drop,5,5,19.926342387047963
drop,5,5,30.50871518105291
drop,5,5,31.92364535186705
drop,5,5,26.89198346367785
drop,5,5,38.5978485297343
drop,5,5,31.514298630782967
drop,5,5,27.218726386051443
drop,5,5,32.44035705203562
drop,5,5,41.21942367812626
drop,5,5,37.653669752394556
drop,5,5,36.3686540839827
drop,5,5,39.5416161122067
drop,5,5,39.41964587908805
drop,5,5,40.3013873016754
drop,5,5,30.943298192295078
drop,5,5,17.94287129519804
drop,5,5,34.56223453268107
drop,5,5,38.390461928445916
drop,5,5,37.45691702323959
drop,6,0,56.148826473060495
drop,6,1,55.36491299112131
drop,6,1,53.43217332227912
drop,6,1,54.29228314286549
drop,6,1,54.63228706787656
drop,6,1,54.96492920215287
drop,6,1,52.26190294003046
drop,6,1,52.358386892947905
drop,6,2,50.586014511930834
drop,6,2,52.93197380496692
drop,6,2,53.40144045661381
drop,6,2,54.16900929345966
drop,6,2,51.20863113407128
drop,6,2,51.080268099993006
drop,6,2,50.51050391930222
drop,6,2,51.66435052540985
drop,6,2,51.99082997813432
drop,6,2,48.81022596291856
drop,6,2,49.204525711895585
drop,6,2,52.4147091333796
drop,6,2,52.56991907762833
drop,6,2,49.46719228337197
drop,6,2,49.1585138311556
drop,6,2,53.57432818514477
drop,6,2,50.934974900499164
drop,6,2,50.54379057816121
drop,6,2,50.62517926948178
drop,6,2,51.270359774303145
drop,6,2,47.926761665496606
drop,6,3,46.073394560305594
drop,6,3,48.11878146257263
drop,6,3,48.59458357227186
drop,6,3,45.331695780257384
drop,6,3,44.75149581692099
drop,6,3,50.48116918112484
drop,6,3,51.59970158600776
drop,6,3,48.157184006575164
drop,6,3,47.266708762760565
drop,6,3,52.30015886242232
drop,6,3,49.59442346827429
drop,6,3,48.36673391942779
drop,6,3,49.15732548689605
drop,6,3,49.963296005360824
drop,6,3,46.69357004335692
drop,6,3,47.73011427004923
drop,6,3,48.75032113129097
drop,6,3,45.89938423396511
drop,6,3,44.1437633648105
drop,6,3,49.315907302217745
drop,6,3,46.854026992060696
drop,6,3,46.736774587791516
drop,6,3,46.29735542053277
drop,6,3,47.52827037107413
drop,6,3,43.43700621342864
drop,6,3,49.76514848127848
drop,6,3,47.74484167191539
drop,6,3,45.19238788486832
drop,6,3,48.065172515298485
drop,6,3,46.938322332859656
drop,6,3,43.46289294730749
drop,6,3,48.98390864055368
drop,6,3,49.252670068204395
drop,6,3,46.11717760086215
drop,6,3,45.71830704988197
drop,6,4,36.05842233042817
drop,6,4,40.919638647073846
drop,6,4,39.9626444080768
drop,6,4,37.62722681276316
drop,6,4,44.56157195220086
drop,6,4,41.366999090130314
drop,6,4,38.932052316366594
drop,6,4,42.34075544821834
drop,6,4,41.51551402707555
drop,6,4,37.14068117232711
drop,6,4,47.17740443558327
drop,6,4,45.52081714344314
drop,6,4,41.49353273328136
drop,6,4,46.05634895647579
drop,6,4,45.07560142887665
drop,6,4,41.43753080184271
drop,6,4,47.1286776064999
drop,6,4,46.82613522585406
drop,6,4,43.74672482969683
drop,6,4,43.76991299193578
drop,6,4,43.00078036768846
drop,6,4,42.971415320224274
drop,6,4,32.78446923381592
drop,6,4,42.71265374912721
drop,6,4,40.71506739436167
drop,6,4,36.35660385351448
drop,6,4,42.66665663760273
drop,6,4,42.897943459071925
drop,6,4,41.19933162337862
drop,6,4,40.20981979945414
drop,6,4,45.33895560045057
drop,6,4,38.592111879326794
drop,6,4,40.52986964822105
drop,6,4,40.078791152116125
drop,6,4,43.428648165009164
drop,6,5,30.132075030053727
drop,6,5,29.32716062859774
drop,6,5,22.779328654593304
drop,6,5,31.54052583885949
drop,6,5,33.07496392790272
drop,6,5,27.3308361350188
drop,6,5,36.15365367906755
drop,6,5,33.141188897871515
drop,6,5,31.372540448950204
drop,6,5,32.50053975319401
drop,6,5,42.460329950093744
drop,6,5,36.77467063359013
drop,6,5,37.01699212141264
drop,6,5,37.09196959963831
drop,6,5,40.08843078667562
drop,6,5,40.16167041249797
drop,6,5,33.27120797680516
drop,6,5,30.998888779019317
drop,6,5,29.975826555303424
drop,6,5,33.951948470768706
drop,6,5,34.16396633161103
drop,7,0,55.93732480297777
drop,7,1,55.014850140081286
drop,7,1,53.9031327456159
drop,7,1,54.262252028353664
drop,7,1,54.70301428236966
drop,7,1,54.800329738780164
drop,7,1,51.850161685283936
drop,7,1,52.49658459627118
drop,7,2,50.866168491425725
drop,7,2,53.320958896058215
drop,7,2,53.29941177177005
drop,7,2,53.88458835151676
drop,7,2,50.98482394051721
drop,7,2,51.30179506042107
drop,7,2,51.61395863250732
drop,7,2,52.223068154358856
drop,7,2,52.32895710481923
drop,7,2,49.00215501686287
drop,7,2,49.517614268293656
drop,7,2,52.6220426428861
drop,7,2,53.353672080353476
drop,7,2,50.28854532312046
drop,7,2,50.378010022228246
drop,7,2,53.27169911156715
drop,7,2,50.304025948072415
drop,7,2,50.412141833040735
drop,7,2,50.284714728452705
drop,7,2,50.90446527543306
drop,7,2,47.4044132415834
drop,7,3,47.2165307965585
drop,7,3,48.148818991518624
drop,7,3,49.615305159669866
drop,7,3,45.93088548197676
drop,7,3,44.56697846568661
drop,7,3,51.18276972622072
drop,7,3,52.3761700868969
drop,7,3,49.55284711280923
drop,7,3,49.02252954161615
drop,7,3,52.339520287987284
drop,7,3,48.911852886546654
drop,7,3,48.42870227719119
drop,7,3,49.56512096703154
drop,7,3,49.661776433959865
drop,7,3,46.57358844288121
drop,7,3,49.38262181662041
drop,7,3,49.93533481697795
drop,7,3,46.39407351721281
drop,7,3,45.49831993213771
drop,7,3,50.45386151364946
drop,7,3,47.610638191909416
drop,7,3,46.886500084998
drop,7,3,47.3024506560086
drop,7,3,47.3168077755689
drop,7,3,43.62656586032241
drop,7,3,49.74489999413234
drop,7,3,48.543082724443806
drop,7,3,45.84698395993167
drop,7,3,48.56843708933948
drop,7,3,47.853973722256114
drop,7,3,45.307785975068334
drop,7,3,48.18631632572708
drop,7,3,48.05516351957802
drop,7,3,44.53638355929822
drop,7,3,45.29034767522319
drop,7,4,35.33894559210295
drop,7,4,44.093513607474584
drop,7,4,40.35700412618506
drop,7,4,37.837519173348525
drop,7,4,45.58886140797967
drop,7,4,42.93031933670065
drop,7,4,39.93558297928265
drop,7,4,43.76498515373461
drop,7,4,42.0196587105325
drop,7,4,35.572818186880816
drop,7,4,48.672452560320444
drop,7,4,46.76710935143278
drop,7,4,44.028297985943624
drop,7,4,48.169829699348085
drop,7,4,46.06385460847988
drop,7,4,44.21966315921869
drop,7,4,47.04759648759969
drop,7,4,46.31688368807814
drop,7,4,42.641249450806065
drop,7,4,44.57819559840524
drop,7,4,45.58990101592448
drop,7,4,43.30324813460453
drop,7,4,32.23900227592544
drop,7,4,44.187761915038564
drop,7,4,41.99486680667193
drop,7,4,37.854030355160496
drop,7,4,45.25667425365906
drop,7,4,43.02181443072767
drop,7,4,38.56616817044342
drop,7,4,40.60103030862532
drop,7,4,45.268367951843494
drop,7,4,39.3674958010092
drop,7,4,40.58323329149385
drop,7,4,41.94303267790534
drop,7,4,41.8551238881644
drop,7,5,26.811653254105337
drop,7,5,18.851308414735183
drop,7,5,28.38851692980169
drop,7,5,33.88555036909685
drop,7,5,34.34707879548341
drop,7,5,24.461420386111044
drop,7,5,39.653057114513466
drop,7,5,34.67990429765593
drop,7,5,31.267195939114455
drop,7,5,34.15691350902563
drop,7,5,44.173103477528954
drop,7,5,39.31714713407412
drop,7,5,37.778202639607166
drop,7,5,40.44928550537087
drop,7,5,40.302261562477206
drop,7,5,38.62589140991533
drop,7,5,33.171189990974725
drop,7,5,28.46701901041659
drop,7,5,33.52035656128846
drop,7,5,35.19820296306019
drop,7,5,33.50631935714348
drop,8,0,56.06018592074208
drop,8,1,55.09907962723336
drop,8,1,53.77095486033506
drop,8,1,54.21908605169915
drop,8,1,54.495017746871575
drop,8,1,54.731347483924296
drop,8,1,52.15560315910486
drop,8,1,51.92996751337823
drop,8,2,50.86140691993379
drop,8,2,53.43563109672643
drop,8,2,52.660861651708146
drop,8,2,53.7055803139002
drop,8,2,50.79737780455442
drop,8,2,50.86295142833281
drop,8,2,51.02163569109591
drop,8,2,51.847470027903555
drop,8,2,52.282790474581816
drop,8,2,48.81633208036494
drop,8,2,49.30612182154154
drop,8,2,52.357240764399016
drop,8,2,52.477011202779124
drop,8,2,49.9552951242125
drop,8,2,49.606844348477985
drop,8,2,53.165707537854644
drop,8,2,50.81921511686907
drop,8,2,50.010050545628815
drop,8,2,50.41003952242927
drop,8,2,50.9437012780047
drop,8,2,48.11471525813646
drop,8,3,46.654494502975304
drop,8,3,48.46577654867885
drop,8,3,48.57059347862814
drop,8,3,45.037539523768544
drop,8,3,44.295112136025196
drop,8,3,51.02828256706946
drop,8,3,51.670936001122755
drop,8,3,48.71710245067417
drop,8,3,48.20572503039055
drop,8,3,51.84629007239511
drop,8,3,49.185915608974454
drop,8,3,47.7767180438049
drop,8,3,49.20097759651761
drop,8,3,49.65192481259902
drop,8,3,46.42637951015514
drop,8,3,48.938930234026834
drop,8,3,49.1543076667172
drop,8,3,45.85972148447656
drop,8,3,44.90657929626264
drop,8,3,49.78248980025759
drop,8,3,47.03138672184365
drop,8,3,46.930796644320814
drop,8,3,46.64696922101258
drop,8,3,48.03960366453298
drop,8,3,43.74648387129856
drop,8,3,49.488994458333394
drop,8,3,47.99412745233187
drop,8,3,45.77268726467546
drop,8,3,48.185148583229655
drop,8,3,47.13073412158554
drop,8,3,44.939353479630554
drop,8,3,48.54070302693554
drop,8,3,48.58474911562494
drop,8,3,45.684818301686555
drop,8,3,46.17605174132973
drop,8,4,34.03906120570571
drop,8,4,42.17097309666773
drop,8,4,41.00728559788654
drop,8,4,37.19529720524413
drop,8,4,45.0309501539625
drop,8,4,42.48363759537839
drop,8,4,39.56065285141142
drop,8,4,43.91560735190579
drop,8,4,40.85293908611921
drop,8,4,35.37897246583987
drop,8,4,48.30972446970104
drop,8,4,46.4738618654978
drop,8,4,43.284749223875046
drop,8,4,46.826371173663375
drop,8,4,45.22998919336384
drop,8,4,42.70310445723876
drop,8,4,46.8086256228948
drop,8,4,45.89129002837556
drop,8,4,43.3444392618934
drop,8,4,44.76864975022732
drop,8,4,42.63614816055744
drop,8,4,42.580595093658914
drop,8,4,32.44501823898965
drop,8,4,43.756302010341166
drop,8,4,42.417421804449674
drop,8,4,36.911708272435185
drop,8,4,43.70057635265378
drop,8,4,43.439595160127624
drop,8,4,40.0684845922459
drop,8,4,41.92179887780282
drop,8,4,44.16019612745734
drop,8,4,42.81258324416287
drop,8,4,40.60080273241262
drop,8,4,42.829917766154345
drop,8,4,42.530319135131826
drop,8,5,17.47122959510188
drop,8,5,24.09256325760532
drop,8,5,28.385137838642837
drop,8,5,34.17365918693548
drop,8,5,31.571358280388832
drop,8,5,29.322664948393328
drop,8,5,40.76244038505269
drop,8,5,32.18713227344988
drop,8,5,31.865055634382244
drop,8,5,35.51020796959165
drop,8,5,41.923199069010906
drop,8,5,39.35026846472835
drop,8,5,35.86660093409391
drop,8,5,40.163264830482234
drop,8,5,40.136690670688765
drop,8,5,35.056844667691486
drop,8,5,33.72018076912826
drop,8,5,28.26417876393976
drop,8,5,35.833079116640924
drop,8,5,32.42375238348241
drop,8,5,35.72329889007463
drop,9,0,55.87397813401558
drop,9,1,54.93609223781455
drop,9,1,53.54784948679524
drop,9,1,54.47349702859234
drop,9,1,54.728721621329726
drop,9,1,54.9562539411953
drop,9,1,51.68069903259316
drop,9,1,52.41909745262225
drop,9,2,50.34427193027411
drop,9,2,53.60309037077672
drop,9,2,53.21883443383442
drop,9,2,53.786393412648756
drop,9,2,50.459032240309945
drop,9,2,51.17752226370409
drop,9,2,50.98103787531538
drop,9,2,51.75911479423375
drop,9,2,51.776285839789104
drop,9,2,48.23192418389407
drop,9,2,49.411016617416394
drop,9,2,52.55448195308167
drop,9,2,53.27932540959937
drop,9,2,49.614904813447744
drop,9,2,49.418520135926954
drop,9,2,53.56330959955985
drop,9,2,50.58933903952624
drop,9,2,50.71021268708904
drop,9,2,50.16926896842595
drop,9,2,51.2202742765918
drop,9,2,48.03266404242409
drop,9,3,46.50624214964822
drop,9,3,47.752034082732436
drop,9,3,48.60810392950326
drop,9,3,44.61774229657078
drop,9,3,44.15450021180659
drop,9,3,51.06719153773628
drop,9,3,51.72057869373472
drop,9,3,47.99714967651151
drop,9,3,48.090545855996076
drop,9,3,51.58719021955178
drop,9,3,48.877323872611086
drop,9,3,48.61904761204389
drop,9,3,49.21019496704929
drop,9,3,49.9843239104127
drop,9,3,46.37500821768477
drop,9,3,49.14520543196248
drop,9,3,48.95704814155841
drop,9,3,45.592981073182074
drop,9,3,44.71978725391307
drop,9,3,49.83067261143961
drop,9,3,46.39050778839604
drop,9,3,46.84313747962842
drop,9,3,46.102556822596256
drop,9,3,47.16973614554033
drop,9,3,43.19816775840878
drop,9,3,49.44395905774963
drop,9,3,47.103638606324914
drop,9,3,45.31707422393802
drop,9,3,47.551273252060014
drop,9,3,47.28916381363493
drop,9,3,44.22230400833979
drop,9,3,48.661379830236974
drop,9,3,49.43713945508288
drop,9,3,45.966952278646616
drop,9,3,45.783607005137995
drop,9,4,32.08956458069044
drop,9,4,35.268860203131844
drop,9,4,35.52633042246715
drop,9,4,36.591642185402215
drop,9,4,44.083316881550196
drop,9,4,41.37399638518697
drop,9,4,38.96030578940143
drop,9,4,42.9145378480363
drop,9,4,40.22626618463387
drop,9,4,36.556933567010994
drop,9,4,47.61181300042778
drop,9,4,45.44732687224602
drop,9,4,44.23177565742605
drop,9,4,44.97422372902618
drop,9,4,45.1290861186233
drop,9,4,41.93203356453488
drop,9,4,47.22873281870727
drop,9,4,47.319142521182314
drop,9,4,43.852840065490575
drop,9,4,43.84741423691658
drop,9,4,43.39420068446304
drop,9,4,43.91901264850846
drop,9,4,29.408020146592456
drop,9,4,42.270747787686446
drop,9,4,39.8886619825184
drop,9,4,35.81752955617583
drop,9,4,43.10646600240675
drop,9,4,45.65930472865539
drop,9,4,39.456389878676504
drop,9,4,40.168753803106135
drop,9,4,42.340828048619514
drop,9,4,39.48868905962912
drop,9,4,38.730910559424224
drop,9,4,40.63716713804823
drop,9,4,43.076471352735695
drop,9,5,21.045715927524434
drop,9,5,28.752913395881656
drop,9,5,22.512243457427154
drop,9,5,25.562677527725658
drop,9,5,26.930222739588196
drop,9,5,23.344699137329194
drop,9,5,35.455235623323155
drop,9,5,34.55611122331228
drop,9,5,31.36856055626374
drop,9,5,34.32686938692688
drop,9,5,40.1748735795448
drop,9,5,39.91040177436914
drop,9,5,37.10668695837072
drop,9,5,37.85313084272883
drop,9,5,40.12371911182668
drop,9,5,37.998767366505604
drop,9,5,31.519419627276523
drop,9,5,25.528273246711564
drop,9,5,29.74007416170502
drop,9,5,36.45928075062889
drop,9,5,31.98622202321129
hcs,0,0,55.54609734742332
hcs,0,1,54.69273380742885
hcs,0,1,53.182636209701116
hcs,0,1,54.10130659719128
hcs,0,1,54.640004812627254
hcs,0,1,54.582819741666746
hcs,0,1,50.95184276727795
hcs,0,1,51.72440020953351
hcs,0,2,50.53571700185483
hcs,0,2,53.110115511373124
hcs,0,2,53.39368830325484
hcs,0,2,53.61633618033276
hcs,0,2,50.13510723035333
hcs,0,2,50.70093152583194
hcs,0,2,51.14857076901265
hcs,0,2,52.02946528232667
hcs,0,2,51.57001126556145
hcs,0,2,48.82871423789385
hcs,0,2,48.88423283092159
hcs,0,2,52.4869716526821
hcs,0,2,52.80148110034646
hcs,0,2,49.23956928733998
hcs,0,2,49.824524454400695
hcs,0,2,53.3784705553207
hcs,0,2,50.04892835842637
hcs,0,2,50.379081912664546
hcs,0,2,49.701330537938645
hcs,0,2,50.631099793840704
hcs,0,2,46.50969183810746
hcs,0,3,47.58102305824638
hcs,0,3,49.19863191549017
hcs,0,3,48.64405857520868
hcs,0,3,45.541643151445264
hcs,0,3,44.67795703582957
hcs,0,3,51.13535956786694
hcs,0,3,51.83272577566183
hcs,0,3,48.155041211581306
hcs,0,3,48.60030368848319
hcs,0,3,52.040673457652844
hcs,0,3,48.82825817098242
hcs,0,3,48.89140659577738
hcs,0,3,49.05020776000964
hcs,0,3,49.45486190956553
hcs,0,3,45.61440287595781
hcs,0,3,49.36760616632417
hcs,0,3,49.34546793661559
hcs,0,3,46.03715602221066
hcs,0,3,45.05164951171202
hcs,0,3,50.31663906650259
hcs,0,3,47.54287404077159
hcs,0,3,47.47098958712216
hcs,0,3,46.74206372227812
hcs,0,3,46.901573724747315
hcs,0,3,42.6856515556744
hcs,0,3,49.98474025576232
hcs,0,3,47.52527287283221
hcs,0,3,45.61092157555758
hcs,0,3,48.00335564247291
hcs,0,3,47.848321518841566
hcs,0,3,44.15355801071685
hcs,0,3,48.52844816149214
hcs,0,3,49.304354998982454
hcs,0,3,45.26035637896091
hcs,0,3,45.01113591341235
hcs,0,4,40.866791385073476
hcs,0,4,45.27889800260557
hcs,0,4,41.63632490203889
hcs,0,4,40.19926436604403
hcs,0,4,47.777686340096395
hcs,0,4,44.18093656917353
hcs,0,4,42.06463662400881
hcs,0,4,43.01537620907331
hcs,0,4,42.06026882173056
hcs,0,4,35.90201071824516
hcs,0,4,48.83795279887826
hcs,0,4,45.828433468804185
hcs,0,4,44.2332118737471
hcs,0,4,46.82073292082169
hcs,0,4,46.521648902817184
hcs,0,4,42.91588264365194
hcs,0,4,47.542023754428236
hcs,0,4,47.785651429035305
hcs,0,4,43.751336888747225
hcs,0,4,43.92955888847077
hcs,0,4,46.82418001447832
hcs,0,4,44.08617028830963
hcs,0,4,39.54564754618367
hcs,0,4,43.69709830094097
hcs,0,4,42.80972261027046
hcs,0,4,37.218840682480995
hcs,0,4,45.09062215482608
hcs,0,4,45.8019327552673
hcs,0,4,40.94391457968695
hcs,0,4,40.80840815694437
hcs,0,4,44.40844023611605
hcs,0,4,42.49183906963938
hcs,0,4,40.58621379952832
hcs,0,4,41.59175967093085
hcs,0,4,43.531677922898766
hcs,0,5,35.268783875186905
hcs,0,5,34.06423813686606
hcs,0,5,30.584260594327983
hcs,0,5,38.40490119519879
hcs,0,5,36.695316346252014
hcs,0,5,29.64524923720127
hcs,0,5,42.02468819053637
hcs,0,5,39.488285974711616
hcs,0,5,33.37210547787811
hcs,0,5,33.9664250761153
hcs,0,5,42.59496575274561
hcs,0,5,40.833881107681734
hcs,0,5,38.727356045667655
hcs,0,5,40.32056190000736
hcs,0,5,42.11760176659414
hcs,0,5,40.36657491835018
hcs,0,5,34.94475582194942
hcs,0,5,31.79946951847395
hcs,0,5,34.993231907288624
hcs,0,5,37.89260078784725
hcs,0,5,36.280271298663486
hcs,1,0,56.159989391505974
hcs,1,1,55.27359015003774
hcs,1,1,53.80528504551193
hcs,1,1,54.69476611544097
hcs,1,1,55.02371636856643
hcs,1,1,55.017408428619184
hcs,1,1,51.37280749861844
hcs,1,1,52.38003761708012
hcs,1,2,50.530225267079146
hcs,1,2,53.608287952124314
hcs,1,2,53.42801480390564
hcs,1,2,54.0978141398237
hcs,1,2,50.304016020989
hcs,1,2,51.03718479277243
hcs,1,2,51.77755638984518
hcs,1,2,52.04128856395993
hcs,1,2,52.352056580996766
hcs,1,2,48.68695107386986
hcs,1,2,49.60301292457399
hcs,1,2,52.715723860756704
hcs,1,2,53.54438942084131
hcs,1,2,50.17318731391984
hcs,1,2,49.947540140163724
hcs,1,2,53.57676676847507
hcs,1,2,49.77788608344847
hcs,1,2,50.861310021228256
hcs,1,2,49.91028232843684
hcs,1,2,51.028714200795164
hcs,1,2,47.35616761738849
hcs,1,3,47.682990236898064
hcs,1,3,48.44620584725266
hcs,1,3,48.97108843425117
hcs,1,3,44.5849895426262
hcs,1,3,45.290077697838136
hcs,1,3,50.838788826141545
hcs,1,3,52.385180230292995
hcs,1,3,48.422530805544845
hcs,1,3,48.37480257249543
hcs,1,3,52.11087483604958
hcs,1,3,47.74955993085761
hcs,1,3,49.06574864534258
hcs,1,3,48.48134447258276
hcs,1,3,49.59281434123889
hcs,1,3,45.63513665954332
hcs,1,3,49.33715715034304
hcs,1,3,50.171772340074185
hcs,1,3,46.51101054092599
hcs,1,3,45.153675859198984
hcs,1,3,50.566448186182576
hcs,1,3,46.703287203559576
hcs,1,3,47.64303073389054
hcs,1,3,46.753351434991394
hcs,1,3,48.26082295863988
hcs,1,3,43.57138609876953
hcs,1,3,50.12336734666945
hcs,1,3,47.88745031731971
hcs,1,3,45.77591476668235
hcs,1,3,48.686285521303354
hcs,1,3,47.55512859078181
hcs,1,3,44.84731848188292
hcs,1,3,48.382208704267796
hcs,1,3,49.513262966994176
hcs,1,3,45.5044754086377
hcs,1,3,45.20544609244508
hcs,1,4,40.10997820257989
hcs,1,4,45.64508842253964
hcs,1,4,40.982823279970084
hcs,1,4,39.75541972030679
hcs,1,4,46.56174131943441
hcs,1,4,41.630230967449464
hcs,1,4,42.25083145257379
hcs,1,4,42.91048482627452
hcs,1,4,43.0321048615257
hcs,1,4,35.93742304989958
hcs,1,4,48.074825925937255
hcs,1,4,45.33436846957407
hcs,1,4,43.36304941313595
hcs,1,4,46.36270686146384
hcs,1,4,45.69599829871836
hcs,1,4,42.521918898294935
hcs,1,4,46.49894537528301
hcs,1,4,47.2683870611005
hcs,1,4,43.08277479405659
hcs,1,4,43.41551013508507
hcs,1,4,46.65174387491119
hcs,1,4,44.057415312742755
hcs,1,4,38.38705022870131
hcs,1,4,44.89085520085533
hcs,1,4,42.39880466686945
hcs,1,4,38.33959075192531
hcs,1,4,45.17607114020055
hcs,1,4,46.07200582714648
hcs,1,4,41.045036199591834
hcs,1,4,41.09135919339859
hcs,1,4,44.85163253908077
hcs,1,4,41.07539529696752
hcs,1,4,40.6468498171281
hcs,1,4,42.439683314768644
hcs,1,4,43.44320254055561
hcs,1,5,35.81546367706909
hcs,1,5,32.36271558547592
hcs,1,5,27.5795847658746
hcs,1,5,38.48427707878411
hcs,1,5,35.890212735542015
hcs,1,5,29.233244536118864
hcs,1,5,40.28093999784921
hcs,1,5,39.47166761742075
hcs,1,5,33.130924541698604
hcs,1,5,35.2483640247076
hcs,1,5,42.02973836393927
hcs,1,5,37.85883126370047
hcs,1,5,37.019409790597216
hcs,1,5,40.09454657508266
hcs,1,5,40.430241718483245
hcs,1,5,40.453586065406206
hcs,1,5,35.08043767418259
hcs,1,5,31.8271737158777
hcs,1,5,34.41518015011658
hcs,1,5,38.65340510990939
hcs,1,5,35.80430445211771
hcs,2,0,55.649538297834624
hcs,2,1,55.02992889983004
hcs,2,1,52.99162597056277
hcs,2,1,54.13957358585746
hcs,2,1,54.6665999265533
hcs,2,1,54.99116696939234
hcs,2,1,50.957644748783736
hcs,2,1,52.138120360655115
hcs,2,2,50.61563125748747
hcs,2,2,53.48877382267917
hcs,2,2,53.05486153987591
hcs,2,2,54.290722866670684
hcs,2,2,50.271700552821606
hcs,2,2,50.947002747598205
hcs,2,2,50.82568108598785
hcs,2,2,52.076096546316364
hcs,2,2,51.59409201411294
hcs,2,2,47.99508883383361
hcs,2,2,48.96368570809728
hcs,2,2,52.419422966836684
hcs,2,2,53.237677851170226
hcs,2,2,49.397287572219454
hcs,2,2,49.905783719569
hcs,2,2,53.64975788252529
hcs,2,2,49.83921129402734
hcs,2,2,50.67546049729243
hcs,2,2,49.70836258021786
hcs,2,2,51.261206845275844
hcs,2,2,46.9976954524563
hcs,2,3,47.57933687424298
hcs,2,3,49.359412302115786
hcs,2,3,49.1411443831374
hcs,2,3,45.177333398834854
hcs,2,3,44.91455759319113
hcs,2,3,50.63395332852786
hcs,2,3,52.56761395037912
hcs,2,3,48.656077795101
hcs,2,3,48.73307847484373
hcs,2,3,52.08980303126401
hcs,2,3,48.476766572678656
hcs,2,3,48.54198854094635
hcs,2,3,49.28766446445342
hcs,2,3,50.11460122521196
hcs,2,3,45.57229390919883
hcs,2,3,48.66868673283571
hcs,2,3,49.15436347970167
hcs,2,3,45.0925609748289
hcs,2,3,45.320619074724696
hcs,2,3,50.45572463399118
hcs,2,3,47.10088977371891
hcs,2,3,47.57512673513941
hcs,2,3,46.31764786188319
hcs,2,3,47.37494023474019
hcs,2,3,43.271278027306344
hcs,2,3,49.95699485547062
hcs,2,3,48.10985714947633
hcs,2,3,45.424009380223346
hcs,2,3,47.58194068648062
hcs,2,3,48.59499319892954
hcs,2,3,44.41805319555645
hcs,2,3,48.31960985292304
hcs,2,3,49.39514252616808
hcs,2,3,44.863572224909696
hcs,2,3,45.27611079712287
hcs,2,4,39.38197741614009
hcs,2,4,45.31377679190188
hcs,2,4,39.91115814085453
hcs,2,4,39.94586353237545
hcs,2,4,47.492305737838684
hcs,2,4,44.3070339026922
hcs,2,4,43.32643600130566
hcs,2,4,44.03641522807737
hcs,2,4,42.56396837833543
hcs,2,4,36.128244146923386
hcs,2,4,48.66300132743449
hcs,2,4,46.349945681332564
hcs,2,4,43.19705692711766
hcs,2,4,46.93506848987408
hcs,2,4,47.07579524170755
hcs,2,4,42.647889498157646
hcs,2,4,46.71398961290958
hcs,2,4,47.344263247039194
hcs,2,4,42.501328796385714
hcs,2,4,43.61374367356667
hcs,2,4,45.92101298158484
hcs,2,4,42.995580304971924
hcs,2,4,37.562409357047684
hcs,2,4,42.43956035066654
hcs,2,4,42.59000122249377
hcs,2,4,37.92937193486705
hcs,2,4,45.02397644219095
hcs,2,4,45.90722773973691
hcs,2,4,41.70184090678492
hcs,2,4,40.24506050154827
hcs,2,4,45.10949186875541
hcs,2,4,41.798421936031986
hcs,2,4,40.06346434622233
hcs,2,4,42.34769218110655
hcs,2,4,43.002651200542196
hcs,2,5,34.798729827947554
hcs,2,5,32.00607580008948
hcs,2,5,28.934807206169644
hcs,2,5,36.868952191566834
hcs,2,5,36.15111888534433
hcs,2,5,29.026193743329586
hcs,2,5,42.404942765260415
hcs,2,5,40.19062861212068
hcs,2,5,33.58237367830903
hcs,2,5,33.750676474337425
hcs,2,5,43.28282552364669
hcs,2,5,39.17052820217971
hcs,2,5,37.601526748748825
hcs,2,5,40.52795956864716
hcs,2,5,40.447595928752065
hcs,2,5,39.38245612685995
hcs,2,5,34.89829309856215
hcs,2,5,30.98438136176892
hcs,2,5,33.90676790393435
hcs,2,5,38.204950748633784
hcs,2,5,35.36909195130679
hcs,3,0,55.248480356657325
hcs,3,1,54.24531930661167
hcs,3,1,53.26487099100338
hcs,3,1,53.43880267911183
hcs,3,1,53.98978158643668
hcs,3,1,54.23417195467024
hcs,3,1,50.99827331347777
hcs,3,1,51.296864269152096
hcs,3,2,49.80727623994162
hcs,3,2,52.6952825002026
hcs,3,2,52.47214396931199
hcs,3,2,53.147173253887445
hcs,3,2,49.804133538262654
hcs,3,2,49.492613760886506
hcs,3,2,50.574215112999575
hcs,3,2,51.787304658573355
hcs,3,2,51.783278486118846
hcs,3,2,48.5172741001891
hcs,3,2,48.68596428381935
hcs,3,2,51.463376955291686
hcs,3,2,51.99747632517815
hcs,3,2,49.1407308425168
hcs,3,2,49.16983574989601
hcs,3,2,53.336474938045164
hcs,3,2,49.402034381243276
hcs,3,2,49.30402041236297
hcs,3,2,49.61925159594433
hcs,3,2,50.056214617698025
hcs,3,2,46.97508214079315
hcs,3,3,47.011175084262504
hcs,3,3,48.36605758764755
hcs,3,3,47.48451729352101
hcs,3,3,44.0400607994915
hcs,3,3,43.32627420141769
hcs,3,3,49.98065041800642
hcs,3,3,50.74526266420031
hcs,3,3,47.88140723909116
hcs,3,3,47.46557311865157
hcs,3,3,51.45987304238771
hcs,3,3,47.96588285101613
hcs,3,3,47.16456332615575
hcs,3,3,48.250334068881884
hcs,3,3,48.08533777191902
hcs,3,3,44.87798471085663
hcs,3,3,47.73317249197591
hcs,3,3,48.62457449413787
hcs,3,3,45.4375234753075
hcs,3,3,44.226179509036086
hcs,3,3,50.299719155422096
hcs,3,3,47.10995092311622
hcs,3,3,46.6396890393628
hcs,3,3,46.508392323123374
hcs,3,3,47.22671847889649
hcs,3,3,43.291143958915946
hcs,3,3,49.29556224903723
hcs,3,3,46.91618822756586
hcs,3,3,44.07918158441107
hcs,3,3,47.07251799003031
hcs,3,3,47.04268242080081
hcs,3,3,43.56054561268113
hcs,3,3,47.48876359026857
hcs,3,3,48.327584142000916
hcs,3,3,44.57356902890383
hcs,3,3,45.24477097829694
hcs,3,4,38.685515202414216
hcs,3,4,44.52325687536693
hcs,3,4,40.269594958757914
hcs,3,4,38.60351848819738
hcs,3,4,45.90110104551
hcs,3,4,42.353445593014335
hcs,3,4,40.94529055920081
hcs,3,4,41.812322794106585
hcs,3,4,40.48356722373027
hcs,3,4,34.476447430414794
hcs,3,4,47.882470856050716
hcs,3,4,45.36245001850207
hcs,3,4,41.69667359946962
hcs,3,4,45.45310471611123
hcs,3,4,45.018928139641396
hcs,3,4,41.288840096335136
hcs,3,4,45.88991859861775
hcs,3,4,45.94774219305117
hcs,3,4,42.44150673155859
hcs,3,4,42.42503417402821
hcs,3,4,44.62649135138621
hcs,3,4,41.71228777725715
hcs,3,4,36.66472979114785
hcs,3,4,42.328527726471506
hcs,3,4,40.84919758947997
hcs,3,4,37.08721789102591
hcs,3,4,44.724618971388665
hcs,3,4,45.09770207349734
hcs,3,4,40.560027862994296
hcs,3,4,40.415787111228084
hcs,3,4,43.232353613786564
hcs,3,4,38.6327285329587
hcs,3,4,38.794382758871095
hcs,3,4,42.11741081644133
hcs,3,4,42.95777324608444
hcs,3,5,30.91775125664004
hcs,3,5,31.85219819696805
hcs,3,5,26.14242563347554
hcs,3,5,38.5731118462323
hcs,3,5,34.602644677157315
hcs,3,5,28.865066368359578
hcs,3,5,40.32316999709998
hcs,3,5,37.97883636486576
hcs,3,5,31.952533697549807
hcs,3,5,32.24666815418976
hcs,3,5,41.910355965878644
hcs,3,5,36.56996368479458
hcs,3,5,36.48490558827836
hcs,3,5,39.12847538468156
hcs,3,5,40.161683446217666
hcs,3,5,38.45414523255137
hcs,3,5,34.07709287828527
hcs,3,5,30.70874177574477
hcs,3,5,33.656404639535864
hcs,3,5,37.94535056827916
hcs,3,5,34.42853215129945
hcs,4,0,55.894169241005386
hcs,4,1,54.85698971382337
hcs,4,1,53.715086033732085
hcs,4,1,54.37318743636482
hcs,4,1,54.50215000140196
hcs,4,1,54.76118304971208
hcs,4,1,52.23394377317738
hcs,4,1,52.179514993241874
hcs,4,2,50.87284613639466
hcs,4,2,53.34014822222919
hcs,4,2,53.09004546265568
hcs,4,2,53.61548248335814
hcs,4,2,51.21550620371438
hcs,4,2,51.02988622668779
hcs,4,2,51.64969064720671
hcs,4,2,52.61307317622821
hcs,4,2,51.9732936055229
hcs,4,2,49.37619861845738
hcs,4,2,49.658965016735856
hcs,4,2,52.964283158439414
hcs,4,2,52.94857323546059
hcs,4,2,50.32637745932597
hcs,4,2,49.961737222924405
hcs,4,2,53.106157302021394
hcs,4,2,50.60595119106597
hcs,4,2,50.40806344845704
hcs,4,2,50.848852895211735
hcs,4,2,50.860313627072614
hcs,4,2,47.45821830811903
hcs,4,3,47.56162585175885
hcs,4,3,49.50299025500256
hcs,4,3,48.666941724646954
hcs,4,3,45.84522439682186
hcs,4,3,45.45326183578145
hcs,4,3,51.49311043230651
hcs,4,3,51.73835753795062
hcs,4,3,49.37932074145192
hcs,4,3,48.54537190599736
hcs,4,3,51.70007365113031
hcs,4,3,48.93921580944649
hcs,4,3,48.8097771595965
hcs,4,3,49.57446232949346
hcs,4,3,49.46182113255926
hcs,4,3,45.985270017691974
hcs,4,3,50.07660876200297
hcs,4,3,49.363613032572765
hcs,4,3,46.951234138296996
hcs,4,3,45.54996502036418
hcs,4,3,50.97245214726796
hcs,4,3,47.923914447007455
hcs,4,3,48.1246765306092
hcs,4,3,47.200338581282715
hcs,4,3,48.03414777076623
hcs,4,3,44.31208228285343
hcs,4,3,50.32675496167113
hcs,4,3,48.49602292660479
hcs,4,3,46.25304224067563
hcs,4,3,48.48129891701925
hcs,4,3,47.8275353938489
hcs,4,3,44.95021530475882
hcs,4,3,48.922060640271866
hcs,4,3,48.73619725706533
hcs,4,3,45.5842788936216
hcs,4,3,46.36938556971724
hcs,4,4,40.09562258351748
hcs,4,4,45.55888272682573
hcs,4,4,41.65492156031716
hcs,4,4,40.09400863330195
hcs,4,4,47.05577433017131
hcs,4,4,44.393656439610794
hcs,4,4,43.197068201380695
hcs,4,4,43.77028584627726
hcs,4,4,43.22781938786778
hcs,4,4,36.02165986506448
hcs,4,4,48.415389572079924
hcs,4,4,47.00474988395882
hcs,4,4,44.083736457474366
hcs,4,4,46.82172058007432
hcs,4,4,46.29652276174078
hcs,4,4,42.889817456595374
hcs,4,4,46.909500445683726
hcs,4,4,47.21298366561482
hcs,4,4,44.00953345916222
hcs,4,4,44.52922071667565
hcs,4,4,47.506278382105826
hcs,4,4,44.69938246043477
hcs,4,4,39.46601343871025
hcs,4,4,43.56557423508559
hcs,4,4,42.15471795836277
hcs,4,4,38.803338472147345
hcs,4,4,45.55288417093818
hcs,4,4,46.262106872781594
hcs,4,4,42.313158579793146
hcs,4,4,42.4697004829836
hcs,4,4,45.56597680785724
hcs,4,4,41.770774002134026
hcs,4,4,41.68564163339011
hcs,4,4,43.00745903724068
hcs,4,4,44.26443051503634
hcs,4,5,35.335313581523955
hcs,4,5,33.708353566012036
hcs,4,5,30.7528743783585
hcs,4,5,39.43262534181518
hcs,4,5,36.75192228061469
hcs,4,5,29.665857631726144
hcs,4,5,41.48419076932783
hcs,4,5,40.19519699815055
hcs,4,5,33.88083018211859
hcs,4,5,35.170286724345345
hcs,4,5,42.667674003267805
hcs,4,5,40.03513165981082
hcs,4,5,39.34732721428338
hcs,4,5,40.03680372285231
hcs,4,5,42.394177655252825
hcs,4,5,39.88363440868374
hcs,4,5,34.981059901306246
hcs,4,5,31.677345042667643
hcs,4,5,35.493057910974464
hcs,4,5,39.41193753900805
hcs,4,5,36.937555927274865
hcs,5,0,55.71997265638428
hcs,5,1,55.13674454198251
hcs,5,1,53.21721797464162
hcs,5,1,54.40711106118563
hcs,5,1,54.446483099596364
hcs,5,1,54.968041762107624
hcs,5,1,51.42509177214863
hcs,5,1,52.197509371375695
hcs,5,2,50.90869063328525
hcs,5,2,53.603763106223525
hcs,5,2,53.23725539616453
hcs,5,2,53.98152727147823
hcs,5,2,50.71391951497408
hcs,5,2,51.05119827307997
hcs,5,2,51.56047109546089
hcs,5,2,51.77268330863384
hcs,5,2,51.61242391657067
hcs,5,2,48.39226646857504
hcs,5,2,49.923162395899354
hcs,5,2,52.456788956378695
hcs,5,2,53.11952610679269
hcs,5,2,49.870757117584354
hcs,5,2,49.731365723012686
hcs,5,2,53.35618557324477
hcs,5,2,49.7830973779919
hcs,5,2,50.282076261049355
hcs,5,2,49.8809729627744
hcs,5,2,51.01762746023416
hcs,5,2,47.095308576692084
hcs,5,3,47.26837603986204
hcs,5,3,49.16839008187582
hcs,5,3,48.81274754988873
hcs,5,3,45.54713580801062
hcs,5,3,44.65946309842081
hcs,5,3,50.86348538285414
hcs,5,3,52.103242211274626
hcs,5,3,49.12308182886213
hcs,5,3,48.30457797703035
hcs,5,3,51.815599737471594
hcs,5,3,48.48303003712913
hcs,5,3,48.16595332556053
hcs,5,3,49.18259682299891
hcs,5,3,49.795986110996424
hcs,5,3,45.90415055612082
hcs,5,3,49.60490225983093
hcs,5,3,49.7807802854974
hcs,5,3,46.26707645979617
hcs,5,3,44.74239439032482
hcs,5,3,50.347010820855175
hcs,5,3,46.95992648373316
hcs,5,3,47.14892896825308
hcs,5,3,46.21148705214637
hcs,5,3,48.50632499797473
hcs,5,3,44.345577333566496
hcs,5,3,50.104719887228775
hcs,5,3,47.83243321555032
hcs,5,3,45.95224997065437
hcs,5,3,47.92267967950162
hcs,5,3,48.10901162316451
hcs,5,3,44.64551077571796
hcs,5,3,47.379336029576606
hcs,5,3,49.047736024027955
hcs,5,3,44.62975659075954
hcs,5,3,45.26058817115956
hcs,5,4,40.04973041605579
hcs,5,4,45.41310587741593
hcs,5,4,41.20027070757486
hcs,5,4,39.29760543227766
hcs,5,4,47.190744432148065
hcs,5,4,44.163153651541734
hcs,5,4,41.77134888084897
hcs,5,4,43.78014904009675
hcs,5,4,42.825366639421794
hcs,5,4,35.92727433571824
hcs,5,4,48.31624424867649
hcs,5,4,46.4206382306122
hcs,5,4,44.329025833652565
hcs,5,4,47.382199766418886
hcs,5,4,46.58740814104662
hcs,5,4,43.02436200180933
hcs,5,4,46.38585207011757
hcs,5,4,47.0010420920492
hcs,5,4,42.361610631160914
hcs,5,4,44.166441477507426
hcs,5,4,46.9239454100849
hcs,5,4,43.80557981825967
hcs,5,4,38.094377956460754
hcs,5,4,43.599462637516304
hcs,5,4,42.635048570562596
hcs,5,4,38.46762025722483
hcs,5,4,44.36378694816322
hcs,5,4,45.465112214648364
hcs,5,4,41.23440127667278
hcs,5,4,41.36030680097092
hcs,5,4,44.05278609903356
hcs,5,4,42.38062301681808
hcs,5,4,40.722071209690824
hcs,5,4,42.20899392704878
hcs,5,4,42.66278748087115
hcs,5,5,34.3201995862969
hcs,5,5,33.931047021916996
hcs,5,5,27.758943975117333
hcs,5,5,38.509096243640464
hcs,5,5,35.956950255385514
hcs,5,5,29.537682528902803
hcs,5,5,41.418225253448
hcs,5,5,40.05195679032166
hcs,5,5,33.317022296904064
hcs,5,5,35.19580528901982
hcs,5,5,42.87842452522962
hcs,5,5,40.39915713782507
hcs,5,5,39.09934363472687
hcs,5,5,40.02294124581102
hcs,5,5,40.02374936691574
hcs,5,5,39.6881190192508
hcs,5,5,34.7873781271165
hcs,5,5,31.734479290971084
hcs,5,5,34.9737732016411
hcs,5,5,38.12354884172568
hcs,5,5,35.812871503871065
hcs,6,0,56.300334481888456
hcs,6,1,55.18960169652901
hcs,6,1,53.54950146231524
hcs,6,1,54.712574954654826
hcs,6,1,55.15183035645143
hcs,6,1,54.841564293362154
hcs,6,1,51.66833150349478
hcs,6,1,52.32452228556714
hcs,6,2,50.83538954235722
hcs,6,2,53.773864233129856
hcs,6,2,53.7677138413175
hcs,6,2,53.80533309588582
hcs,6,2,50.76019536108787
hcs,6,2,50.88204278682851
hcs,6,2,51.389789793912996
hcs,6,2,52.348322367647334
hcs,6,2,51.75902364792674
hcs,6,2,49.38549999174383
hcs,6,2,49.3678443028713
hcs,6,2,52.807099982567415
hcs,6,2,53.23333534316226
hcs,6,2,49.60818824325838
hcs,6,2,49.773959106171965
hcs,6,2,53.5032760790912
hcs,6,2,50.56425599551145
hcs,6,2,50.78069315774214
hcs,6,2,49.08871207771096
hcs,6,2,50.835031153707924
hcs,6,2,46.79747029172538
hcs,6,3,47.929004089126856
hcs,6,3,49.33893799687843
hcs,6,3,48.904227809903865
hcs,6,3,45.25274612170806
hcs,6,3,44.50293143706139
hcs,6,3,51.65735396939548
hcs,6,3,52.17692071017627
hcs,6,3,49.09902351921335
hcs,6,3,48.63322890028087
hcs,6,3,51.94997405474015
hcs,6,3,49.22736421911941
hcs,6,3,48.75861665706569
hcs,6,3,48.212051040176775
hcs,6,3,49.31015893617723
hcs,6,3,45.04899680683751
hcs,6,3,49.04396862500816
hcs,6,3,49.15299671868269
hcs,6,3,46.15209429172345
hcs,6,3,44.982283632904135
hcs,6,3,50.048663604697076
hcs,6,3,47.932232066421584
hcs,6,3,47.78289092550471
hcs,6,3,46.78297027330328
hcs,6,3,47.139103516714584
hcs,6,3,43.54830302538167
hcs,6,3,50.235825118872654
hcs,6,3,48.25997684654703
hcs,6,3,45.33991373937134
hcs,6,3,46.883403184234524
hcs,6,3,47.603227519301164
hcs,6,3,43.72905194629692
hcs,6,3,47.99128252999083
hcs,6,3,49.347082546578065
hcs,6,3,45.722141811659725
hcs,6,3,44.760518929443165
hcs,6,4,39.59361356146138
hcs,6,4,45.42053653231944
hcs,6,4,41.28111048582926
hcs,6,4,39.56802091480761
hcs,6,4,46.5152453371712
hcs,6,4,43.49843940218544
hcs,6,4,42.02632454069435
hcs,6,4,42.11706205756393
hcs,6,4,41.97115626615101
hcs,6,4,35.21887374113375
hcs,6,4,48.80424630337754
hcs,6,4,46.8228916277243
hcs,6,4,43.429633683690746
hcs,6,4,46.168280770305
hcs,6,4,46.336704618733435
hcs,6,4,42.19062256304739
hcs,6,4,46.655835944184446
hcs,6,4,47.24538689594687
hcs,6,4,43.16006045680199
hcs,6,4,42.64795300765647
hcs,6,4,44.11268251636454
hcs,6,4,43.25420568386091
hcs,6,4,36.72471467268222
hcs,6,4,43.22759989651328
hcs,6,4,41.35011599051439
hcs,6,4,37.144267026917056
hcs,6,4,44.60144985051401
hcs,6,4,45.99622878818858
hcs,6,4,41.64951805291186
hcs,6,4,40.71690624069843
hcs,6,4,43.67079568980814
hcs,6,4,41.80095090278982
hcs,6,4,39.72373233057934
hcs,6,4,41.306074678506775
hcs,6,4,43.15526315878128
hcs,6,5,33.72118627978358
hcs,6,5,33.20659650079576
hcs,6,5,29.926463224484074
hcs,6,5,38.20396306001846
hcs,6,5,35.42542206909457
hcs,6,5,28.35076335888143
hcs,6,5,39.67161708193199
hcs,6,5,39.09845743663233
hcs,6,5,33.08795524070308
hcs,6,5,33.58218599608793
hcs,6,5,41.20523975467517
hcs,6,5,39.607938223817904
hcs,6,5,37.5373142003318
hcs,6,5,39.74935078036228
hcs,6,5,40.13742578076364
hcs,6,5,37.07467634972945
hcs,6,5,35.03487793053359
hcs,6,5,29.229848690872785
hcs,6,5,33.7861031507172
hcs,6,5,37.9316115322364
hcs,6,5,34.3104082643704
hcs,7,0,55.98654361554839
hcs,7,1,55.008107432425646
hcs,7,1,53.8977736323643
hcs,7,1,55.08785213576157
hcs,7,1,54.92066932523658
hcs,7,1,54.8842217171739
hcs,7,1,52.19063339397982
hcs,7,1,52.4708251713084
hcs,7,2,51.308524033748924
hcs,7,2,53.73644062962698
hcs,7,2,53.454219284789595
hcs,7,2,53.8534111864425
hcs,7,2,51.481070014119645
hcs,7,2,51.06825944039538
hcs,7,2,51.89564479747337
hcs,7,2,52.223651188948374
hcs,7,2,51.872454191131
hcs,7,2,49.09805766507141
hcs,7,2,50.028886762905046
hcs,7,2,53.188010044476684
hcs,7,2,53.320631548263975
hcs,7,2,50.274103792485434
hcs,7,2,50.07798620312097
hcs,7,2,53.71032876473948
hcs,7,2,50.88814933991252
hcs,7,2,50.76108410757928
hcs,7,2,50.4343329977081
hcs,7,2,50.93075179354767
hcs,7,2,47.67236292778362
hcs,7,3,48.13324516206233
hcs,7,3,49.50229918009717
hcs,7,3,49.37743283972774
hcs,7,3,46.09835724293559
hcs,7,3,45.69860669185377
hcs,7,3,51.65222501867446
hcs,7,3,52.04757720150015
hcs,7,3,49.07886754598777
hcs,7,3,48.394238801024834
hcs,7,3,52.10138250094685
hcs,7,3,49.46484503449059
hcs,7,3,48.8646783267033
hcs,7,3,49.648177275579904
hcs,7,3,49.47665149908163
hcs,7,3,46.04759549394058
hcs,7,3,49.63807403718859
hcs,7,3,49.58898316006903
hcs,7,3,46.662811112566885
hcs,7,3,45.93610528615702
hcs,7,3,50.24823004545327
hcs,7,3,47.531147825752825
hcs,7,3,47.94649918273976
hcs,7,3,47.02966634067391
hcs,7,3,47.939988488103346
hcs,7,3,44.24940344422376
hcs,7,3,50.83405610614867
hcs,7,3,48.28460825303707
hcs,7,3,46.165119454417145
hcs,7,3,47.72190189911168
hcs,7,3,47.41205672692094
hcs,7,3,44.358790497469705
hcs,7,3,48.57944405773523
hcs,7,3,49.38080316413469
hcs,7,3,45.899852767248184
hcs,7,3,45.666755258204304
hcs,7,4,40.87282022066632
hcs,7,4,46.01647730661505
hcs,7,4,42.29744285410768
hcs,7,4,40.780489451493665
hcs,7,4,47.259437638257985
hcs,7,4,44.60093643586983
hcs,7,4,42.9994400818775
hcs,7,4,44.3629597085171
hcs,7,4,43.17999480840741
hcs,7,4,36.920537799371814
hcs,7,4,49.30519717113008
hcs,7,4,46.36711372233337
hcs,7,4,44.48707439903205
hcs,7,4,46.15132501193955
hcs,7,4,45.2957920381314
hcs,7,4,42.237774023539366
hcs,7,4,47.10908205224848
hcs,7,4,47.46362875368781
hcs,7,4,43.55498356646482
hcs,7,4,43.820204063581315
hcs,7,4,47.09131567642486
hcs,7,4,44.49477373789799
hcs,7,4,38.65848096879477
hcs,7,4,43.17547961933433
hcs,7,4,42.38388437936151
hcs,7,4,38.69486117352866
hcs,7,4,45.02089289064368
hcs,7,4,46.12233446641612
hcs,7,4,41.71766143457248
hcs,7,4,41.576051821034596
hcs,7,4,44.068383810095156
hcs,7,4,41.705787966665426
hcs,7,4,40.92705458996196
hcs,7,4,41.32411158694193
hcs,7,4,43.648414626322705
hcs,7,5,36.39312781998261
hcs,7,5,33.78145157838698
hcs,7,5,30.21208405562795
hcs,7,5,38.36090331311253
hcs,7,5,37.14244476607511
hcs,7,5,29.993273630055395
hcs,7,5,41.85729747227847
hcs,7,5,40.35211169271662
hcs,7,5,33.99078070299642
hcs,7,5,35.77846988106557
hcs,7,5,41.441047947895186
hcs,7,5,40.09605242665177
hcs,7,5,38.66686919180458
hcs,7,5,39.59755139076093
hcs,7,5,40.921101309740706
hcs,7,5,38.97939926795318
hcs,7,5,35.0181739286245
hcs,7,5,30.628625914838498
hcs,7,5,35.24455418813343
hcs,7,5,38.344523122293
hcs,7,5,34.793356653835396
hcs,8,0,55.953320344741144
hcs,8,1,54.81307710271859
hcs,8,1,53.48943516287604
hcs,8,1,54.234885530367535
hcs,8,1,54.78768195814464
hcs,8,1,54.99514661912571
hcs,8,1,52.26723069944502
hcs,8,1,51.99956100713333
hcs,8,2,50.693917202850656
hcs,8,2,52.89497716292575
hcs,8,2,53.32017253261978
hcs,8,2,53.89695807380258
hcs,8,2,51.21729312942583
hcs,8,2,50.403734574027936
hcs,8,2,50.839815242602306
hcs,8,2,52.53327499109835
hcs,8,2,52.055655148941604
hcs,8,2,49.61457205201674
hcs,8,2,49.23635584989625
hcs,8,2,52.17326502876368
hcs,8,2,53.207669363955915
hcs,8,2,50.38669829576674
hcs,8,2,49.55717588218908
hcs,8,2,53.831417971170126
hcs,8,2,50.95200924472415
hcs,8,2,50.7513868737827
hcs,8,2,50.71875076330915
hcs,8,2,51.244249495428996
hcs,8,2,47.87743205100564
hcs,8,3,46.156142559093084
hcs,8,3,49.611170224566806
hcs,8,3,49.184795856368396
hcs,8,3,46.178495890806815
hcs,8,3,44.15068452906481
hcs,8,3,50.632733156044054
hcs,8,3,52.312975810296535
hcs,8,3,49.47384634184176
hcs,8,3,48.27426243213713
hcs,8,3,52.130710299241365
hcs,8,3,49.59587895738478
hcs,8,3,48.725425704567336
hcs,8,3,49.72297346867827
hcs,8,3,49.61632710875538
hcs,8,3,46.35991617524264
hcs,8,3,48.6141215258289
hcs,8,3,49.30670892016018
hcs,8,3,46.58802967075532
hcs,8,3,44.772349565431206
hcs,8,3,50.71357054484302
hcs,8,3,48.443789714434644
hcs,8,3,47.83888672777246
hcs,8,3,47.67075456070486
hcs,8,3,47.94841916081744
hcs,8,3,44.48906364810634
hcs,8,3,49.946541570662326
hcs,8,3,48.3165860744775
hcs,8,3,45.74797472404891
hcs,8,3,48.18075894161925
hcs,8,3,48.25188947904289
hcs,8,3,44.93138980114441
hcs,8,3,49.21006695340888
hcs,8,3,49.43575708120692
hcs,8,3,45.87937955441123
hcs,8,3,46.228514225105286
hcs,8,4,38.73945659522072
hcs,8,4,45.13025884470119
hcs,8,4,41.206962847221185
hcs,8,4,38.33114549601579
hcs,8,4,47.44809977391944
hcs,8,4,44.72178495936967
hcs,8,4,42.12062579518489
hcs,8,4,44.78292859515974
hcs,8,4,42.084434946815854
hcs,8,4,36.496384419745866
hcs,8,4,48.50560292287796
hcs,8,4,46.73147102807899
hcs,8,4,43.9377170019239
hcs,8,4,47.37513932432289
hcs,8,4,47.07574882051573
hcs,8,4,43.48714153311263
hcs,8,4,48.18940987014217
hcs,8,4,47.32612407653745
hcs,8,4,43.69914944496674
hcs,8,4,44.71318071025267
hcs,8,4,45.85704329557535
hcs,8,4,44.1139424877035
hcs,8,4,38.22920617703581
hcs,8,4,44.3043250309754
hcs,8,4,41.9551974067044
hcs,8,4,38.73801568489961
hcs,8,4,45.81925216463495
hcs,8,4,45.92636696591087
hcs,8,4,41.90849764729267
hcs,8,4,42.187950789560574
hcs,8,4,44.73465077148297
hcs,8,4,42.59686119858562
hcs,8,4,41.248084578107964
hcs,8,4,43.09575758444982
hcs,8,4,43.93388406087053
hcs,8,5,33.53302048159586
hcs,8,5,33.44263130205182
hcs,8,5,27.443874397657197
hcs,8,5,39.37121461482636
hcs,8,5,35.115426616185715
hcs,8,5,29.309918180086292
hcs,8,5,42.67903590553511
hcs,8,5,39.13821539811306
hcs,8,5,34.092604974987864
hcs,8,5,34.42723695900269
hcs,8,5,43.11591715467637
hcs,8,5,40.534370298007666
hcs,8,5,39.22511001428461
hcs,8,5,41.57250733915202
hcs,8,5,41.43757465237432
hcs,8,5,39.64055045363991
hcs,8,5,34.8705972817658
hcs,8,5,31.85186973764211
hcs,8,5,34.93249347395484
hcs,8,5,38.378862395955856
hcs,8,5,35.999277957981604
hcs,9,0,56.018316620069605
hcs,9,1,55.27218426355272
hcs,9,1,52.92223662048703
hcs,9,1,54.839674362205
hcs,9,1,55.02967535622854
hcs,9,1,54.879221913573936
hcs,9,1,51.71270446417433
hcs,9,1,51.81006274999762
hcs,9,2,50.27051460857068
hcs,9,2,54.047111917432325
hcs,9,2,53.815098664626525
hcs,9,2,53.771124064878315
hcs,9,2,51.12168652325958
hcs,9,2,50.2648008642818
hcs,9,2,51.19305165604741
hcs,9,2,51.690886143115975
hcs,9,2,51.37813823801907
hcs,9,2,48.989786994965215
hcs,9,2,49.29230266016102
hcs,9,2,52.946947723556605
hcs,9,2,53.025032712154676
hcs,9,2,50.2024098142412
hcs,9,2,50.07013690651907
hcs,9,2,53.77423709992425
hcs,9,2,50.802419639851095
hcs,9,2,50.55835721325235
hcs,9,2,49.84898550214603
hcs,9,2,50.5366148539179
hcs,9,2,46.9975009639477
hcs,9,3,47.51192069551291
hcs,9,3,48.57310851091234
hcs,9,3,48.274775273731976
hcs,9,3,45.749493473100614
hcs,9,3,44.350670759098726
hcs,9,3,51.71413222641748
hcs,9,3,52.09747175892049
hcs,9,3,49.142390175592695
hcs,9,3,48.43214124479212
hcs,9,3,52.34781384731711
hcs,9,3,49.655337872227676
hcs,9,3,48.690987854862165
hcs,9,3,48.94686453575897
hcs,9,3,49.067490818511246
hcs,9,3,45.146446650942536
hcs,9,3,49.5381856294289
hcs,9,3,49.12717909963612
hcs,9,3,46.2385861804867
hcs,9,3,45.32109052016581
hcs,9,3,50.31230737261587
hcs,9,3,47.9479115008963
hcs,9,3,47.319167239968976
hcs,9,3,46.35841004469115
hcs,9,3,46.90404786124136
hcs,9,3,43.362784973775526
hcs,9,3,50.22258740388552
hcs,9,3,47.999191150435905
hcs,9,3,45.70014912004038
hcs,9,3,47.88423070976518
hcs,9,3,47.90831105997601
hcs,9,3,44.920543486139195
hcs,9,3,48.42829519851408
hcs,9,3,49.31544681265365
hcs,9,3,45.11856997384877
hcs,9,3,45.28055044880938
hcs,9,4,40.07142371481657
hcs,9,4,45.33778884874412
hcs,9,4,41.05248122356999
hcs,9,4,39.26068593541376
hcs,9,4,46.27233146310938
hcs,9,4,43.85629824915611
hcs,9,4,42.217869460057386
hcs,9,4,43.67129330741314
hcs,9,4,41.199605019834515
hcs,9,4,35.971259980336406
hcs,9,4,49.05142263662762
hcs,9,4,46.32840803615921
hcs,9,4,42.960274549107794
hcs,9,4,46.75342646154179
hcs,9,4,46.39512499918259
hcs,9,4,42.78314060105542
hcs,9,4,47.09233000387889
hcs,9,4,47.82812941750875
hcs,9,4,42.793913871039706
hcs,9,4,43.677446035185966
hcs,9,4,46.62772676933765
hcs,9,4,44.11264062627522
hcs,9,4,37.24553384543984
hcs,9,4,43.30217518842124
hcs,9,4,41.934784350724335
hcs,9,4,38.17962714232779
hcs,9,4,45.229983569527
hcs,9,4,46.16766529022961
hcs,9,4,41.536335672126974
hcs,9,4,40.28439220098348
hcs,9,4,44.095157550308876
hcs,9,4,40.84150944802434
hcs,9,4,40.12701721458045
hcs,9,4,42.64227452673427
hcs,9,4,43.33264135847155
hcs,9,5,34.326698515810214
hcs,9,5,33.01962077086228
hcs,9,5,28.25897683496067
hcs,9,5,39.143643978553186
hcs,9,5,35.034791508176944
hcs,9,5,29.326922620193653
hcs,9,5,41.02543289361113
hcs,9,5,39.67251228450623
hcs,9,5,33.19353062080705
hcs,9,5,33.45702347246979
hcs,9,5,41.96415616472188
hcs,9,5,37.70700596501953
hcs,9,5,37.057869908247994
hcs,9,5,40.600252403387735
hcs,9,5,41.583149590926766
hcs,9,5,40.22217713519872
hcs,9,5,34.813162601573225
hcs,9,5,30.014052845884304
hcs,9,5,34.485353417783415
hcs,9,5,38.97644971758054
hcs,9,5,35.18445892430583
