arm,model_seed,split_seed,joint,coverage,selective,pixel_acc,component_acc
clean,0,0,10.4231884057971,78.78502415458935,13.229910782720669,78.49109589041096,78.61835748792272
clean,0,1,7.6753623188405795,75.2623188405797,10.198147541930641,79.74858757062147,79.87826086956521
clean,0,2,8.528381642512077,76.57083333333333,11.137898428486144,79.56403269754769,79.82705314009661
clean,0,3,7.6105072463768115,74.42246376811595,10.226088819216574,79.89901129943503,79.93079710144927
clean,0,4,8.337801932367151,76.36485507246375,10.918375900085564,79.94066666666667,80.17053140096618
clean,0,5,9.005434782608695,76.5842391304348,11.758861725153459,78.99656593406593,79.25652173913043
clean,0,6,8.62644927536232,76.32137681159419,11.30279567238081,79.54735376044569,79.72137681159421
clean,0,7,7.6792874396135264,75.17234299516907,10.21557548114076,80.13919667590028,80.45869565217392
clean,0,8,8.062318840579712,75.26666666666665,10.71167250741326,80.05067567567568,80.118115942029
clean,0,9,8.041123188405797,76.18200483091788,10.555147775715097,79.8937165775401,80.00821256038647
clean,1,0,10.41231884057971,79.59130434782608,13.08223169088459,79.06301369863013,79.07379227053141
clean,1,1,7.878804347826085,75.56014492753626,10.427195918406484,79.79237288135593,79.95036231884058
clean,1,2,8.705374396135266,77.36340579710145,11.252573883531673,79.83651226158038,80.10917874396134
clean,1,3,8.072101449275362,75.59873188405797,10.677561975054216,79.94985875706215,80.02065217391305
clean,1,4,8.384782608695653,76.85301932367148,10.910153800701828,79.806,79.90169082125604
clean,1,5,8.723731884057969,76.44221014492754,11.412192122020752,79.0625,79.34094202898552
clean,1,6,8.330978260869564,76.26557971014493,10.923641166214551,79.83704735376045,80.0373188405797
clean,1,7,7.871497584541063,75.63496376811594,10.407220672007922,80.25969529085873,80.5272342995169
clean,1,8,8.428985507246377,76.66413043478262,10.994692641060903,80.12432432432432,80.23007246376814
clean,1,9,7.919987922705314,76.16135265700483,10.398959112994278,80.0100267379679,80.03448067632849
clean,2,0,10.519082125603866,78.9159420289855,13.329476725678887,78.80479452054794,78.84987922705315
clean,2,1,7.756884057971016,74.74003623188406,10.378485814356527,79.71186440677967,79.85525362318843
clean,2,2,8.58985507246377,76.88369565217393,11.172531444540267,79.70095367847412,79.97373188405797
clean,2,3,8.440579710144927,75.60851449275361,11.163530677426388,79.82697740112994,79.85960144927537
clean,2,4,8.719323671497586,77.1138888888889,11.307072950322866,79.77533333333334,79.89335748792273
clean,2,5,9.183876811594203,77.29076086956522,11.882244020204151,79.31043956043956,79.60634057971015
clean,2,6,8.84909420289855,76.66811594202898,11.5420785996484,79.55013927576601,79.74692028985507
clean,2,7,8.192995169082124,75.64764492753622,10.830469576323615,79.83725761772853,80.06660628019324
clean,2,8,7.495289855072464,74.01557971014495,10.126638046239773,80.34054054054054,80.45833333333333
clean,2,9,8.315398550724638,76.20410628019322,10.912008494857126,79.81550802139037,79.9132850241546
clean,3,0,10.06557971014493,77.71545893719806,12.95183718631699,78.73150684931507,78.83381642512076
clean,3,1,7.467934782608694,74.53278985507245,10.019663556308501,80.30861581920904,80.43858695652173
clean,3,2,7.946135265700482,75.78351449275362,10.485308472280323,79.9707084468665,80.20561594202898
clean,3,3,7.995108695652174,75.72409420289856,10.558209747916852,80.3340395480226,80.36213768115941
clean,3,4,8.792270531400966,77.71231884057971,11.313869747520428,79.97533333333334,80.14794685990337
clean,3,5,9.233333333333334,77.49637681159419,11.91453550890645,79.02197802197803,79.2411231884058
clean,3,6,8.614855072463769,76.71159420289854,11.230186469176855,79.88091922005572,80.03315217391305
clean,3,7,7.788586956521741,75.49378019323672,10.316859132746806,80.27770083102493,80.56781400966183
clean,3,8,7.937318840579708,75.15797101449274,10.560847683140823,80.0581081081081,80.10036231884058
clean,3,9,7.759057971014494,76.07699275362319,10.19895462501042,80.31082887700535,80.4012077294686
clean,4,0,10.217995169082126,78.412922705314,13.031009196638015,78.83493150684932,78.92572463768116
clean,4,1,7.627355072463768,75.21050724637682,10.141342415731689,79.79025423728814,79.92047101449276
clean,4,2,8.562801932367151,75.16600241545895,11.391854904081065,79.36307901907357,79.61986714975843
clean,4,3,7.690942028985509,73.66123188405797,10.440963085020046,80.1906779661017,80.2034420289855
clean,4,4,8.016062801932367,75.30857487922704,10.644289597549538,79.67866666666666,79.81956521739131
clean,4,5,9.09855072463768,75.64891304347826,12.027338343127816,78.89903846153847,79.19003623188405
clean,4,6,8.552717391304347,75.70416666666667,11.297551730491733,79.78760445682451,79.9552536231884
clean,4,7,7.5306159420289855,74.21890096618358,10.14649347268045,79.84695290858726,80.09287439613527
clean,4,8,7.8659420289855095,75.08043478260869,10.476686838270071,80.42702702702704,80.56485507246377
clean,4,9,8.277234299516907,75.98031400966183,10.893919572988809,79.99064171122996,80.13713768115942
clean,5,0,10.21340579710145,78.61207729468599,12.992158646075943,79.01027397260275,79.04287439613526
clean,5,1,8.142753623188407,76.08822463768115,10.701726399798101,79.92725988700565,80.09873188405795
clean,5,2,9.032004830917876,78.00320048309179,11.579018264610411,79.63623978201635,79.97687198067632
clean,5,3,8.223188405797101,75.75742753623187,10.854629932971608,79.93008474576271,79.9947463768116
clean,5,4,8.4012077294686,76.79770531400966,10.939399419706396,80.086,80.22693236714974
clean,5,5,9.825181159420291,78.40199275362319,12.531800295300835,78.88598901098901,79.2001811594203
clean,5,6,8.420833333333334,76.44076086956521,11.01615582778177,80.03621169916435,80.26032608695651
clean,5,7,7.4590579710144915,74.97620772946861,9.948566614529888,80.29986149584487,80.52711352657005
clean,5,8,7.802536231884058,75.40507246376811,10.347495171008756,80.17635135135134,80.31014492753621
clean,5,9,7.984661835748792,75.73351449275364,10.543102204127583,79.9090909090909,80.03309178743962
clean,6,0,10.006884057971016,78.47681159420289,12.751389684020022,78.88698630136986,78.956038647343
clean,6,1,7.715942028985507,75.2019927536232,10.260289317418064,79.85593220338984,80.02971014492753
clean,6,2,8.20066425120773,76.31292270531401,10.746101656825523,79.84059945504087,80.13212560386472
clean,6,3,7.685144927536233,74.54927536231885,10.308812379711892,80.05155367231639,80.07246376811594
clean,6,4,8.616545893719806,77.22427536231883,11.157820326954084,79.69466666666666,79.80169082125605
clean,6,5,8.982608695652175,77.12210144927538,11.64725613909808,79.0885989010989,79.3373188405797
clean,6,6,8.227717391304347,76.1001811594203,10.811692253489271,79.98050139275766,80.12427536231883
clean,6,7,8.0387077294686,75.82065217391303,10.602266663480917,80.2409972299169,80.46721014492753
clean,6,8,8.334782608695653,76.32391304347827,10.920276852089208,80.3304054054054,80.40942028985508
clean,6,9,8.008816425120772,76.33870772946861,10.491160596407598,80.14104278074866,80.24571256038647
clean,7,0,10.345410628019325,78.36666666666666,13.201289614656734,78.07808219178082,78.2175120772947
clean,7,1,7.9762681159420294,75.57300724637682,10.554387613474828,79.5614406779661,79.73061594202898
clean,7,2,8.250000000000002,75.73798309178744,10.892817135098202,79.59468664850137,79.8820652173913
clean,7,3,8.29003623188406,75.33695652173913,11.003943634877125,79.50776836158192,79.56684782608697
clean,7,4,8.792149758454107,76.99625603864733,11.41893153095781,79.44066666666667,79.68925120772946
clean,7,5,8.940760869565217,76.48478260869565,11.68959440638945,79.11057692307692,79.42880434782609
clean,7,6,9.069021739130434,77.33804347826087,11.72646905876235,79.21727019498607,79.47083333333333
clean,7,7,7.643176328502416,74.85471014492752,10.210681884552525,80.07756232686981,80.46582125603867
clean,7,8,7.672826086956522,74.45326086956521,10.305560827481495,80.04527027027028,80.19673913043478
clean,7,9,8.0768115942029,75.40138888888889,10.711754402965772,79.31951871657755,79.4550120772947
clean,8,0,10.314975845410627,78.42850241545895,13.152075492617662,78.59178082191781,78.63840579710144
clean,8,1,7.431702898550724,74.02898550724638,10.038909553641346,79.75564971751412,79.92264492753623
clean,8,2,8.097705314009662,75.40567632850241,10.738853768424898,79.67643051771117,80.10670289855072
clean,8,3,7.559963768115942,73.73677536231885,10.252636802963929,80.02330508474577,80.11576086956521
clean,8,4,8.645652173913044,76.53719806763286,11.296013431629975,79.74333333333334,79.91485507246377
clean,8,5,9.488043478260872,77.41684782608695,12.255786362647164,78.72184065934066,79.04293478260868
clean,8,6,8.459057971014493,75.50525362318842,11.20327071971669,79.40807799442896,79.66322463768115
clean,8,7,7.747826086956524,74.75157004830918,10.364767030243499,80.1606648199446,80.43605072463768
clean,8,8,8.052898550724638,74.79275362318842,10.766950219931404,79.80675675675676,79.95217391304348
clean,8,9,8.09849033816425,75.58858695652174,10.7139062446325,79.44050802139037,79.57173913043476
clean,9,0,10.160024154589372,77.32077294685989,13.140096467442241,78.28219178082192,78.38272946859904
clean,9,1,7.577355072463768,74.04547101449275,10.23338087886654,79.54096045197741,79.69710144927538
clean,9,2,8.539432367149757,76.03073671497586,11.23155283785082,79.54427792915531,79.81739130434782
clean,9,3,7.971739130434782,74.38297101449274,10.717156120157627,79.52330508474577,79.58152173913044
clean,9,4,8.594082125603864,76.52705314009661,11.23012290813138,79.49199999999999,79.69794685990338
clean,9,5,8.964311594202899,76.18315217391306,11.766790082062913,78.89903846153847,79.1804347826087
clean,9,6,8.566666666666666,75.47500000000001,11.350336756100253,79.18732590529248,79.4217391304348
clean,9,7,7.834782608695652,74.63140096618356,10.497970703036502,79.64819944598338,79.99679951690821
clean,9,8,8.694565217391306,75.78079710144928,11.47330926824604,79.44932432432432,79.5376811594203
clean,9,9,8.247705314009663,75.8152777777778,10.878685082688106,79.67312834224599,79.76225845410629
clean_selfnorm,0,0,10.915579710144927,75.77041062801932,14.406124527598148,75.99657534246576,76.18478260869567
clean_selfnorm,0,1,8.320108695652175,72.7663043478261,11.434012995742775,77.99152542372882,78.07047101449277
clean_selfnorm,0,2,9.146557971014492,75.35078502415456,12.138636602236403,78.30449591280654,78.49704106280193
clean_selfnorm,0,3,8.58804347826087,74.35851449275363,11.549509207984233,78.6885593220339,78.69039855072465
clean_selfnorm,0,4,9.58635265700483,74.69673913043479,12.833696314728313,77.47066666666666,77.68804347826087
clean_selfnorm,0,5,9.915398550724639,75.40416666666667,13.14966929421403,77.13736263736264,77.26757246376813
clean_selfnorm,0,6,9.378442028985509,75.35778985507247,12.445219063645654,77.65807799442896,77.72047101449276
clean_selfnorm,0,7,8.367451690821257,73.9169082125604,11.320078035135417,78.55747922437673,78.95899758454105
clean_selfnorm,0,8,8.598913043478259,73.28079710144927,11.73419692961855,78.30135135135136,78.2126811594203
clean_selfnorm,0,9,8.593115942028987,75.44305555555555,11.390201362802834,78.71457219251337,78.7485507246377
clean_selfnorm,1,0,10.9756038647343,77.15736714975847,14.224959028774553,77.39109589041095,77.40314009661836
clean_selfnorm,1,1,8.781884057971014,74.19239130434782,11.836637023797316,78.25282485875707,78.37373188405799
clean_selfnorm,1,2,9.58949275362319,76.05380434782609,12.60882717946153,78.02043596730245,78.18134057971015
clean_selfnorm,1,3,9.15126811594203,75.59547101449276,12.105577216639867,78.86158192090396,78.8980072463768
clean_selfnorm,1,4,9.453743961352657,76.07850241545894,12.426301335068976,78.536,78.61437198067632
clean_selfnorm,1,5,9.888043478260869,75.38079710144928,13.117456777424765,76.97252747252747,77.13641304347826
clean_selfnorm,1,6,9.191485507246377,75.38387681159419,12.192906356114479,78.45403899721448,78.58713768115942
clean_selfnorm,1,7,8.399758454106282,74.54317632850241,11.268313033898101,78.76246537396122,79.0421497584541
clean_selfnorm,1,8,9.077536231884057,75.22028985507247,12.067935725020229,78.57972972972973,78.56521739130436
clean_selfnorm,1,9,8.702596618357488,75.77946859903383,11.48410879522642,78.90508021390374,78.85549516908212
clean_selfnorm,2,0,11.748792270531402,78.118115942029,15.039779350605578,76.52328767123288,76.60688405797099
clean_selfnorm,2,1,8.87608695652174,74.03894927536231,11.988402109152304,78.19562146892656,78.30869565217391
clean_selfnorm,2,2,9.384057971014494,76.48037439613525,12.269890210538371,78.49318801089919,78.74649758454105
clean_selfnorm,2,3,9.19782608695652,75.56105072463768,12.172708027149556,78.61440677966101,78.65072463768115
clean_selfnorm,2,4,9.933695652173915,76.33611111111111,13.013101542093116,77.63533333333334,77.76485507246375
clean_selfnorm,2,5,10.078804347826086,76.75942028985507,13.130381013518615,77.8598901098901,78.10760869565215
clean_selfnorm,2,6,9.918115942028985,76.05036231884058,13.041510440735781,77.86699164345404,77.98985507246378
clean_selfnorm,2,7,8.90169082125604,75.79190821256039,11.74490922736899,78.66135734072022,78.98200483091786
clean_selfnorm,2,8,8.479347826086956,73.78876811594203,11.491380114604457,78.63581081081081,78.6496376811594
clean_selfnorm,2,9,9.089190821256041,75.89921497584541,11.975342332787811,78.52874331550802,78.5550724637681
clean_selfnorm,3,0,11.47753623188406,75.35797101449275,15.230686385753028,74.90547945205479,75.0165458937198
clean_selfnorm,3,1,9.02409420289855,73.45923913043478,12.284491793980196,77.40607344632768,77.47173913043478
clean_selfnorm,3,2,8.784359903381642,74.16751207729469,11.843945761894913,77.62057220708446,77.64842995169083
clean_selfnorm,3,3,9.181159420289852,75.37155797101447,12.181198939553084,78.39265536723164,78.39202898550724
clean_selfnorm,3,4,11.21195652173913,77.45495169082126,14.475454799189805,76.73266666666667,76.87089371980676
clean_selfnorm,3,5,10.671195652173914,76.81340579710145,13.892361029221009,76.82005494505495,76.90144927536231
clean_selfnorm,3,6,10.496557971014493,76.96195652173914,13.638631923357577,77.42061281337047,77.47028985507247
clean_selfnorm,3,7,8.817391304347828,73.9580917874396,11.922145489758696,77.59626038781164,78.03858695652174
clean_selfnorm,3,8,9.527173913043478,74.19999999999997,12.839857025665069,77.5445945945946,77.41847826086956
clean_selfnorm,3,9,8.492149758454106,75.5632850241546,11.238460259819966,78.77673796791443,78.67614734299515
clean_selfnorm,4,0,11.230917874396136,77.62934782608697,14.46736084857593,76.83150684931506,76.94299516908212
clean_selfnorm,4,1,8.738586956521738,74.51992753623189,11.726510271058707,78.31497175141243,78.4141304347826
clean_selfnorm,4,2,9.568236714975844,76.17590579710145,12.560712754058152,78.22002724795641,78.43623188405797
clean_selfnorm,4,3,8.690579710144926,75.03786231884057,11.581592867368888,78.84887005649718,78.88297101449275
clean_selfnorm,4,4,9.404347826086955,75.30978260869567,12.487551418055851,78.152,78.34190821256037
clean_selfnorm,4,5,10.32536231884058,76.64764492753623,13.471206230279254,77.48420329670328,77.7213768115942
clean_selfnorm,4,6,9.248731884057971,75.89692028985505,12.185911956290836,78.21100278551532,78.3481884057971
clean_selfnorm,4,7,8.730072463768119,74.7860507246377,11.673396815553549,78.95706371191136,79.33707729468598
clean_selfnorm,4,8,8.795652173913043,75.21195652173913,11.6944865958523,78.86554054054054,78.90942028985508
clean_selfnorm,4,9,9.006340579710145,76.22083333333333,11.816114027936559,78.93248663101605,78.9701690821256
clean_selfnorm,5,0,10.559057971014491,77.73297101449276,13.583757102305826,77.48698630136987,77.51099033816425
clean_selfnorm,5,1,8.636775362318842,75.306884057971,11.468772702997882,78.42867231638418,78.55797101449275
clean_selfnorm,5,2,9.543719806763287,77.62173913043478,12.295163589063778,78.40326975476839,78.62173913043479
clean_selfnorm,5,3,8.991485507246376,76.21159420289855,11.798054615296845,78.79802259887005,78.8213768115942
clean_selfnorm,5,4,9.15326086956522,77.01316425120773,11.885319813257352,79.00333333333333,79.12113526570049
clean_selfnorm,5,5,10.396014492753622,78.0588768115942,13.318170741613189,77.60989010989012,77.8141304347826
clean_selfnorm,5,6,8.960326086956522,76.6657608695652,11.687519937617413,79.0724233983287,79.20362318840579
clean_selfnorm,5,7,8.490277777777777,75.5967995169082,11.231001619160896,78.8628808864266,79.05785024154589
clean_selfnorm,5,8,8.668840579710144,75.95217391304348,11.413551624782947,79.18783783783783,79.21376811594203
clean_selfnorm,5,9,8.428562801932367,75.58478260869566,11.151137187980352,78.90775401069519,78.92548309178744
clean_selfnorm,6,0,10.65205314009662,77.45555555555555,13.752471418859502,77.29520547945205,77.35929951690822
clean_selfnorm,6,1,8.41195652173913,74.7338768115942,11.255881376187487,78.6885593220339,78.82844202898549
clean_selfnorm,6,2,8.870531400966183,76.54704106280194,11.588340029614574,79.1532697547684,79.39136473429951
clean_selfnorm,6,3,8.576268115942028,75.19710144927537,11.405051458967735,79.1638418079096,79.17010869565219
clean_selfnorm,6,4,9.706159420289854,77.22910628019324,12.568006918369804,78.30866666666667,78.38792270531401
clean_selfnorm,6,5,9.782971014492754,77.1998188405797,12.672271983817641,78.24381868131867,78.42735507246377
clean_selfnorm,6,6,8.891847826086956,76.02155797101449,11.69648197617476,78.8300835654596,78.90597826086955
clean_selfnorm,6,7,8.920531400966183,76.58786231884058,11.64744795177778,79.29570637119113,79.54927536231884
clean_selfnorm,6,8,8.773913043478263,75.56304347826088,11.611381225006474,79.25067567567568,79.23913043478261
clean_selfnorm,6,9,8.513949275362318,76.47010869565216,11.13369579380027,79.13636363636364,79.14136473429951
clean_selfnorm,7,0,11.560386473429954,77.14070048309179,14.986105131316297,75.63630136986302,75.8834541062802
clean_selfnorm,7,1,9.329891304347825,74.61467391304349,12.504097136738748,77.43149717514125,77.53931159420291
clean_selfnorm,7,2,9.216968599033818,75.5006038647343,12.207807788593048,78.10422343324251,78.2893115942029
clean_selfnorm,7,3,9.441485507246375,75.61231884057972,12.486702764866545,78.35310734463276,78.39365942028985
clean_selfnorm,7,4,10.531400966183575,76.70857487922706,13.729105230757604,76.88133333333333,77.16896135265702
clean_selfnorm,7,5,10.16177536231884,76.04565217391304,13.362730244037238,77.5048076923077,77.71032608695653
clean_selfnorm,7,6,10.251086956521743,76.79148550724636,13.349249449738027,77.30222841225627,77.44945652173914
clean_selfnorm,7,7,8.68659420289855,75.2034420289855,11.550793379311674,78.01177285318559,78.51564009661837
clean_selfnorm,7,8,8.875362318840578,74.53405797101449,11.907794316380993,78.06148648648649,78.06050724637682
clean_selfnorm,7,9,8.859239130434782,75.02844202898551,11.807840987837944,78.26804812834224,78.32185990338164
clean_selfnorm,8,0,10.890217391304349,75.968961352657,14.335087906165594,76.33219178082193,76.37838164251208
clean_selfnorm,8,1,7.8396739130434785,72.37119565217391,10.832588631977352,78.06920903954803,78.18206521739131
clean_selfnorm,8,2,8.39969806763285,73.88894927536232,11.368003131739838,78.3058583106267,78.60452898550724
clean_selfnorm,8,3,8.080978260869566,73.02898550724638,11.065439571343521,78.84322033898306,78.90815217391305
clean_selfnorm,8,4,9.45458937198068,75.55555555555556,12.51342710997443,78.06666666666666,78.22367149758455
clean_selfnorm,8,5,9.903804347826087,76.09764492753622,13.014600329953652,77.49381868131869,77.71612318840579
clean_selfnorm,8,6,9.15,74.75,12.240802675585284,78.05013927576601,78.20778985507245
clean_selfnorm,8,7,8.277958937198067,74.0284420289855,11.182133123856463,78.67936288088643,79.01292270531401
clean_selfnorm,8,8,8.681159420289854,73.30507246376811,11.842508476586826,78.06554054054054,78.05072463768117
clean_selfnorm,8,9,8.2637077294686,74.68435990338163,11.064843750631686,78.65307486631016,78.67602657004831
clean_selfnorm,9,0,11.932729468599035,75.52910628019325,15.79884902163641,74.80068493150685,74.90736714975846
clean_selfnorm,9,1,9.364855072463769,72.806884057971,12.862595609787657,76.60593220338983,76.68097826086957
clean_selfnorm,9,2,10.354468599033817,75.81189613526571,13.6581052933422,76.84945504087194,76.91407004830918
clean_selfnorm,9,3,9.593297101449275,74.74003623188406,12.835553185558638,77.55861581920904,77.57083333333334
clean_selfnorm,9,4,10.707367149758454,76.16437198067634,14.058235985291153,76.57466666666667,76.73743961352658
clean_selfnorm,9,5,10.834601449275363,76.1856884057971,14.221308064535307,76.64903846153847,76.78496376811594
clean_selfnorm,9,6,10.189311594202897,75.58985507246378,13.479734263857196,77.46796657381616,77.60018115942029
clean_selfnorm,9,7,9.139613526570049,74.00754830917874,12.349569382284905,76.61703601108033,77.02228260869566
clean_selfnorm,9,8,9.896014492753624,74.83333333333334,13.224072818824439,77.23513513513514,77.15615942028987
clean_selfnorm,9,9,9.504045893719807,75.73176328502416,12.549616543259884,78.05815508021391,77.99033816425121
L2A_src,0,0,32.37463768115943,93.5765700483092,34.596948428913265,63.465753424657535,63.68707729468601
L2A_src,0,1,29.07047101449276,92.95706521739129,31.27300861586794,66.79731638418079,66.8019927536232
L2A_src,0,2,29.985688405797106,92.95984299516908,32.25660396968979,65.84059945504087,65.74643719806762
L2A_src,0,3,29.434057971014493,92.41521739130434,31.849795739142028,66.12217514124293,66.1784420289855
L2A_src,0,4,31.035990338164254,92.50857487922704,33.54931191911966,64.18,64.42512077294687
L2A_src,0,5,29.35670289855072,92.57445652173914,31.711450438444565,66.10233516483517,66.15960144927536
L2A_src,0,6,30.1536231884058,93.01195652173914,32.41908278895109,65.67827298050139,65.69039855072464
L2A_src,0,7,29.559178743961358,92.65742753623189,31.90157500584917,65.54224376731302,66.19722222222222
L2A_src,0,8,29.153260869565223,92.51920289855072,31.510497233241836,66.5831081081081,66.46920289855073
L2A_src,0,9,28.655736714975845,92.28188405797101,31.052396694647516,67.0701871657754,66.77059178743961
L2A_src,1,0,28.866787439613528,95.68949275362321,30.167144384324796,68.78630136986301,68.55193236714975
L2A_src,1,1,26.821014492753616,95.18876811594204,28.17665888908765,70.4244350282486,70.44039855072462
L2A_src,1,2,27.372041062801927,95.0189009661836,28.80694344438208,69.56607629427793,69.5788043478261
L2A_src,1,3,27.925905797101446,94.94981884057971,29.411225990845658,68.91313559322035,69.01902173913044
L2A_src,1,4,28.03768115942029,95.32560386473429,29.412539782287006,69.35133333333333,69.25736714975845
L2A_src,1,5,26.960688405797097,95.0483695652174,28.36522975525428,69.98901098901099,70.2052536231884
L2A_src,1,6,28.009782608695655,95.2427536231884,29.408833263590374,69.01601671309191,69.12409420289855
L2A_src,1,7,26.43508454106281,95.29589371980676,27.74000380204044,70.6038781163435,70.87161835748792
L2A_src,1,8,27.231884057971012,94.94710144927535,28.681111526631913,69.72635135135135,69.77173913043478
L2A_src,1,9,27.332125603864732,94.7010265700483,28.861488194795598,69.79010695187165,69.53073671497584
L2A_src,2,0,31.45567632850242,95.54251207729469,32.92322511161787,66.21575342465754,65.90410628019325
L2A_src,2,1,28.803623188405798,93.88442028985506,30.679875424994506,67.47669491525424,67.51865942028986
L2A_src,2,2,29.3923309178744,94.380615942029,31.142338524181625,67.10967302452316,67.21068840579711
L2A_src,2,3,30.035326086956527,94.19384057971016,31.886719876911247,66.19562146892656,66.34619565217392
L2A_src,2,4,29.800483091787445,94.32367149758456,31.593854033290654,66.81666666666666,66.6975845410628
L2A_src,2,5,28.837137681159426,94.16394927536231,30.62439277778313,67.30906593406594,67.62010869565216
L2A_src,2,6,29.74257246376812,94.34239130434783,31.526201586112872,66.69150417827298,66.86213768115944
L2A_src,2,7,28.278864734299525,94.13937198067632,30.039359876018967,67.94667590027701,68.18321256038648
L2A_src,2,8,29.076086956521742,93.7108695652174,31.0274433386689,67.1108108108108,67.19492753623187
L2A_src,2,9,29.718176328502423,94.14873188405798,31.565137133338855,66.98529411764706,66.72747584541064
L2A_src,3,0,29.176328502415462,92.84480676328502,31.424836261227572,66.83287671232877,66.53538647342995
L2A_src,3,1,26.39130434782609,91.9123188405797,28.713566016761412,68.795197740113,68.79148550724638
L2A_src,3,2,27.253140096618356,91.78961352657005,29.690875742416623,68.13896457765668,67.99112318840578
L2A_src,3,3,28.34239130434783,92.92626811594202,30.499870358492892,67.55084745762711,67.6552536231884
L2A_src,3,4,27.72125603864734,93.26195652173914,29.72407728995647,68.472,68.38937198067633
L2A_src,3,5,26.86920289855072,92.60905797101451,29.01357975907762,68.72733516483517,68.83931159420288
L2A_src,3,6,27.800724637681164,93.31503623188404,29.79233118293766,67.92061281337047,68.0784420289855
L2A_src,3,7,26.33345410628019,91.75772946859904,28.69889464221313,68.63157894736842,68.92095410628019
L2A_src,3,8,27.280797101449277,92.38586956521738,29.529187991450485,68.20472972972973,68.21666666666667
L2A_src,3,9,26.980434782608693,92.10585748792269,29.29285445949676,68.88903743315508,68.49299516908212
L2A_src,4,0,29.454468599033817,95.12137681159422,30.9651411557824,68.02808219178083,67.79239130434782
L2A_src,4,1,26.98387681159421,94.00942028985504,28.703375394078623,69.69209039548022,69.72753623188406
L2A_src,4,2,27.556823671497582,94.12065217391303,29.27819031744382,68.9550408719346,69.03719806763284
L2A_src,4,3,28.360144927536236,94.06050724637683,30.15095894948903,68.23093220338983,68.33768115942028
L2A_src,4,4,28.13079710144927,94.36521739130434,29.81055719375845,68.58800000000001,68.48876811594204
L2A_src,4,5,27.1088768115942,94.4126811594203,28.71317335625664,69.3173076923077,69.57934782608696
L2A_src,4,6,28.230072463768117,94.91032608695652,29.743942126912327,68.58356545961003,68.7072463768116
L2A_src,4,7,26.533816425120765,93.95169082125602,28.24197860962567,69.96606648199446,70.19190821256038
L2A_src,4,8,27.441304347826083,93.85869565217389,29.23682686740012,69.09121621621621,69.10833333333332
L2A_src,4,9,27.56636473429952,94.21322463768117,29.259549113526656,69.31283422459893,69.09528985507245
L2A_src,5,0,29.050120772946862,94.08369565217392,30.876891656493537,67.78904109589041,67.46183574879228
L2A_src,5,1,27.223731884057965,93.32463768115943,29.17100195670403,69.03107344632768,69.04130434782608
L2A_src,5,2,27.07693236714976,93.12693236714975,29.07529720876006,68.78201634877385,68.75833333333334
L2A_src,5,3,28.172826086956515,93.25760869565217,30.209680991176846,67.74081920903954,67.86304347826086
L2A_src,5,4,27.791908212560383,93.6789855072464,29.667174619873077,68.618,68.47125603864734
L2A_src,5,5,26.946557971014496,93.58442028985507,28.793850394706787,69.21428571428572,69.42065217391304
L2A_src,5,6,28.19329710144928,94.02663043478262,29.98437460864271,68.36072423398328,68.44673913043479
L2A_src,5,7,26.222161835748786,92.61920289855072,28.311798217990386,69.36357340720221,69.56225845410628
L2A_src,5,8,27.143115942028988,92.94999999999999,29.201846091478206,68.76283783783784,68.7981884057971
L2A_src,5,9,27.0332729468599,92.76002415458939,29.14323620895953,69.13235294117646,68.8076690821256
L2A_src,6,0,30.347584541062812,94.65712560386473,32.060538863250414,66.83150684931508,66.60108695652175
L2A_src,6,1,28.4463768115942,94.29528985507248,30.16733588211561,68.38135593220339,68.39021739130436
L2A_src,6,2,28.62306763285023,93.71352657004832,30.54315495368245,67.96866485013624,67.93152173913045
L2A_src,6,3,29.604891304347824,94.01358695652175,31.490013584992916,66.92443502824858,66.99927536231884
L2A_src,6,4,29.167874396135268,94.53333333333333,30.85459209746326,67.71266666666666,67.62608695652175
L2A_src,6,5,28.05471014492754,94.13695652173915,29.802015256833624,68.33104395604396,68.51159420289855
L2A_src,6,6,29.599999999999998,94.73605072463769,31.24470544590901,67.21657381615599,67.32789855072465
L2A_src,6,7,27.845350241545898,93.67028985507247,29.726982039479626,68.43074792243767,68.70923913043478
L2A_src,6,8,29.024637681159415,94.10869565217389,30.841610841610844,67.76621621621621,67.78442028985508
L2A_src,6,9,28.78460144927536,93.87367149758454,30.663125229970383,67.95521390374331,67.70126811594203
L2A_src,7,0,30.07946859903381,93.48478260869567,32.175791353058045,66.08561643835617,65.82149758454105
L2A_src,7,1,27.889492753623184,93.15597826086956,29.93848948214872,67.93008474576271,67.96268115942028
L2A_src,7,2,27.82415458937198,91.93472222222222,30.265120638659415,67.48433242506812,67.35785024154588
L2A_src,7,3,28.729347826086947,92.32246376811595,31.118480436403583,66.58121468926554,66.6800724637681
L2A_src,7,4,28.676690821256045,93.06328502415457,30.814182858270062,67.18133333333334,67.08997584541063
L2A_src,7,5,27.306521739130435,91.95199275362317,29.696498054474713,67.68543956043956,67.7728260869565
L2A_src,7,6,29.273369565217394,93.16503623188405,31.42098232254979,66.466573816156,66.58550724637684
L2A_src,7,7,27.236775362318845,91.93417874396137,29.62638676326662,67.74515235457064,67.99849033816426
L2A_src,7,8,27.995289855072464,91.65543478260868,30.54405875818777,66.96013513513513,66.98659420289856
L2A_src,7,9,27.99836956521739,91.89299516908214,30.468448126759483,67.46524064171123,67.1118961352657
L2A_src,8,0,28.397584541062805,93.16545893719808,30.480807871300602,67.72260273972603,67.48731884057972
L2A_src,8,1,26.226268115942037,91.92626811594201,28.529677809681292,68.90889830508475,68.93278985507246
L2A_src,8,2,26.73659420289855,91.3562801932367,29.26629033750645,68.41280653950955,68.3760265700483
L2A_src,8,3,27.81159420289856,91.81521739130436,30.29083303737028,67.30579096045197,67.42047101449276
L2A_src,8,4,27.819806763285015,93.13442028985507,29.870596366739143,68.11,68.02355072463767
L2A_src,8,5,26.892210144927535,92.47554347826086,29.08034830987433,68.52609890109889,68.67010869565216
L2A_src,8,6,27.696014492753623,92.49384057971012,29.94363118578206,67.79387186629526,67.91902173913044
L2A_src,8,7,26.20096618357488,92.10923913043477,28.445535356634537,69.01038781163435,69.2191425120773
L2A_src,8,8,26.646014492753622,91.9532608695652,28.97778092997782,68.59864864864865,68.63188405797102
L2A_src,8,9,26.581823671497585,91.39498792270533,29.08455296692899,68.6437165775401,68.3123188405797
L2A_src,9,0,31.455193236714972,91.9084541062802,34.22448298427599,64.36849315068494,63.98997584541062
L2A_src,9,1,30.0358695652174,91.86884057971014,32.69429479645684,65.29025423728814,65.34039855072464
L2A_src,9,2,29.819323671497582,91.25676328502415,32.67628896541319,64.8841961852861,64.7856884057971
L2A_src,9,3,31.344927536231882,92.39003623188405,33.92674017094352,63.89618644067797,64.13677536231883
L2A_src,9,4,30.783454106280196,91.80422705314011,33.53163039917699,64.84666666666666,64.75446859903381
L2A_src,9,5,29.703623188405796,91.16992753623187,32.580505426640016,64.59615384615385,64.77409420289855
L2A_src,9,6,30.78152173913044,91.5751811594203,33.613388856467424,63.924094707520894,64.1034420289855
L2A_src,9,7,29.65549516908213,90.80338164251206,32.65902065832106,64.79293628808864,65.02614734299516
L2A_src,9,8,30.474999999999998,91.82681159420291,33.187474846315915,64.44121621621622,64.54347826086956
L2A_src,9,9,30.31304347826087,91.70537439613527,33.0548167736812,65.21122994652406,64.71570048309178
L2A_pairedL1C,0,0,32.628985507246384,93.46038647342996,34.912102055690234,63.15068493150685,63.35386473429953
L2A_pairedL1C,0,1,29.11086956521739,92.58423913043478,31.442575797599126,66.42090395480226,66.41268115942029
L2A_pairedL1C,0,2,30.096980676328506,92.55609903381644,32.51755528863876,65.50885558583106,65.42439613526571
L2A_pairedL1C,0,3,29.45525362318841,92.11847826086957,31.97540187298179,65.81991525423729,65.87753623188406
L2A_pairedL1C,0,4,31.313164251207738,92.49263285024153,33.8547658189254,63.77466666666667,63.99371980676328
L2A_pairedL1C,0,5,29.514311594202898,92.36123188405796,31.955303098655648,65.84684065934066,65.92572463768114
L2A_pairedL1C,0,6,30.181521739130435,92.8625,32.50130218239918,65.51044568245126,65.52971014492753
L2A_pairedL1C,0,7,29.87071256038647,92.51642512077292,32.286929073829434,65.01592797783934,65.66618357487923
L2A_pairedL1C,0,8,29.21521739130435,92.21050724637679,31.6831760975399,66.11891891891892,65.97971014492754
L2A_pairedL1C,0,9,28.72530193236715,91.99776570048309,31.22391257401625,66.80280748663101,66.50205314009662
L2A_pairedL1C,1,0,28.836714975845407,95.34347826086957,30.245083881820616,68.65479452054795,68.42173913043479
L2A_pairedL1C,1,1,26.647282608695654,94.76630434782606,28.118942478637386,70.2994350282486,70.30489130434783
L2A_pairedL1C,1,2,27.145833333333336,94.4489734299517,28.74126880104854,69.3767029972752,69.41286231884057
L2A_pairedL1C,1,3,27.859963768115943,94.67065217391304,29.428300247616647,68.8072033898305,68.91576086956522
L2A_pairedL1C,1,4,28.02463768115943,95.08538647342995,29.473128017406182,69.22733333333333,69.13695652173912
L2A_pairedL1C,1,5,26.751268115942032,94.56177536231884,28.289727020715315,69.79876373626374,70.03134057971016
L2A_pairedL1C,1,6,28.00289855072463,95.07608695652173,29.453145840478633,68.93384401114207,69.04365942028984
L2A_pairedL1C,1,7,26.19969806763284,94.67657004830919,27.67284245116222,70.43490304709141,70.70072463768116
L2A_pairedL1C,1,8,27.154710144927535,94.64456521739132,28.69125140208024,69.59121621621621,69.63152173913045
L2A_pairedL1C,1,9,27.15344202898551,94.25229468599035,28.809316653190827,69.62700534759358,69.38097826086957
L2A_pairedL1C,2,0,31.59082125603864,93.07560386473428,33.941032820962654,65.11095890410958,64.75603864734299
L2A_pairedL1C,2,1,28.765579710144934,91.33949275362319,31.493036410587994,66.55225988700565,66.5715579710145
L2A_pairedL1C,2,2,28.92717391304348,91.41044685990339,31.645369765424704,65.91961852861036,65.96829710144928
L2A_pairedL1C,2,3,29.86014492753623,92.48188405797102,32.28756121449559,65.21963276836158,65.35996376811595
L2A_pairedL1C,2,4,29.700241545893718,91.34782608695652,32.513353429583795,65.972,65.81763285024155
L2A_pairedL1C,2,5,28.49166666666667,91.92427536231882,30.994714458576894,66.36607142857143,66.65344202898552
L2A_pairedL1C,2,6,29.71974637681159,92.3018115942029,32.198443197921115,66.03064066852367,66.18677536231885
L2A_pairedL1C,2,7,27.921316425120775,90.90905797101449,30.71345919569778,66.7084487534626,66.91298309178744
L2A_pairedL1C,2,8,28.656159420289857,90.59166666666665,31.63222454635989,65.9804054054054,66.00797101449275
L2A_pairedL1C,2,9,29.3832729468599,92.53484299516906,31.75373945184508,66.32085561497327,66.02886473429952
L2A_pairedL1C,3,0,29.305797101449283,91.80048309178743,31.923358259615753,66.03082191780823,65.86014492753623
L2A_pairedL1C,3,1,26.736050724637682,91.41521739130435,29.246827265304827,68.20762711864407,68.18224637681158
L2A_pairedL1C,3,2,27.717693236714975,91.04106280193238,30.445265447984927,67.78882833787466,67.5951690821256
L2A_pairedL1C,3,3,28.335869565217394,91.91159420289856,30.829483277882026,67.1864406779661,67.27789855072463
L2A_pairedL1C,3,4,27.379468599033824,91.52487922705315,29.914782549028413,67.83333333333333,67.86521739130434
L2A_pairedL1C,3,5,27.104891304347834,91.62463768115943,29.582535866246985,68.38598901098901,68.46231884057971
L2A_pairedL1C,3,6,27.75163043478261,92.08152173913045,30.13811013397863,67.92270194986072,68.07789855072464
L2A_pairedL1C,3,7,26.794384057971016,91.02089371980675,29.437619169564776,67.7319944598338,68.16147342995168
L2A_pairedL1C,3,8,27.465579710144926,91.75615942028985,29.933227244547815,67.99662162162163,67.9873188405797
L2A_pairedL1C,3,9,27.110024154589368,91.13532608695654,29.74699857739293,68.61096256684492,68.16268115942027
L2A_pairedL1C,4,0,29.58212560386474,93.60724637681159,31.602388435595337,67.16095890410959,66.86714975845412
L2A_pairedL1C,4,1,27.051449275362323,92.40398550724638,29.275197521908762,69.05649717514125,69.06829710144928
L2A_pairedL1C,4,2,27.358152173913048,91.90863526570048,29.766683070445804,68.32629427792915,68.38605072463768
L2A_pairedL1C,4,3,28.032789855072473,92.40108695652175,30.338160273225977,67.96892655367232,68.07192028985507
L2A_pairedL1C,4,4,27.79891304347826,92.10857487922705,30.180591850355142,68.426,68.30954106280193
L2A_pairedL1C,4,5,26.90289855072464,92.40507246376812,29.114092801856977,69.03228021978022,69.30235507246375
L2A_pairedL1C,4,6,28.213405797101448,93.87626811594203,30.053821230149925,68.40598885793871,68.52336956521738
L2A_pairedL1C,4,7,26.073611111111106,91.37518115942028,28.534675149503723,69.0713296398892,69.25766908212559
L2A_pairedL1C,4,8,27.327536231884057,92.56159420289855,29.523623126003052,68.50202702702703,68.47862318840579
L2A_pairedL1C,4,9,27.20911835748791,92.31334541062802,29.47473979678276,69.09826203208557,68.87294685990338
L2A_pairedL1C,5,0,29.096859903381638,92.65700483091786,31.402763295099064,67.29657534246576,66.94033816425122
L2A_pairedL1C,5,1,27.072101449275355,91.82047101449275,29.483731841238704,68.58898305084746,68.57699275362319
L2A_pairedL1C,5,2,27.011111111111113,91.68333333333332,29.461310064836706,68.21457765667574,68.16684782608696
L2A_pairedL1C,5,3,28.15380434782608,92.02246376811594,30.594490948177427,67.41525423728814,67.52047101449276
L2A_pairedL1C,5,4,27.495772946859898,92.07512077294686,29.86232623540429,68.47800000000001,68.3117149758454
L2A_pairedL1C,5,5,26.8320652173913,92.45000000000002,29.02332635737295,68.74656593406593,68.9375
L2A_pairedL1C,5,6,28.16992753623188,93.10000000000001,30.257709491119094,68.14902506963789,68.21721014492753
L2A_pairedL1C,5,7,26.078743961352657,91.1187198067633,28.620621554668684,68.75761772853186,68.91165458937198
L2A_pairedL1C,5,8,27.23442028985507,92.03586956521738,29.591093579614125,68.28175675675676,68.2768115942029
L2A_pairedL1C,5,9,26.798309178743963,91.37342995169082,29.328338875876987,68.73663101604278,68.38780193236714
L2A_pairedL1C,6,0,30.825966183574877,93.85289855072465,32.84498045301646,65.83287671232877,65.57838164251207
L2A_pairedL1C,6,1,28.652717391304343,93.2998188405797,30.710367659194386,67.53531073446327,67.52608695652174
L2A_pairedL1C,6,2,28.891243961352657,92.76370772946862,31.144986189652553,67.16621253405994,67.08695652173913
L2A_pairedL1C,6,3,29.83840579710144,93.36268115942028,31.959671066163196,66.48870056497175,66.56340579710144
L2A_pairedL1C,6,4,29.256280193236712,93.63985507246377,31.243406101596978,67.27,67.18997584541064
L2A_pairedL1C,6,5,28.16721014492753,93.36829710144929,30.167852493145997,67.88461538461539,68.05579710144927
L2A_pairedL1C,6,6,29.863224637681157,94.53025362318841,31.591182180384695,66.96796657381616,67.0855072463768
L2A_pairedL1C,6,7,28.179589371980672,92.82995169082126,30.35613921876788,67.3718836565097,67.6453502415459
L2A_pairedL1C,6,8,29.493840579710138,93.53152173913043,31.533583578348768,66.91621621621621,66.88659420289854
L2A_pairedL1C,6,9,28.92276570048309,93.31871980676328,30.993530301716493,67.57419786096257,67.29486714975845
L2A_pairedL1C,7,0,29.903381642512073,92.4328502415459,32.351465484801594,65.8554794520548,65.58417874396135
L2A_pairedL1C,7,1,27.326449275362314,91.79184782608695,29.77001762415357,67.8566384180791,67.87409420289855
L2A_pairedL1C,7,2,27.38128019323672,91.055193236715,30.071080209619634,67.41893732970027,67.30513285024155
L2A_pairedL1C,7,3,28.523188405797097,91.70054347826087,31.104710314567534,66.5247175141243,66.61322463768114
L2A_pairedL1C,7,4,28.453381642512078,92.56570048309179,30.738579726633645,67.12066666666666,67.02149758454105
L2A_pairedL1C,7,5,26.965217391304343,91.37518115942028,29.510439321875285,67.62362637362638,67.72336956521738
L2A_pairedL1C,7,6,29.093659420289857,92.73786231884057,31.3719323400656,66.39275766016713,66.50778985507247
L2A_pairedL1C,7,7,27.04462560386473,91.3358695652174,29.61008170459669,67.45637119113573,67.69993961352657
L2A_pairedL1C,7,8,27.762318840579713,91.11014492753625,30.47116088187573,66.91148648648648,66.92789855072463
L2A_pairedL1C,7,9,27.757789855072463,91.24166666666666,30.422274021451233,67.3288770053476,66.9747584541063
L2A_pairedL1C,8,0,28.052173913043482,91.16944444444444,30.769271529495306,67.22397260273972,66.95942028985506
L2A_pairedL1C,8,1,25.75815217391304,89.50380434782609,28.7788350021556,68.40889830508475,68.42318840579709
L2A_pairedL1C,8,2,26.670833333333334,89.77711352657003,29.707831189560302,67.93528610354224,67.881884057971
L2A_pairedL1C,8,3,27.900724637681158,90.84438405797101,30.712657614450574,66.86370056497175,66.96739130434783
L2A_pairedL1C,8,4,27.328743961352657,90.76256038647344,30.11015097523133,67.80533333333332,67.69311594202897
L2A_pairedL1C,8,5,26.680072463768116,90.89692028985507,29.352009263559015,68.11813186813187,68.26014492753622
L2A_pairedL1C,8,6,27.48351449275363,91.44221014492753,30.055610477037657,67.64136490250696,67.77536231884058
L2A_pairedL1C,8,7,26.226086956521737,90.21135265700484,29.071825423388443,68.39265927977839,68.57880434782608
L2A_pairedL1C,8,8,26.581521739130437,90.93369565217392,29.23176227303697,68.18783783783783,68.20072463768115
L2A_pairedL1C,8,9,26.35935990338165,89.93067632850243,29.310754660729017,68.2807486631016,67.92916666666665
L2A_pairedL1C,9,0,31.533574879227054,89.86376811594204,35.09042135707297,61.88835616438356,61.654227053140076
L2A_pairedL1C,9,1,30.106702898550726,90.33478260869566,33.327918692143555,63.425141242937855,63.42952898550723
L2A_pairedL1C,9,2,29.993417874396133,90.11962560386472,33.28178260109181,63.67983651226158,63.5284420289855
L2A_pairedL1C,9,3,31.542028985507248,91.50362318840578,34.47079786180955,62.91313559322034,63.140036231884054
L2A_pairedL1C,9,4,30.781280193236714,89.99033816425121,34.20509448142581,62.354,62.34915458937197
L2A_pairedL1C,9,5,29.931884057971015,90.356884057971,33.12629067506065,63.604395604395606,63.75525362318839
L2A_pairedL1C,9,6,31.124275362318837,91.00181159420289,34.20181952103199,62.65877437325905,62.79510869565218
L2A_pairedL1C,9,7,29.74136473429952,89.06690821256038,33.39216026598905,62.73060941828255,63.14070048309177
L2A_pairedL1C,9,8,30.676086956521736,90.80289855072465,33.78315829795383,63.23445945945946,63.27717391304346
L2A_pairedL1C,9,9,30.45193236714976,90.9397342995169,33.485838288084295,64.44719251336899,63.92578502415458
L2A_prod,0,0,12.214251207729466,76.27765700483093,16.012881998926495,75.11917808219178,75.04577294685991
L2A_prod,0,1,9.345471014492755,74.02445652173914,12.624842455612251,77.30932203389831,77.44384057971014
L2A_prod,0,2,11.10169082125604,75.53888888888889,14.69665623171352,75.84809264305177,76.07282608695652
L2A_prod,0,3,9.407065217391306,72.48260869565216,12.978375622338199,76.92655367231639,77.02391304347826
L2A_prod,0,4,10.409057971014493,75.45301932367148,13.795416093771761,76.44533333333334,76.50374396135268
L2A_prod,0,5,10.865036231884059,74.35181159420291,14.61300807461588,75.44780219780219,75.63949275362319
L2A_prod,0,6,10.45978260869565,74.25579710144928,14.08614952231319,76.17200557103064,76.39710144927535
L2A_prod,0,7,10.218719806763284,75.38864734299516,13.554719665245155,77.11426592797784,77.34734299516907
L2A_prod,0,8,9.980072463768115,73.86992753623188,13.51033200739647,76.78108108108108,76.8300724637681
L2A_prod,0,9,10.378321256038646,74.44746376811594,13.940463154479458,76.64104278074866,76.57874396135266
L2A_prod,1,0,12.085628019323668,76.6574879227053,15.765750152822328,75.49863013698629,75.49710144927536
L2A_prod,1,1,9.016123188405798,73.15706521739129,12.324336906645671,77.48446327683615,77.58641304347826
L2A_prod,1,2,10.690398550724636,74.51865942028986,14.345935144149768,75.86784741144415,76.10295893719807
L2A_prod,1,3,10.074275362318843,73.47300724637684,13.711532629305347,77.07203389830508,77.1878623188406
L2A_prod,1,4,10.48828502415459,74.95519323671498,13.992739623833241,76.39933333333333,76.51666666666667
L2A_prod,1,5,10.566123188405797,73.33442028985509,14.408136243039873,75.77678571428571,75.99039855072466
L2A_prod,1,6,10.160507246376813,73.50326086956521,13.823206108375357,76.44220055710306,76.63387681159422
L2A_prod,1,7,10.360446859903384,74.75935990338165,13.858394284398818,76.58102493074792,76.83339371980678
L2A_prod,1,8,10.617028985507249,75.1876811594203,14.12070278240924,76.97905405405405,76.99528985507247
L2A_prod,1,9,10.320108695652175,74.13683574879227,13.920352266747905,76.93983957219251,76.88840579710146
L2A_prod,2,0,13.21413043478261,76.90857487922706,17.18160875498388,74.46232876712328,74.344806763285
L2A_prod,2,1,9.740036231884059,72.96974637681159,13.348047260007004,76.42655367231639,76.52083333333333
L2A_prod,2,2,11.512922705314011,74.56159420289855,15.440821549476006,75.21594005449592,75.2965579710145
L2A_prod,2,3,10.62644927536232,72.38351449275363,14.680758940526633,75.49858757062147,75.59764492753622
L2A_prod,2,4,11.556280193236717,75.17391304347827,15.372726688516163,75.37,75.36437198067632
L2A_prod,2,5,11.34891304347826,74.0449275362319,15.327063474976022,74.9690934065934,75.09945652173913
L2A_prod,2,6,11.004347826086956,73.93894927536232,14.883018941890464,75.50278551532034,75.67047101449276
L2A_prod,2,7,11.036111111111113,74.94257246376812,14.726090589493246,75.77008310249307,75.97983091787441
L2A_prod,2,8,10.316666666666666,72.39528985507246,14.250466691023018,76.0304054054054,76.03442028985506
L2A_prod,2,9,11.118297101449274,74.41533816425122,14.940867535814615,76.0033422459893,75.82940821256038
L2A_prod,3,0,11.83454106280193,75.24227053140096,15.728580463109504,75.00753424657535,74.97910628019324
L2A_prod,3,1,8.897644927536232,72.87445652173913,12.20955236198843,77.15466101694915,77.24547101449275
L2A_prod,3,2,10.358514492753624,73.92807971014493,14.011610383181855,75.96934604904632,76.1917270531401
L2A_prod,3,3,9.886775362318838,72.93043478260869,13.556446484638924,76.4611581920904,76.5001811594203
L2A_prod,3,4,10.796376811594204,76.46908212560386,14.118616977591905,76.50066666666666,76.57838164251207
L2A_prod,3,5,10.995833333333334,74.24402173913043,14.810395605950804,75.51648351648352,75.71974637681159
L2A_prod,3,6,10.230978260869565,73.81503623188405,13.860290237790796,76.12534818941505,76.2784420289855
L2A_prod,3,7,10.264190821256038,74.27312801932368,13.819521400237242,76.24653739612188,76.5010265700483
L2A_prod,3,8,10.145652173913042,73.43297101449276,13.81620821512273,76.70202702702703,76.68514492753621
L2A_prod,3,9,9.968659420289855,73.30386473429952,13.599091202657194,76.73729946524064,76.6693236714976
L2A_prod,4,0,12.777898550724636,76.69227053140098,16.661259944693953,75.19246575342466,75.12669082125605
L2A_prod,4,1,10.094565217391306,74.5929347826087,13.532870434459495,76.9180790960452,77.02481884057971
L2A_prod,4,2,11.703442028985508,75.60785024154589,15.479136083880565,75.63215258855585,75.83991545893718
L2A_prod,4,3,10.131702898550726,73.1625,13.848218552606495,76.73093220338984,76.84692028985506
L2A_prod,4,4,10.840579710144928,75.45277777777777,14.367369935766206,76.56266666666667,76.6524154589372
L2A_prod,4,5,11.648007246376814,74.94239130434784,15.542614858756243,75.30151098901099,75.55923913043479
L2A_prod,4,6,10.831340579710147,74.31159420289855,14.575572891272554,75.89275766016713,76.10126811594202
L2A_prod,4,7,10.620652173913044,75.01630434782611,14.157791784394695,76.56648199445983,76.80416666666667
L2A_prod,4,8,10.67608695652174,74.45942028985507,14.3381279560893,76.68378378378378,76.74057971014493
L2A_prod,4,9,10.90024154589372,74.9036231884058,14.55235552287803,76.70788770053476,76.67125603864736
L2A_prod,5,0,11.648913043478263,76.26835748792271,15.27358583187385,75.53424657534246,75.45241545893721
L2A_prod,5,1,9.27608695652174,75.09130434782608,12.35307741300446,77.62923728813558,77.73369565217392
L2A_prod,5,2,11.091062801932368,76.42397342995169,14.512544041037282,76.1900544959128,76.36944444444445
L2A_prod,5,3,9.673550724637682,73.99221014492753,13.073742094864082,77.28601694915255,77.38369565217391
L2A_prod,5,4,10.134903381642513,75.74504830917873,13.38028505873218,76.83866666666667,76.88502415458936
L2A_prod,5,5,11.034601449275362,75.68460144927536,14.579717984867596,75.85302197802197,76.0090579710145
L2A_prod,5,6,9.721014492753625,74.73242753623191,13.007759567345333,76.84610027855153,77.0126811594203
L2A_prod,5,7,10.267693236714976,76.02463768115943,13.505744387466558,77.2887811634349,77.48478260869564
L2A_prod,5,8,9.82608695652174,74.42536231884057,13.202605469929024,77.3945945945946,77.43152173913042
L2A_prod,5,9,10.018176328502415,74.50531400966183,13.446257440379702,76.78542780748663,76.67125603864736
L2A_prod,6,0,12.478381642512078,77.0078502415459,16.204038423838462,75.40616438356165,75.39698067632851
L2A_prod,6,1,9.566666666666665,74.30615942028986,12.874661725625957,77.10028248587571,77.24148550724638
L2A_prod,6,2,11.184178743961356,75.37687198067633,14.837679582708793,75.85762942779292,76.11974637681159
L2A_prod,6,3,9.856521739130438,72.95398550724636,13.510600785684849,76.90748587570621,77.03641304347826
L2A_prod,6,4,10.608212560386477,75.45942028985507,14.058168641686036,76.48066666666666,76.64154589371982
L2A_prod,6,5,11.159420289855074,74.47282608695652,14.984553260843128,75.44368131868133,75.67047101449276
L2A_prod,6,6,10.540760869565217,74.21032608695653,14.203900488476492,75.83217270194986,76.03713768115942
L2A_prod,6,7,10.793176328502415,75.57282608695651,14.281821770279493,76.25277008310249,76.52856280193238
L2A_prod,6,8,10.692391304347824,75.39528985507246,14.181776242124839,76.7641891891892,76.8536231884058
L2A_prod,6,9,10.62771739130435,75.2739734299517,14.118714486613715,76.70187165775401,76.66400966183575
L2A_prod,7,0,12.387318840579708,76.19915458937199,16.25650429763095,75.08013698630137,75.04371980676328
L2A_prod,7,1,9.813949275362317,74.40090579710143,13.190631444899232,77.0430790960452,77.15090579710146
L2A_prod,7,2,10.972886473429952,74.49082125603866,14.730521544008923,75.92983651226159,76.05078502415459
L2A_prod,7,3,9.993115942028986,72.50778985507246,13.782127357630241,76.63488700564972,76.69257246376812
L2A_prod,7,4,10.905314009661835,75.19504830917874,14.502702312022677,76.042,76.0665458937198
L2A_prod,7,5,11.034420289855072,73.93496376811594,14.924495431501933,75.55219780219781,75.70923913043478
L2A_prod,7,6,10.827717391304349,74.55797101449275,14.522548352609585,75.95264623955433,76.16286231884058
L2A_prod,7,7,10.709963768115943,75.0530193236715,14.269863976995328,76.15443213296399,76.4141304347826
L2A_prod,7,8,10.13949275362319,73.41557971014494,13.811091315569987,76.85945945945946,76.88949275362317
L2A_prod,7,9,10.564734299516907,74.15519323671498,14.246789521257968,76.55748663101605,76.43520531400966
L2A_prod,8,0,12.14722222222222,74.9403381642512,16.209190563830163,74.88219178082191,74.81980676328503
L2A_prod,8,1,8.665036231884057,71.33985507246376,12.146136578329896,76.85875706214689,76.95507246376812
L2A_prod,8,2,9.825966183574879,71.38146135265701,13.76543152434232,75.79564032697547,75.99613526570047
L2A_prod,8,3,9.225,70.35869565217389,13.11138575621814,76.38064971751413,76.44710144927537
L2A_prod,8,4,10.43599033816425,74.8798309178744,13.936984379158233,76.47,76.52814009661834
L2A_prod,8,5,10.528260869565218,73.16829710144927,14.389101956230549,75.54395604395604,75.72355072463769
L2A_prod,8,6,10.053623188405796,73.15688405797103,13.742552485476415,76.34958217270194,76.55471014492754
L2A_prod,8,7,9.49885265700483,71.88121980676328,13.214651452132268,76.69390581717451,76.91274154589372
L2A_prod,8,8,9.621014492753623,71.09202898550724,13.533183157165137,76.57162162162162,76.5626811594203
L2A_prod,8,9,9.911654589371981,72.79329710144927,13.616163828324032,76.7399732620321,76.66092995169083
L2A_prod,9,0,11.670893719806763,74.72898550724638,15.617626334128476,75.31643835616438,75.2711352657005
L2A_prod,9,1,8.769565217391307,72.00597826086957,12.178940456332885,76.9138418079096,77.02898550724639
L2A_prod,9,2,10.17342995169082,72.72711352657005,13.988496804529538,75.99046321525886,76.16787439613528
L2A_prod,9,3,9.321195652173914,71.3445652173913,13.065039535627774,76.67302259887006,76.77210144927538
L2A_prod,9,4,10.365821256038647,74.87971014492753,13.84329778517558,76.53066666666668,76.61062801932367
L2A_prod,9,5,10.295833333333334,73.03695652173913,14.096744749035134,75.74313186813187,75.8913043478261
L2A_prod,9,6,9.980253623188405,73.50597826086955,13.577472008832961,76.30292479108634,76.45942028985509
L2A_prod,9,7,9.664855072463766,72.66878019323671,13.299872444209921,76.54016620498615,76.7838768115942
L2A_prod,9,8,10.08659420289855,73.06340579710145,13.805261461406856,76.65337837837838,76.67210144927536
L2A_prod,9,9,9.642210144927537,72.63363526570049,13.275130880693839,76.77139037433155,76.65573671497586
L2A_prod_disj,0,0,11.977294685990337,74.52173913043478,16.07221573966031,74.78972602739726,74.78200483091787
L2A_prod_disj,0,1,9.73913043478261,73.4036231884058,13.26791514062608,77.1433615819209,77.24311594202898
L2A_prod_disj,0,2,11.143780193236713,74.64643719806764,14.928750267970175,75.85967302452316,76.08677536231886
L2A_prod_disj,0,3,9.596014492753625,72.48423913043479,13.238760050285794,76.37570621468926,76.47282608695653
L2A_prod_disj,0,4,10.048671497584541,74.03792270531402,13.572330409080083,76.266,76.35314009661836
L2A_prod_disj,0,5,12.393115942028984,77.25634057971014,16.041551863619844,74.88736263736264,75.0784420289855
L2A_prod_disj,0,6,10.268297101449276,73.77862318840579,13.917713095875344,75.74025069637884,75.97391304347825
L2A_prod_disj,0,7,10.352898550724639,75.53768115942029,13.70560810421903,77.02008310249307,77.25585748792271
L2A_prod_disj,0,8,9.728260869565219,73.51304347826087,13.233380648213867,77.12635135135135,77.20688405797102
L2A_prod_disj,0,9,11.286473429951691,75.05277777777778,15.03804890922169,76.03475935828877,75.90398550724639
L2A_prod_disj,1,0,11.585386473429953,74.22753623188406,15.607936167027875,75.1917808219178,75.15229468599034
L2A_prod_disj,1,1,9.205797101449274,73.01884057971016,12.607427108350036,77.49223163841808,77.58876811594203
L2A_prod_disj,1,2,10.50036231884058,73.26986714975845,14.33107869211579,75.74863760217984,76.03556763285023
L2A_prod_disj,1,3,10.508876811594202,74.07282608695652,14.187222719513207,76.78672316384181,76.90615942028988
L2A_prod_disj,1,4,10.169082125603866,73.80736714975846,13.77786868480262,76.004,76.16050724637682
L2A_prod_disj,1,5,11.958333333333334,76.35905797101451,15.66066115937765,75.46771978021978,75.67608695652174
L2A_prod_disj,1,6,9.984601449275361,72.88423913043479,13.699260043597025,76.23607242339833,76.43079710144927
L2A_prod_disj,1,7,10.420833333333333,75.0373188405797,13.887534222102046,76.63019390581718,76.89221014492753
L2A_prod_disj,1,8,10.370652173913042,75.66557971014494,13.705904605026884,77.12432432432432,77.1554347826087
L2A_prod_disj,1,9,11.312560386473429,74.71751207729469,15.140440402740756,76.2807486631016,76.15742753623188
L2A_prod_disj,2,0,13.142632850241547,74.65567632850242,17.60433164172392,73.75890410958904,73.5856280193237
L2A_prod_disj,2,1,9.793115942028985,71.5518115942029,13.686747720056914,76.06991525423729,76.11539855072462
L2A_prod_disj,2,2,11.654528985507248,73.8288043478261,15.78588342105586,74.9366485013624,75.03913043478262
L2A_prod_disj,2,3,10.924456521739131,72.62173913043478,15.042956355145783,75.29590395480226,75.39619565217389
L2A_prod_disj,2,4,11.032850241545894,73.21473429951688,15.069166537450233,75.254,75.26944444444446
L2A_prod_disj,2,5,12.895471014492758,77.2269927536232,16.69813954252123,74.66895604395604,74.80452898550723
L2A_prod_disj,2,6,11.153442028985507,73.75670289855073,15.121936841898426,75.14415041782729,75.3125
L2A_prod_disj,2,7,11.065338164251209,75.16527777777779,14.721342741478722,75.82202216066482,76.0417270531401
L2A_prod_disj,2,8,10.041304347826086,72.98152173913046,13.758694130438014,76.38175675675676,76.41485507246377
L2A_prod_disj,2,9,12.197463768115945,75.48158212560388,16.15952319046381,75.40708556149733,75.2274154589372
L2A_prod_disj,3,0,11.806280193236717,73.44311594202898,16.07540753384673,74.3458904109589,74.3012077294686
L2A_prod_disj,3,1,9.21213768115942,71.75724637681161,12.837919717243118,76.65042372881355,76.7052536231884
L2A_prod_disj,3,2,10.439673913043478,72.49963768115943,14.399622187017425,75.66076294277929,75.90579710144928
L2A_prod_disj,3,3,10.170652173913046,73.68423913043479,13.803022591994338,76.3954802259887,76.47264492753624
L2A_prod_disj,3,4,10.197705314009662,74.7472222222222,13.642922119155223,76.29466666666667,76.41376811594202
L2A_prod_disj,3,5,12.633695652173913,77.9409420289855,16.209318649851014,75.41826923076923,75.63260869565218
L2A_prod_disj,3,6,10.331521739130434,73.95742753623189,13.96955259709243,75.80779944289694,75.97300724637682
L2A_prod_disj,3,7,10.43997584541063,74.59667874396136,13.995228770497711,76.32063711911357,76.5868961352657
L2A_prod_disj,3,8,9.865217391304348,73.24347826086957,13.469072776920338,77.04527027027027,77.07971014492753
L2A_prod_disj,3,9,10.845471014492754,74.08448067632851,14.639329202935347,76.3683155080214,76.24891304347827
L2A_prod_disj,4,0,12.677898550724636,74.87004830917874,16.93320471541673,74.31369863013698,74.25736714975845
L2A_prod_disj,4,1,9.786413043478262,73.31105072463768,13.349164889529183,76.62217514124295,76.69474637681161
L2A_prod_disj,4,2,11.83786231884058,74.81183574879228,15.823515357370018,75.34400544959128,75.54631642512078
L2A_prod_disj,4,3,10.346014492753625,72.89873188405797,14.192310655291616,76.30225988700565,76.43297101449276
L2A_prod_disj,4,4,10.58961352657005,73.65362318840579,14.377586693164904,76.00333333333333,76.14782608695653
L2A_prod_disj,4,5,12.878623188405793,77.55163043478261,16.60651506126119,74.8331043956044,75.03278985507247
L2A_prod_disj,4,6,10.821739130434782,73.7873188405797,14.666123258680209,75.52646239554318,75.72318840579709
L2A_prod_disj,4,7,10.754227053140097,75.36413043478261,14.26968902991114,76.61218836565097,76.83822463768117
L2A_prod_disj,4,8,10.32644927536232,74.74637681159423,13.815317498788168,76.95405405405405,77.07065217391306
L2A_prod_disj,4,9,11.804287439613526,75.725422705314,15.588275400653743,76.04879679144385,75.91696859903382
L2A_prod_disj,5,0,11.426328502415458,74.19347826086955,15.400718190134816,75.25479452054795,75.24987922705314
L2A_prod_disj,5,1,9.784239130434784,74.5268115942029,13.128482114208486,77.42231638418079,77.49692028985508
L2A_prod_disj,5,2,11.29553140096618,75.92952898550725,14.876335401899004,76.11376021798365,76.33061594202898
L2A_prod_disj,5,3,10.310326086956524,74.61557971014493,13.817926667605459,76.70197740112994,76.81394927536232
L2A_prod_disj,5,4,9.752657004830917,74.17946859903383,13.147380520541965,76.70400000000001,76.83200483091788
L2A_prod_disj,5,5,12.441666666666666,78.51594202898552,15.846038836385112,75.49313186813187,75.66177536231883
L2A_prod_disj,5,6,9.828804347826086,73.90851449275364,13.298608983393587,76.45612813370474,76.61105072463769
L2A_prod_disj,5,7,10.378683574879226,76.15984299516909,13.62750127457269,77.06301939058172,77.24915458937197
L2A_prod_disj,5,8,10.115217391304347,75.21195652173913,13.44894862345545,77.25675675675676,77.32028985507246
L2A_prod_disj,5,9,10.808997584541062,75.25452898550724,14.363251926834456,76.49331550802138,76.31642512077296
L2A_prod_disj,6,0,11.73852657004831,74.08248792270531,15.845211060265438,74.93013698630136,74.9030193236715
L2A_prod_disj,6,1,9.789673913043478,73.41123188405797,13.335389778644227,76.71468926553673,76.82916666666667
L2A_prod_disj,6,2,11.124275362318842,74.19613526570049,14.993065774224215,75.64032697547684,75.87391304347825
L2A_prod_disj,6,3,10.400543478260872,74.13822463768118,14.028584484035155,76.74435028248587,76.8945652173913
L2A_prod_disj,6,4,10.363043478260868,74.39456521739132,13.929839428429492,76.27133333333333,76.46871980676327
L2A_prod_disj,6,5,12.451268115942032,77.55688405797102,16.0543686961884,75.23763736263737,75.47463768115944
L2A_prod_disj,6,6,10.532065217391304,73.89565217391304,14.252618263120736,75.67548746518106,75.90090579710144
L2A_prod_disj,6,7,10.943297101449275,75.95368357487922,14.407855664644343,76.27285318559557,76.55827294685992
L2A_prod_disj,6,8,10.827898550724637,76.84492753623189,14.090583331761685,77.01689189189189,77.11340579710145
L2A_prod_disj,6,9,11.371497584541062,75.57234299516908,15.047168228286873,76.05347593582887,75.94836956521739
L2A_prod_disj,7,0,12.036473429951693,74.00326086956524,16.264787914098314,74.62602739726027,74.61545893719807
L2A_prod_disj,7,1,9.787681159420291,73.27445652173913,13.357562272081095,76.60875706214689,76.71702898550726
L2A_prod_disj,7,2,10.791364734299519,73.17095410628019,14.748153643896938,75.73024523160763,75.88236714975845
L2A_prod_disj,7,3,10.407427536231886,72.93442028985508,14.269569148381263,76.12288135593221,76.18188405797103
L2A_prod_disj,7,4,10.62596618357488,73.71642512077294,14.414652048259097,75.638,75.68864734299517
L2A_prod_disj,7,5,12.550905797101446,77.25833333333334,16.24537477782519,75.03983516483517,75.17916666666666
L2A_prod_disj,7,6,10.804710144927537,74.14692028985506,14.57202821464435,75.69846796657382,75.91105072463768
L2A_prod_disj,7,7,10.920471014492755,75.6608695652174,14.433446347163162,76.06301939058172,76.33363526570048
L2A_prod_disj,7,8,9.847826086956522,73.92536231884058,13.321309193565778,77.02364864864865,77.09057971014492
L2A_prod_disj,7,9,11.839130434782609,75.12204106280194,15.759862574667146,75.77005347593582,75.58749999999999
L2A_prod_disj,8,0,12.114734299516911,73.98599033816424,16.37436255721478,74.41643835616438,74.40229468599033
L2A_prod_disj,8,1,8.535144927536232,70.27771739130435,12.144880688160068,76.74223163841808,76.82119565217391
L2A_prod_disj,8,2,10.067149758454107,70.8338768115942,14.212337671748474,75.60013623978202,75.79921497584542
L2A_prod_disj,8,3,9.51322463768116,70.08297101449276,13.574231371717788,75.85310734463276,75.92373188405797
L2A_prod_disj,8,4,10.067512077294687,73.15012077294686,13.76280991871986,76.11933333333334,76.2201690821256
L2A_prod_disj,8,5,12.037500000000001,76.72536231884058,15.689075471519914,75.34271978021978,75.53170289855072
L2A_prod_disj,8,6,9.84655797101449,71.35634057971012,13.799135284992905,75.97144846796657,76.17771739130437
L2A_prod_disj,8,7,9.32312801932367,71.34335748792272,13.067969251239578,76.39404432132963,76.58170289855072
L2A_prod_disj,8,8,9.29166666666667,70.78442028985509,13.126711539938066,76.27567567567569,76.25615942028986
L2A_prod_disj,8,9,11.114251207729469,74.27669082125604,14.9633095993405,76.37967914438502,76.24746376811594
L2A_prod_disj,9,0,11.261231884057969,73.25495169082124,15.37265621522345,75.31917808219178,75.30591787439613
L2A_prod_disj,9,1,8.475724637681159,70.50108695652175,12.022119095707229,76.90324858757062,77.02010869565217
L2A_prod_disj,9,2,10.421195652173914,72.77312801932366,14.320115042199014,76.00681198910083,76.23665458937198
L2A_prod_disj,9,3,9.906521739130438,71.71938405797101,13.812892942754452,75.92090395480226,76.02572463768115
L2A_prod_disj,9,4,10.298188405797102,73.61280193236716,13.989670458758944,75.91266666666667,76.02983091787439
L2A_prod_disj,9,5,12.142391304347823,77.41557971014494,15.684686919365173,75.67032967032968,75.85018115942029
L2A_prod_disj,9,6,10.078260869565218,72.65326086956522,13.871725437979684,75.90389972144847,76.08532608695653
L2A_prod_disj,9,7,9.492391304347827,72.08369565217392,13.168569145166398,76.20775623268699,76.46503623188406
L2A_prod_disj,9,8,10.243115942028986,72.87826086956522,14.055104800540905,75.34391891891892,75.30398550724637
L2A_prod_disj,9,9,11.063888888888892,74.44625603864733,14.861578644257529,76.55080213903743,76.39100241545896
