split_seed,model_seed,state,arm,joint_risk,coverage,selective_risk,acc,feasible,n_calib_units,n_eval_units
0,0,clean,mondrian,7.23768,74.4986,9.7152,81.3427,1,69,69
0,0,clean,naive,7.23768,74.4986,9.7152,81.3427,1,69,69
0,0,dropSWIR,mondrian,7.38406,59.8529,12.337,76.276,1,69,69
0,0,dropSWIR,naive,9.9971,69.2641,14.4333,76.276,1,69,69
0,0,L2A_real,mondrian,7.45399,75.4413,9.88051,81.0827,1,69,69
0,0,L2A_real,naive,8.64746,79.0402,10.9406,81.0827,1,69,69
0,1,clean,mondrian,7.70652,73.15,10.5352,80.3167,1,69,69
0,1,clean,naive,7.70652,73.15,10.5352,80.3167,1,69,69
0,1,dropSWIR,mondrian,7.68986,63.5609,12.0984,76.9547,1,69,69
0,1,dropSWIR,naive,9.1221,68.8413,13.2509,76.9547,1,69,69
0,1,L2A_real,mondrian,8.31703,76.9822,10.8038,81.2627,1,69,69
0,1,L2A_real,naive,9.21123,79.708,11.5562,81.2627,1,69,69
0,2,clean,mondrian,7.66123,72.1127,10.624,79.1047,1,69,69
0,2,clean,naive,7.66123,72.1127,10.624,79.1047,1,69,69
0,2,dropSWIR,mondrian,7.78768,58.2815,13.3622,74.38,1,69,69
0,2,dropSWIR,naive,11.6511,71.1428,16.3771,74.38,1,69,69
0,2,L2A_real,mondrian,7.65833,73.0986,10.4767,79.96,1,69,69
0,2,L2A_real,naive,9.1337,77.5127,11.7835,79.96,1,69,69
0,3,clean,mondrian,7.85109,75.3297,10.4223,81.1907,1,69,69
0,3,clean,naive,7.85109,75.3297,10.4223,81.1907,1,69,69
0,3,dropSWIR,mondrian,7.86775,64.3145,12.2333,77.048,1,69,69
0,3,dropSWIR,naive,10.4069,73.4576,14.1672,77.048,1,69,69
0,3,L2A_real,mondrian,8.00399,75.3627,10.6206,81.0653,1,69,69
0,3,L2A_real,naive,9.67862,80.4841,12.0255,81.0653,1,69,69
0,4,clean,mondrian,7.67645,74.513,10.3022,81.1253,1,69,69
0,4,clean,naive,7.67645,74.513,10.3022,81.1253,1,69,69
0,4,dropSWIR,mondrian,7.71268,60.7438,12.6971,76.8013,1,69,69
0,4,dropSWIR,naive,10.5449,71.5888,14.7299,76.8013,1,69,69
0,4,L2A_real,mondrian,7.89964,75.0866,10.5207,80.9207,1,69,69
0,4,L2A_real,naive,9.45254,79.6797,11.8632,80.9207,1,69,69
0,5,clean,mondrian,7.73514,73.7442,10.4892,80.4953,1,69,69
0,5,clean,naive,7.73514,73.7442,10.4892,80.4953,1,69,69
0,5,dropSWIR,mondrian,7.99312,54.8924,14.5614,72.368,1,69,69
0,5,dropSWIR,naive,11.3783,66.433,17.1274,72.368,1,69,69
0,5,L2A_real,mondrian,7.95833,75.0402,10.6054,80.7647,1,69,69
0,5,L2A_real,naive,9.01739,78.2254,11.5275,80.7647,1,69,69
0,6,clean,mondrian,8.2942,75.9786,10.9165,80.8547,1,69,69
0,6,clean,naive,8.2942,75.9786,10.9165,80.8547,1,69,69
0,6,dropSWIR,mondrian,8.30507,63.2475,13.1311,76.3867,1,69,69
0,6,dropSWIR,naive,10.7598,72.1268,14.9179,76.3867,1,69,69
0,6,L2A_real,mondrian,8.10072,75.8127,10.6852,81.1947,1,69,69
0,6,L2A_real,naive,9.46486,80.1322,11.8115,81.1947,1,69,69
0,7,clean,mondrian,8.49783,75.7449,11.219,80.1933,1,69,69
0,7,clean,naive,8.49783,75.7449,11.219,80.1933,1,69,69
0,7,dropSWIR,mondrian,8.43333,62.6757,13.4555,75.6753,1,69,69
0,7,dropSWIR,naive,12.2678,75.2558,16.3014,75.6753,1,69,69
0,7,L2A_real,mondrian,8.15435,75.2192,10.8408,80.498,1,69,69
0,7,L2A_real,naive,10.2591,81.2848,12.6211,80.498,1,69,69
0,8,clean,mondrian,7.75507,72.4268,10.7075,79.9067,1,69,69
0,8,clean,naive,7.75507,72.4268,10.7075,79.9067,1,69,69
0,8,dropSWIR,mondrian,8.42319,60.3033,13.968,75.0633,1,69,69
0,8,dropSWIR,naive,9.95471,65.5953,15.176,75.0633,1,69,69
0,8,L2A_real,mondrian,7.6,74.9043,10.1463,80.94,1,69,69
0,8,L2A_real,naive,8.70326,78.2583,11.1212,80.94,1,69,69
0,9,clean,mondrian,9.49891,68.0098,13.967,75.6793,1,69,69
0,9,clean,naive,9.49891,68.0098,13.967,75.6793,1,69,69
0,9,dropSWIR,mondrian,7.74601,55.4083,13.9799,73.312,1,69,69
0,9,dropSWIR,naive,10.837,66.2685,16.3531,73.312,1,69,69
0,9,L2A_real,mondrian,8.94964,72.6953,12.3112,78.6653,1,69,69
0,9,L2A_real,naive,10.0308,75.8601,13.2227,78.6653,1,69,69
1,0,clean,mondrian,7.54203,75.6612,9.96816,81.3887,1,69,69
1,0,clean,naive,7.54203,75.6612,9.96816,81.3887,1,69,69
1,0,dropSWIR,mondrian,5.25,55.2087,9.50937,75.7845,1,69,69
1,0,dropSWIR,naive,9.75906,70.5257,13.8376,75.7845,1,69,69
1,0,L2A_real,mondrian,7.56014,76.592,9.87067,81.5732,1,69,69
1,0,L2A_real,naive,8.5442,79.5859,10.7358,81.5732,1,69,69
1,1,clean,mondrian,7.79457,72.683,10.7241,79.812,1,69,69
1,1,clean,naive,7.79457,72.683,10.7241,79.812,1,69,69
1,1,dropSWIR,mondrian,5.56051,57.3275,9.69954,76.1232,1,69,69
1,1,dropSWIR,naive,8.43297,67.7703,12.4435,76.1232,1,69,69
1,1,L2A_real,mondrian,7.93043,76.2859,10.3957,81.1507,1,69,69
1,1,L2A_real,naive,8.64891,78.5351,11.0128,81.1507,1,69,69
1,2,clean,mondrian,8.15471,74.9721,10.877,79.9549,1,69,69
1,2,clean,naive,8.15471,74.9721,10.877,79.9549,1,69,69
1,2,dropSWIR,mondrian,6.32138,55.5529,11.379,74.4232,1,69,69
1,2,dropSWIR,naive,11.6707,72.5467,16.0871,74.4232,1,69,69
1,2,L2A_real,mondrian,8.25181,76.6848,10.7607,80.4282,1,69,69
1,2,L2A_real,naive,9.05725,78.9913,11.4661,80.4282,1,69,69
1,3,clean,mondrian,7.41812,75.0627,9.88256,81.2739,1,69,69
1,3,clean,naive,7.41812,75.0627,9.88256,81.2739,1,69,69
1,3,dropSWIR,mondrian,5.25217,57.4435,9.1432,77.3754,1,69,69
1,3,dropSWIR,naive,8.85543,71.429,12.3975,77.3754,1,69,69
1,3,L2A_real,mondrian,7.61667,75.4638,10.0931,81.3838,1,69,69
1,3,L2A_real,naive,8.96341,79.6906,11.2478,81.3838,1,69,69
1,4,clean,mondrian,7.67138,76.0935,10.0815,81.319,1,69,69
1,4,clean,naive,7.67138,76.0935,10.0815,81.319,1,69,69
1,4,dropSWIR,mondrian,5.49855,55.0362,9.99078,76.7,1,69,69
1,4,dropSWIR,naive,9.87428,71.5464,13.8012,76.7,1,69,69
1,4,L2A_real,mondrian,8.10326,76.9819,10.5262,81.2106,1,69,69
1,4,L2A_real,naive,9.37645,80.7283,11.6148,81.2106,1,69,69
1,5,clean,mondrian,7.12391,73.2123,9.73048,80.6852,1,69,69
1,5,clean,naive,7.12391,73.2123,9.73048,80.6852,1,69,69
1,5,dropSWIR,mondrian,5.51087,51.196,10.7643,73.3465,1,69,69
1,5,dropSWIR,naive,10.3583,67.2268,15.408,73.3465,1,69,69
1,5,L2A_real,mondrian,7.58116,75.6058,10.0272,81.1042,1,69,69
1,5,L2A_real,naive,8.26522,77.5996,10.6511,81.1042,1,69,69
1,6,clean,mondrian,7.39746,74.8522,9.88276,81.2739,1,69,69
1,6,clean,naive,7.39746,74.8522,9.88276,81.2739,1,69,69
1,6,dropSWIR,mondrian,5.88696,58.7036,10.0283,76.5859,1,69,69
1,6,dropSWIR,naive,9.37862,71.0138,13.2068,76.5859,1,69,69
1,6,L2A_real,mondrian,7.64094,75.9754,10.0571,81.4894,1,69,69
1,6,L2A_real,naive,8.52065,78.7967,10.8135,81.4894,1,69,69
1,7,clean,mondrian,7.66268,75.3399,10.1708,80.588,1,69,69
1,7,clean,naive,7.66268,75.3399,10.1708,80.588,1,69,69
1,7,dropSWIR,mondrian,6.22029,57.8703,10.7487,75.7465,1,69,69
1,7,dropSWIR,naive,11.2022,73.8373,15.1714,75.7465,1,69,69
1,7,L2A_real,mondrian,8,76.4522,10.4641,81.0155,1,69,69
1,7,L2A_real,naive,9.47826,80.721,11.742,81.0155,1,69,69
1,8,clean,mondrian,7.73949,73.2083,10.5719,80.2169,1,69,69
1,8,clean,naive,7.73949,73.2083,10.5719,80.2169,1,69,69
1,8,dropSWIR,mondrian,6.95036,58.8844,11.8034,74.8662,1,69,69
1,8,dropSWIR,naive,9.04746,66.0156,13.705,74.8662,1,69,69
1,8,L2A_real,mondrian,7.84348,76.5109,10.2515,81.2007,1,69,69
1,8,L2A_real,naive,8.30036,77.9627,10.6466,81.2007,1,69,69
1,9,clean,mondrian,7.66775,66.1572,11.5902,77.4972,1,69,69
1,9,clean,naive,7.66775,66.1572,11.5902,77.4972,1,69,69
1,9,dropSWIR,mondrian,6.15761,52.1435,11.809,73.1197,1,69,69
1,9,dropSWIR,naive,9.57935,64.1873,14.9241,73.1197,1,69,69
1,9,L2A_real,mondrian,7.37935,71.1591,10.3702,79.8824,1,69,69
1,9,L2A_real,naive,7.90616,73.0043,10.8297,79.8824,1,69,69
2,0,clean,mondrian,8.92246,78.0449,11.4325,80.855,1,69,69
2,0,clean,naive,8.92246,78.0449,11.4325,80.855,1,69,69
2,0,dropSWIR,mondrian,8.75833,64.0801,13.6678,75.7964,1,69,69
2,0,dropSWIR,naive,12.0072,74.3199,16.1562,75.7964,1,69,69
2,0,L2A_real,mondrian,8.52826,77.013,11.0738,80.16,1,69,69
2,0,L2A_real,naive,10.0507,81.029,12.4039,80.16,1,69,69
2,1,clean,mondrian,8.7029,75.742,11.4902,79.9557,1,69,69
2,1,clean,naive,8.7029,75.742,11.4902,79.9557,1,69,69
2,1,dropSWIR,mondrian,8.37862,64.4558,12.999,76.1214,1,69,69
2,1,dropSWIR,naive,10.8989,72.5536,15.0219,76.1214,1,69,69
2,1,L2A_real,mondrian,9.1308,78.0399,11.7002,80.2143,1,69,69
2,1,L2A_real,naive,10.2141,80.933,12.6205,80.2143,1,69,69
2,2,clean,mondrian,8.94601,74.538,12.0019,78.755,1,69,69
2,2,clean,naive,8.94601,74.538,12.0019,78.755,1,69,69
2,2,dropSWIR,mondrian,9.13333,62.192,14.6857,73.995,1,69,69
2,2,dropSWIR,naive,13.2431,74.3707,17.8069,73.995,1,69,69
2,2,L2A_real,mondrian,9.21449,75.5591,12.1951,78.8443,1,69,69
2,2,L2A_real,naive,10.3275,78.4591,13.163,78.8443,1,69,69
2,3,clean,mondrian,8.79674,77.2293,11.3904,80.6186,1,69,69
2,3,clean,naive,8.79674,77.2293,11.3904,80.6186,1,69,69
2,3,dropSWIR,mondrian,8.72899,66.5062,13.1251,76.815,1,69,69
2,3,dropSWIR,naive,11.2996,75.1725,15.0316,76.815,1,69,69
2,3,L2A_real,mondrian,9.0587,76.7848,11.7975,80.0571,1,69,69
2,3,L2A_real,naive,10.8141,81.6203,13.2493,80.0571,1,69,69
2,4,clean,mondrian,8.75109,77.1141,11.3482,80.57,1,69,69
2,4,clean,naive,8.75109,77.1141,11.3482,80.57,1,69,69
2,4,dropSWIR,mondrian,8.7913,63.5199,13.8402,76.0564,1,69,69
2,4,dropSWIR,naive,11.8196,73.9663,15.9797,76.0564,1,69,69
2,4,L2A_real,mondrian,9.3558,77.6736,12.045,79.8321,1,69,69
2,4,L2A_real,naive,10.7804,81.2743,13.2643,79.8321,1,69,69
2,5,clean,mondrian,8.54275,75.3069,11.3439,80.04,1,69,69
2,5,clean,naive,8.54275,75.3069,11.3439,80.04,1,69,69
2,5,dropSWIR,mondrian,8.73007,58.3728,14.9557,72.9529,1,69,69
2,5,dropSWIR,naive,12.4043,70.0906,17.6976,72.9529,1,69,69
2,5,L2A_real,mondrian,9.09928,76.7312,11.8586,79.6586,1,69,69
2,5,L2A_real,naive,10.0928,79.2431,12.7364,79.6586,1,69,69
2,6,clean,mondrian,8.94674,77.2855,11.5762,80.3907,1,69,69
2,6,clean,naive,8.94674,77.2855,11.5762,80.3907,1,69,69
2,6,dropSWIR,mondrian,9.07174,65.3562,13.8805,75.8971,1,69,69
2,6,dropSWIR,naive,11.4761,73.1971,15.6783,75.8971,1,69,69
2,6,L2A_real,mondrian,8.99348,76.4185,11.7687,79.8336,1,69,69
2,6,L2A_real,naive,10.2337,79.8533,12.8156,79.8336,1,69,69
2,7,clean,mondrian,9.26377,77.4688,11.9581,79.8436,1,69,69
2,7,clean,naive,9.26377,77.4688,11.9581,79.8436,1,69,69
2,7,dropSWIR,mondrian,9.07681,64.8638,13.9937,75.4064,1,69,69
2,7,dropSWIR,naive,13.0457,76.6877,17.0114,75.4064,1,69,69
2,7,L2A_real,mondrian,8.55507,75.008,11.4056,79.6821,1,69,69
2,7,L2A_real,naive,11.0413,81.6957,13.5152,79.6821,1,69,69
2,8,clean,mondrian,7.64457,73.1877,10.4452,80.3164,1,69,69
2,8,clean,naive,7.64457,73.1877,10.4452,80.3164,1,69,69
2,8,dropSWIR,mondrian,8.29928,61.9047,13.4065,75.1943,1,69,69
2,8,dropSWIR,naive,9.89203,67.271,14.7047,75.1943,1,69,69
2,8,L2A_real,mondrian,8.48841,76.4438,11.1041,80.3521,1,69,69
2,8,L2A_real,naive,9.01667,77.9808,11.5627,80.3521,1,69,69
2,9,clean,mondrian,8.83043,68.9935,12.7989,77.5307,1,69,69
2,9,clean,naive,8.83043,68.9935,12.7989,77.5307,1,69,69
2,9,dropSWIR,mondrian,8.6279,58.5362,14.7394,73.5786,1,69,69
2,9,dropSWIR,naive,11.4547,67.9533,16.8567,73.5786,1,69,69
2,9,L2A_real,mondrian,9.58478,73.7069,13.0039,77.9643,1,69,69
2,9,L2A_real,naive,10.1583,75.3105,13.4886,77.9643,1,69,69
3,0,clean,mondrian,8.08986,73.8514,10.9542,79.9761,1,69,69
3,0,clean,naive,8.08986,73.8514,10.9542,79.9761,1,69,69
3,0,dropSWIR,mondrian,9.55725,63.4833,15.0547,73.6833,1,69,69
3,0,dropSWIR,naive,12.0884,70.9384,17.0407,73.6833,1,69,69
3,0,L2A_real,mondrian,8.27464,74.7304,11.0726,79.5609,1,69,69
3,0,L2A_real,naive,9.5529,78.3688,12.1897,79.5609,1,69,69
3,1,clean,mondrian,8.01667,72.4181,11.07,79.7007,1,69,69
3,1,clean,naive,8.01667,72.4181,11.07,79.7007,1,69,69
3,1,dropSWIR,mondrian,9.2971,64.6877,14.3723,74.5051,1,69,69
3,1,dropSWIR,naive,10.9036,69.5478,15.6779,74.5051,1,69,69
3,1,L2A_real,mondrian,8.12174,74.2029,10.9453,79.8797,1,69,69
3,1,L2A_real,naive,9.45942,78.279,12.0842,79.8797,1,69,69
3,2,clean,mondrian,7.84275,71.2094,11.0136,78.8217,1,69,69
3,2,clean,naive,7.84275,71.2094,11.0136,78.8217,1,69,69
3,2,dropSWIR,mondrian,8.42319,59.1275,14.2458,72.7609,1,69,69
3,2,dropSWIR,naive,12.5652,70.8116,17.7446,72.7609,1,69,69
3,2,L2A_real,mondrian,7.77754,71.8,10.8322,78.8971,1,69,69
3,2,L2A_real,naive,9.23043,75.9543,12.1526,78.8971,1,69,69
3,3,clean,mondrian,8.27319,74.2674,11.1397,79.8667,1,69,69
3,3,clean,naive,8.27319,74.2674,11.1397,79.8667,1,69,69
3,3,dropSWIR,mondrian,10.242,67.4232,15.1907,74.8464,1,69,69
3,3,dropSWIR,naive,12.2036,73.2362,16.6634,74.8464,1,69,69
3,3,L2A_real,mondrian,7.97754,72.8283,10.9539,79.3862,1,69,69
3,3,L2A_real,naive,10.0725,78.8109,12.7806,79.3862,1,69,69
3,4,clean,mondrian,8.53768,74.4884,11.4618,79.8594,1,69,69
3,4,clean,naive,8.53768,74.4884,11.4618,79.8594,1,69,69
3,4,dropSWIR,mondrian,9.77029,64.1993,15.2187,74.3348,1,69,69
3,4,dropSWIR,naive,12.6746,72.9935,17.3641,74.3348,1,69,69
3,4,L2A_real,mondrian,8.0471,73.2522,10.9855,79.1877,1,69,69
3,4,L2A_real,naive,10.1514,78.8543,12.8737,79.1877,1,69,69
3,5,clean,mondrian,9.33986,75.1188,12.4334,79.2254,1,69,69
3,5,clean,naive,9.33986,75.1188,12.4334,79.2254,1,69,69
3,5,dropSWIR,mondrian,10.142,59.5609,17.028,71.1188,1,69,69
3,5,dropSWIR,naive,13.8275,70.1638,19.7075,71.1188,1,69,69
3,5,L2A_real,mondrian,8.58913,73.8645,11.6282,79.1536,1,69,69
3,5,L2A_real,naive,10.3449,78.6739,13.1491,79.1536,1,69,69
3,6,clean,mondrian,9.55435,76.3609,12.5121,79.2746,1,69,69
3,6,clean,naive,9.55435,76.3609,12.5121,79.2746,1,69,69
3,6,dropSWIR,mondrian,10.4072,66.371,15.6804,74.0601,1,69,69
3,6,dropSWIR,naive,13.0152,73.8399,17.6263,74.0601,1,69,69
3,6,L2A_real,mondrian,9.07899,75.2543,12.0644,78.9884,1,69,69
3,6,L2A_real,naive,10.7428,79.9406,13.4384,78.9884,1,69,69
3,7,clean,mondrian,8.43261,73.4913,11.4743,78.9703,1,69,69
3,7,clean,naive,8.43261,73.4913,11.4743,78.9703,1,69,69
3,7,dropSWIR,mondrian,10.1413,64.308,15.7699,73.2203,1,69,69
3,7,dropSWIR,naive,13.9246,74.5188,18.6861,73.2203,1,69,69
3,7,L2A_real,mondrian,8.31522,72.6254,11.4495,79.0659,1,69,69
3,7,L2A_real,naive,10.5514,79.0609,13.346,79.0659,1,69,69
3,8,clean,mondrian,8.79855,73.5775,11.9582,78.9652,1,69,69
3,8,clean,naive,8.79855,73.5775,11.9582,78.9652,1,69,69
3,8,dropSWIR,mondrian,11.1043,65.6203,16.9221,72.2899,1,69,69
3,8,dropSWIR,naive,12.3007,68.8029,17.8782,72.2899,1,69,69
3,8,L2A_real,mondrian,8.74203,75.5529,11.5707,79.6797,1,69,69
3,8,L2A_real,naive,9.82391,78.5667,12.5039,79.6797,1,69,69
3,9,clean,mondrian,9.03551,67.2333,13.439,76.2877,1,69,69
3,9,clean,naive,9.03551,67.2333,13.439,76.2877,1,69,69
3,9,dropSWIR,mondrian,8.5,57.2609,14.8443,71.7609,1,69,69
3,9,dropSWIR,naive,11.6594,66.9203,17.4228,71.7609,1,69,69
3,9,L2A_real,mondrian,8.7558,70.2594,12.4621,77.7239,1,69,69
3,9,L2A_real,naive,10.0152,74.2152,13.4948,77.7239,1,69,69
4,0,clean,mondrian,9.38949,78.3656,11.9817,80.3122,1,69,69
4,0,clean,naive,9.38949,78.3656,11.9817,80.3122,1,69,69
4,0,dropSWIR,mondrian,10.0333,67.0163,14.9715,74.7986,1,69,69
4,0,dropSWIR,naive,13.0297,75.5815,17.2393,74.7986,1,69,69
4,0,L2A_real,mondrian,9.66268,79.0221,12.2278,80.3216,1,69,69
4,0,L2A_real,naive,10.6623,81.7884,13.0365,80.3216,1,69,69
4,1,clean,mondrian,9.55072,76.896,12.4203,79.8345,1,69,69
4,1,clean,naive,9.55072,76.896,12.4203,79.8345,1,69,69
4,1,dropSWIR,mondrian,10.8322,69.563,15.5718,74.9709,1,69,69
4,1,dropSWIR,naive,12.408,74.2754,16.7054,74.9709,1,69,69
4,1,L2A_real,mondrian,9.74638,78.3634,12.4374,80.1405,1,69,69
4,1,L2A_real,naive,10.8895,81.5272,13.3569,80.1405,1,69,69
4,2,clean,mondrian,8.48116,73.6707,11.5123,78.623,1,69,69
4,2,clean,naive,8.48116,73.6707,11.5123,78.623,1,69,69
4,2,dropSWIR,mondrian,8.73949,60.308,14.4914,73.2615,1,69,69
4,2,dropSWIR,naive,13.5562,74.3036,18.2443,73.2615,1,69,69
4,2,L2A_real,mondrian,9.02065,74.7453,12.0685,78.7155,1,69,69
4,2,L2A_real,naive,10.2319,78.0145,13.1154,78.7155,1,69,69
4,3,clean,mondrian,8.78043,76.9612,11.4089,80.452,1,69,69
4,3,clean,naive,8.78043,76.9612,11.4089,80.452,1,69,69
4,3,dropSWIR,mondrian,10.1862,68.4837,14.874,75.473,1,69,69
4,3,dropSWIR,naive,12.5236,75.6203,16.5611,75.473,1,69,69
4,3,L2A_real,mondrian,9.16667,76.7409,11.9449,80.0568,1,69,69
4,3,L2A_real,naive,10.6764,81.0112,13.179,80.0568,1,69,69
4,4,clean,mondrian,9.64565,78.4692,12.2923,80.1439,1,69,69
4,4,clean,naive,9.64565,78.4692,12.2923,80.1439,1,69,69
4,4,dropSWIR,mondrian,10.279,66.5931,15.4355,75.0514,1,69,69
4,4,dropSWIR,naive,13.4717,76.354,17.6438,75.0514,1,69,69
4,4,L2A_real,mondrian,9.63442,77.7236,12.3958,80.0554,1,69,69
4,4,L2A_real,naive,11.1551,81.9917,13.6051,80.0554,1,69,69
4,5,clean,mondrian,9.29239,76.6471,12.1236,79.8088,1,69,69
4,5,clean,naive,9.29239,76.6471,12.1236,79.8088,1,69,69
4,5,dropSWIR,mondrian,9.22971,58.5949,15.7517,71.8014,1,69,69
4,5,dropSWIR,naive,13.7656,71.8833,19.1499,71.8014,1,69,69
4,5,L2A_real,mondrian,9.52065,77.4489,12.2928,79.8345,1,69,69
4,5,L2A_real,naive,10.4366,80.0145,13.0434,79.8345,1,69,69
4,6,clean,mondrian,9.23841,77.8804,11.8623,80.4365,1,69,69
4,6,clean,naive,9.23841,77.8804,11.8623,80.4365,1,69,69
4,6,dropSWIR,mondrian,9.37101,65.7417,14.2543,75.3561,1,69,69
4,6,dropSWIR,naive,12.2989,74.7475,16.454,75.3561,1,69,69
4,6,L2A_real,mondrian,9.58478,78.4957,12.2106,80.4588,1,69,69
4,6,L2A_real,naive,10.5047,81.1594,12.9433,80.4588,1,69,69
4,7,clean,mondrian,8.95797,76.6888,11.6809,79.7054,1,69,69
4,7,clean,naive,8.95797,76.6888,11.6809,79.7054,1,69,69
4,7,dropSWIR,mondrian,10.4659,66.9935,15.6223,74.2142,1,69,69
4,7,dropSWIR,naive,14.3496,77.5554,18.5024,74.2142,1,69,69
4,7,L2A_real,mondrian,9.47246,76.7957,12.3346,79.6885,1,69,69
4,7,L2A_real,naive,11.179,81.4489,13.7252,79.6885,1,69,69
4,8,clean,mondrian,9.36304,76.0243,12.3159,79.3041,1,69,69
4,8,clean,naive,9.36304,76.0243,12.3159,79.3041,1,69,69
4,8,dropSWIR,mondrian,10.2877,65.0308,15.8197,73.7054,1,69,69
4,8,dropSWIR,naive,12.2007,70.6402,17.2716,73.7054,1,69,69
4,8,L2A_real,mondrian,9.35761,77.9446,12.0055,80.2777,1,69,69
4,8,L2A_real,naive,10.1906,80.2246,12.7026,80.2777,1,69,69
4,9,clean,mondrian,9.6308,68.8225,13.9937,75.7905,1,69,69
4,9,clean,naive,9.6308,68.8225,13.9937,75.7905,1,69,69
4,9,dropSWIR,mondrian,9.49457,59.6891,15.9067,71.8142,1,69,69
4,9,dropSWIR,naive,12.5065,68.6793,18.21,71.8142,1,69,69
4,9,L2A_real,mondrian,9.14384,71.833,12.7293,78.1865,1,69,69
4,9,L2A_real,naive,10.213,75.0728,13.6042,78.1865,1,69,69
5,0,clean,mondrian,10.563,80.9482,13.0491,80.2451,1,69,69
5,0,clean,naive,10.563,80.9482,13.0491,80.2451,1,69,69
5,0,dropSWIR,mondrian,10.6348,68.5641,15.5107,74.6125,1,69,69
5,0,dropSWIR,naive,13.8018,77.267,17.8625,74.6125,1,69,69
5,0,L2A_real,mondrian,10.3029,81.421,12.6539,80.4569,1,69,69
5,0,L2A_real,naive,11.3989,84.1551,13.5451,80.4569,1,69,69
5,1,clean,mondrian,10.438,78.8033,13.2457,79.6292,1,69,69
5,1,clean,naive,10.438,78.8033,13.2457,79.6292,1,69,69
5,1,dropSWIR,mondrian,10.4297,68.6315,15.1967,74.7292,1,69,69
5,1,dropSWIR,naive,12.3496,74.0315,16.6816,74.7292,1,69,69
5,1,L2A_real,mondrian,10.0464,80.6819,12.4518,80.5743,1,69,69
5,1,L2A_real,naive,10.8768,82.8384,13.1302,80.5743,1,69,69
5,2,clean,mondrian,9.79058,76.9978,12.7154,78.6972,1,69,69
5,2,clean,naive,9.79058,76.9978,12.7154,78.6972,1,69,69
5,2,dropSWIR,mondrian,9.67717,64.1496,15.0853,73.7632,1,69,69
5,2,dropSWIR,naive,14.2986,76.671,18.6492,73.7632,1,69,69
5,2,L2A_real,mondrian,9.48696,77.9388,12.1723,79.5167,1,69,69
5,2,L2A_real,naive,10.7069,81.1409,13.1954,79.5167,1,69,69
5,3,clean,mondrian,9.68116,79.304,12.2077,80.3299,1,69,69
5,3,clean,naive,9.68116,79.304,12.2077,80.3299,1,69,69
5,3,dropSWIR,mondrian,9.96558,69.4946,14.3401,75.9111,1,69,69
5,3,dropSWIR,naive,12.5837,77.1594,16.3087,75.9111,1,69,69
5,3,L2A_real,mondrian,9.60761,79.2471,12.1236,80.3694,1,69,69
5,3,L2A_real,naive,11.0786,83.1815,13.3186,80.3694,1,69,69
5,4,clean,mondrian,10.4681,80.3688,13.0251,80.1403,1,69,69
5,4,clean,naive,10.4681,80.3688,13.0251,80.1403,1,69,69
5,4,dropSWIR,mondrian,9.99348,66.4793,15.0325,75.4396,1,69,69
5,4,dropSWIR,naive,13.2279,76.4457,17.3037,75.4396,1,69,69
5,4,L2A_real,mondrian,10.2928,80.608,12.7689,80.2319,1,69,69
5,4,L2A_real,naive,11.5438,83.8902,13.7607,80.2319,1,69,69
5,5,clean,mondrian,10.1083,78.0047,12.9586,79.5625,1,69,69
5,5,clean,naive,10.1083,78.0047,12.9586,79.5625,1,69,69
5,5,dropSWIR,mondrian,10.1138,62.4007,16.2078,72.3812,1,69,69
5,5,dropSWIR,naive,14.0438,73.5243,19.101,72.3812,1,69,69
5,5,L2A_real,mondrian,9.68333,78.8326,12.2834,80.15,1,69,69
5,5,L2A_real,naive,10.8188,81.8761,13.2137,80.15,1,69,69
5,6,clean,mondrian,10.0942,79.8594,12.64,80.3743,1,69,69
5,6,clean,naive,10.0942,79.8594,12.64,80.3743,1,69,69
5,6,dropSWIR,mondrian,10.0895,68.1,14.8157,75.3375,1,69,69
5,6,dropSWIR,naive,12.5717,75.5156,16.6479,75.3375,1,69,69
5,6,L2A_real,mondrian,10.1101,80.4609,12.5653,80.3583,1,69,69
5,6,L2A_real,naive,11.0649,82.9272,13.3429,80.3583,1,69,69
5,7,clean,mondrian,9.8337,79.5721,12.3582,80.3882,1,69,69
5,7,clean,naive,9.8337,79.5721,12.3582,80.3882,1,69,69
5,7,dropSWIR,mondrian,10.4007,68.6786,15.144,75.4681,1,69,69
5,7,dropSWIR,naive,13.8565,78.7199,17.6023,75.4681,1,69,69
5,7,L2A_real,mondrian,10.0116,80.3257,12.4637,80.5611,1,69,69
5,7,L2A_real,naive,11.3627,83.9355,13.5374,80.5611,1,69,69
5,8,clean,mondrian,10.9453,79.608,13.749,79.2083,1,69,69
5,8,clean,naive,10.9453,79.608,13.749,79.2083,1,69,69
5,8,dropSWIR,mondrian,10.475,67.6185,15.4913,74.6674,1,69,69
5,8,dropSWIR,naive,12.4819,73.475,16.9879,74.6674,1,69,69
5,8,L2A_real,mondrian,9.76014,79.7598,12.2369,80.5833,1,69,69
5,8,L2A_real,naive,10.8656,82.6659,13.144,80.5833,1,69,69
5,9,clean,mondrian,10.2826,71.8736,14.3065,76.5243,1,69,69
5,9,clean,naive,10.2826,71.8736,14.3065,76.5243,1,69,69
5,9,dropSWIR,mondrian,10.1134,62.9692,16.0609,72.6778,1,69,69
5,9,dropSWIR,naive,12.525,70.1909,17.8442,72.6778,1,69,69
5,9,L2A_real,mondrian,9.72971,76.0007,12.8021,79.0674,1,69,69
5,9,L2A_real,naive,10.1641,77.325,13.1447,79.0674,1,69,69
6,0,clean,mondrian,9.07029,78.3569,11.5756,80.4829,1,69,69
6,0,clean,naive,9.07029,78.3569,11.5756,80.4829,1,69,69
6,0,dropSWIR,mondrian,8.86268,64.9341,13.6487,75.4973,1,69,69
6,0,dropSWIR,naive,12.0326,74.9297,16.0585,75.4973,1,69,69
6,0,L2A_real,mondrian,9.56413,79.0616,12.0971,80.1048,1,69,69
6,0,L2A_real,naive,10.5232,81.7812,12.8675,80.1048,1,69,69
6,1,clean,mondrian,8.19928,73.6337,11.1352,79.45,1,69,69
6,1,clean,naive,8.19928,73.6337,11.1352,79.45,1,69,69
6,1,dropSWIR,mondrian,8.69565,65.592,13.2572,75.7562,1,69,69
6,1,dropSWIR,naive,10.3924,71.2435,14.5871,75.7562,1,69,69
6,1,L2A_real,mondrian,9.45254,77.9627,12.1244,79.8801,1,69,69
6,1,L2A_real,naive,10.0797,79.7808,12.6343,79.8801,1,69,69
6,2,clean,mondrian,9.11159,75.1203,12.1293,78.9055,1,69,69
6,2,clean,naive,9.11159,75.1203,12.1293,78.9055,1,69,69
6,2,dropSWIR,mondrian,9.36268,62.8873,14.888,73.9822,1,69,69
6,2,dropSWIR,naive,13.2975,74.675,17.8071,73.9822,1,69,69
6,2,L2A_real,mondrian,9.85543,77.6127,12.6982,79.2082,1,69,69
6,2,L2A_real,naive,10.7533,80.0652,13.4306,79.2082,1,69,69
6,3,clean,mondrian,9.20942,78.196,11.7774,80.4178,1,69,69
6,3,clean,naive,9.20942,78.196,11.7774,80.4178,1,69,69
6,3,dropSWIR,mondrian,8.52935,66.2022,12.8838,76.6747,1,69,69
6,3,dropSWIR,naive,11.4004,75.9424,15.0119,76.6747,1,69,69
6,3,L2A_real,mondrian,9.51884,78.5163,12.1234,80.1623,1,69,69
6,3,L2A_real,naive,11.0764,82.6283,13.4052,80.1623,1,69,69
6,4,clean,mondrian,9.025,77.4457,11.6533,80.1849,1,69,69
6,4,clean,naive,9.025,77.4457,11.6533,80.1849,1,69,69
6,4,dropSWIR,mondrian,8.75326,64.5232,13.5661,76.174,1,69,69
6,4,dropSWIR,naive,11.6156,74.4312,15.6058,76.174,1,69,69
6,4,L2A_real,mondrian,9.62826,78.3533,12.2883,79.7562,1,69,69
6,4,L2A_real,naive,10.8917,81.7384,13.325,79.7562,1,69,69
6,5,clean,mondrian,8.89457,76.0493,11.6958,79.6541,1,69,69
6,5,clean,naive,8.89457,76.0493,11.6958,79.6541,1,69,69
6,5,dropSWIR,mondrian,8.88406,60.3609,14.7182,73.1911,1,69,69
6,5,dropSWIR,naive,12.6902,72.0543,17.612,73.1911,1,69,69
6,5,L2A_real,mondrian,9.64783,78.375,12.3098,79.7473,1,69,69
6,5,L2A_real,naive,10.4924,80.592,13.0191,79.7473,1,69,69
6,6,clean,mondrian,8.93551,76.5862,11.6673,80.1575,1,69,69
6,6,clean,naive,8.93551,76.5862,11.6673,80.1575,1,69,69
6,6,dropSWIR,mondrian,8.72609,65.4627,13.3299,75.6856,1,69,69
6,6,dropSWIR,naive,11.1659,73.1935,15.2554,75.6856,1,69,69
6,6,L2A_real,mondrian,9.07428,76.8717,11.8044,80.0884,1,69,69
6,6,L2A_real,naive,10.0855,79.8928,12.6238,80.0884,1,69,69
6,7,clean,mondrian,9.55435,77.3688,12.3491,79.463,1,69,69
6,7,clean,naive,9.55435,77.3688,12.3491,79.463,1,69,69
6,7,dropSWIR,mondrian,8.98551,65.4018,13.7389,75.237,1,69,69
6,7,dropSWIR,naive,13.0007,77.1761,16.8455,75.237,1,69,69
6,7,L2A_real,mondrian,10.0486,78.646,12.7769,79.4349,1,69,69
6,7,L2A_real,naive,11.5417,82.5243,13.9858,79.4349,1,69,69
6,8,clean,mondrian,8.3529,73.179,11.4143,79.3212,1,69,69
6,8,clean,naive,8.3529,73.179,11.4143,79.3212,1,69,69
6,8,dropSWIR,mondrian,8.53551,62.787,13.5944,74.8849,1,69,69
6,8,dropSWIR,naive,10.083,67.754,14.8817,74.8849,1,69,69
6,8,L2A_real,mondrian,8.53406,76.4768,11.159,80.261,1,69,69
6,8,L2A_real,naive,9.0971,78.1525,11.6402,80.261,1,69,69
6,9,clean,mondrian,8.98406,68.3464,13.1449,76.5993,1,69,69
6,9,clean,naive,8.98406,68.3464,13.1449,76.5993,1,69,69
6,9,dropSWIR,mondrian,8.61341,59.2362,14.5408,73.1856,1,69,69
6,9,dropSWIR,naive,11.3333,68.3895,16.5717,73.1856,1,69,69
6,9,L2A_real,mondrian,10.2279,75.0587,13.6265,78.2788,1,69,69
6,9,L2A_real,naive,10.4949,75.8728,13.8323,78.2788,1,69,69
7,0,clean,mondrian,8.91304,76.8134,11.6035,80.3604,1,69,69
7,0,clean,naive,8.91304,76.8134,11.6035,80.3604,1,69,69
7,0,dropSWIR,mondrian,9.44783,64.2446,14.706,74.9813,1,69,69
7,0,dropSWIR,naive,12.4536,73.7761,16.8803,74.9813,1,69,69
7,0,L2A_real,mondrian,8.60507,75.5841,11.3848,80.2444,1,69,69
7,0,L2A_real,naive,10.0721,79.9116,12.6041,80.2444,1,69,69
7,1,clean,mondrian,8.10616,73.2326,11.0691,79.8521,1,69,69
7,1,clean,naive,8.10616,73.2326,11.0691,79.8521,1,69,69
7,1,dropSWIR,mondrian,8.71449,64.7293,13.463,75.8542,1,69,69
7,1,dropSWIR,naive,10.5199,70.6493,14.8904,75.8542,1,69,69
7,1,L2A_real,mondrian,8.65109,76.1254,11.3643,80.5389,1,69,69
7,1,L2A_real,naive,9.50616,78.7964,12.0642,80.5389,1,69,69
7,2,clean,mondrian,8.06594,73.2475,11.0119,79.4521,1,69,69
7,2,clean,naive,8.06594,73.2475,11.0119,79.4521,1,69,69
7,2,dropSWIR,mondrian,8.51232,60.867,13.9851,74.0306,1,69,69
7,2,dropSWIR,naive,12.6156,73.3714,17.1941,74.0306,1,69,69
7,2,L2A_real,mondrian,8.21087,73.7315,11.1362,79.7146,1,69,69
7,2,L2A_real,naive,9.4663,77.3656,12.2358,79.7146,1,69,69
7,3,clean,mondrian,8.7337,75.8533,11.5139,80.2264,1,69,69
7,3,clean,naive,8.7337,75.8533,11.5139,80.2264,1,69,69
7,3,dropSWIR,mondrian,9.05906,65.4228,13.8469,75.9951,1,69,69
7,3,dropSWIR,naive,11.8464,74.5373,15.8932,75.9951,1,69,69
7,3,L2A_real,mondrian,8.44275,74.3739,11.3518,80.1639,1,69,69
7,3,L2A_real,naive,10.2703,79.8601,12.8603,80.1639,1,69,69
7,4,clean,mondrian,8.35761,75.4732,11.0736,80.5674,1,69,69
7,4,clean,naive,8.35761,75.4732,11.0736,80.5674,1,69,69
7,4,dropSWIR,mondrian,9.02717,63.7301,14.1647,75.5583,1,69,69
7,4,dropSWIR,naive,11.9272,73.4902,16.2296,75.5583,1,69,69
7,4,L2A_real,mondrian,8.71884,75.5156,11.5458,80.0687,1,69,69
7,4,L2A_real,naive,10.1348,79.5362,12.7423,80.0687,1,69,69
7,5,clean,mondrian,8.82101,75.2322,11.725,79.8854,1,69,69
7,5,clean,naive,8.82101,75.2322,11.725,79.8854,1,69,69
7,5,dropSWIR,mondrian,9.27101,59.2841,15.6383,72.4611,1,69,69
7,5,dropSWIR,naive,12.8424,70.4609,18.2263,72.4611,1,69,69
7,5,L2A_real,mondrian,9.23732,76.4808,12.078,79.8771,1,69,69
7,5,L2A_real,naive,10.0739,78.8377,12.778,79.8771,1,69,69
7,6,clean,mondrian,8.73732,75.4533,11.5798,80.2938,1,69,69
7,6,clean,naive,8.73732,75.4533,11.5798,80.2938,1,69,69
7,6,dropSWIR,mondrian,9.29783,64.9877,14.3071,75.4944,1,69,69
7,6,dropSWIR,naive,11.7707,73.354,16.0464,75.4944,1,69,69
7,6,L2A_real,mondrian,9.52572,76.3446,12.4773,79.9257,1,69,69
7,6,L2A_real,naive,10.4815,79.2489,13.2261,79.9257,1,69,69
7,7,clean,mondrian,8.38659,75.054,11.1741,80.2965,1,69,69
7,7,clean,naive,8.38659,75.054,11.1741,80.2965,1,69,69
7,7,dropSWIR,mondrian,9.12935,64.4743,14.1597,75.3194,1,69,69
7,7,dropSWIR,naive,12.7649,75.5562,16.8945,75.3194,1,69,69
7,7,L2A_real,mondrian,8.09565,73.7627,10.9753,80.2458,1,69,69
7,7,L2A_real,naive,9.99601,79.5428,12.5668,80.2458,1,69,69
7,8,clean,mondrian,7.45906,71.2986,10.4617,79.8882,1,69,69
7,8,clean,naive,7.45906,71.2986,10.4617,79.8882,1,69,69
7,8,dropSWIR,mondrian,8.81957,62.0322,14.2177,74.2958,1,69,69
7,8,dropSWIR,naive,9.92246,65.5514,15.1369,74.2958,1,69,69
7,8,L2A_real,mondrian,8.26993,75.1627,11.0027,80.4826,1,69,69
7,8,L2A_real,naive,8.76884,76.6848,11.4349,80.4826,1,69,69
7,9,clean,mondrian,8.33696,66.4717,12.5421,76.5354,1,69,69
7,9,clean,naive,8.33696,66.4717,12.5421,76.5354,1,69,69
7,9,dropSWIR,mondrian,8.08442,58.3638,13.8518,73.1882,1,69,69
7,9,dropSWIR,naive,10.4634,66.4775,15.7398,73.1882,1,69,69
7,9,L2A_real,mondrian,8.85761,71.5275,12.3835,78.8299,1,69,69
7,9,L2A_real,naive,9.49891,73.6786,12.8924,78.8299,1,69,69
8,0,clean,mondrian,7.92826,77.825,10.1873,81.5425,1,69,69
8,0,clean,naive,7.92826,77.825,10.1873,81.5425,1,69,69
8,0,dropSWIR,mondrian,7.00326,60.5217,11.5715,76.5685,1,69,69
8,0,dropSWIR,naive,10.55,72.7178,14.5081,76.5685,1,69,69
8,0,L2A_real,mondrian,8.75362,79.3772,11.0279,81.2849,1,69,69
8,0,L2A_real,naive,9.4471,81.4478,11.599,81.2849,1,69,69
8,1,clean,mondrian,8.02101,74.7464,10.731,80.3671,1,69,69
8,1,clean,naive,8.02101,74.7464,10.731,80.3671,1,69,69
8,1,dropSWIR,mondrian,8.08804,64.1529,12.6074,76.3349,1,69,69
8,1,dropSWIR,naive,9.89783,70.3717,14.0651,76.3349,1,69,69
8,1,L2A_real,mondrian,8.46486,78.117,10.8361,81.0192,1,69,69
8,1,L2A_real,naive,9.31087,80.4587,11.5722,81.0192,1,69,69
8,2,clean,mondrian,8.57935,75.6402,11.3423,79.6966,1,69,69
8,2,clean,naive,8.57935,75.6402,11.3423,79.6966,1,69,69
8,2,dropSWIR,mondrian,7.7413,59.7054,12.9658,74.7411,1,69,69
8,2,dropSWIR,naive,12.2529,74.0094,16.5559,74.7411,1,69,69
8,2,L2A_real,mondrian,8.70616,77.1308,11.2875,80.311,1,69,69
8,2,L2A_real,naive,9.61522,79.7775,12.0525,80.311,1,69,69
8,3,clean,mondrian,7.99855,77.5207,10.318,81.3432,1,69,69
8,3,clean,naive,7.99855,77.5207,10.318,81.3432,1,69,69
8,3,dropSWIR,mondrian,7.55978,65.1804,11.5982,77.3623,1,69,69
8,3,dropSWIR,naive,10.6283,75.4656,14.0836,77.3623,1,69,69
8,3,L2A_real,mondrian,9.17899,79.1014,11.6041,80.9226,1,69,69
8,3,L2A_real,naive,10.1873,81.921,12.4355,80.9226,1,69,69
8,4,clean,mondrian,8.61993,78.7837,10.9413,81.5123,1,69,69
8,4,clean,naive,8.61993,78.7837,10.9413,81.5123,1,69,69
8,4,dropSWIR,mondrian,7.77065,62.7004,12.3933,76.9479,1,69,69
8,4,dropSWIR,naive,11.2351,75.1757,14.9452,76.9479,1,69,69
8,4,L2A_real,mondrian,8.89058,78.6091,11.3099,81.0623,1,69,69
8,4,L2A_real,naive,10.2917,82.5649,12.4649,81.0623,1,69,69
8,5,clean,mondrian,8.05797,76.5047,10.5326,81.0116,1,69,69
8,5,clean,naive,8.05797,76.5047,10.5326,81.0116,1,69,69
8,5,dropSWIR,mondrian,7.79529,56.6178,13.7683,72.8651,1,69,69
8,5,dropSWIR,naive,12.4152,71.0362,17.4773,72.8651,1,69,69
8,5,L2A_real,mondrian,8.62971,77.8659,11.0828,80.8788,1,69,69
8,5,L2A_real,naive,9.48587,80.3163,11.8106,80.8788,1,69,69
8,6,clean,mondrian,7.79638,76.7043,10.1642,81.4267,1,69,69
8,6,clean,naive,7.79638,76.7043,10.1642,81.4267,1,69,69
8,6,dropSWIR,mondrian,7.62609,64.0924,11.8986,76.7301,1,69,69
8,6,dropSWIR,naive,10.4511,73.6062,14.1987,76.7301,1,69,69
8,6,L2A_real,mondrian,8.47391,77.8533,10.8845,81.0349,1,69,69
8,6,L2A_real,naive,9.28913,80.2551,11.5745,81.0349,1,69,69
8,7,clean,mondrian,8.29022,77.55,10.6902,81.0473,1,69,69
8,7,clean,naive,8.29022,77.55,10.6902,81.0473,1,69,69
8,7,dropSWIR,mondrian,7.73188,62.0692,12.4569,75.876,1,69,69
8,7,dropSWIR,naive,12.0707,75.7685,15.931,75.876,1,69,69
8,7,L2A_real,mondrian,9.40978,79.3279,11.8619,80.7219,1,69,69
8,7,L2A_real,naive,10.5627,82.5083,12.802,80.7219,1,69,69
8,8,clean,mondrian,8.54058,76.5304,11.1597,80.4527,1,69,69
8,8,clean,naive,8.54058,76.5304,11.1597,80.4527,1,69,69
8,8,dropSWIR,mondrian,8.09312,61.5268,13.1538,74.9568,1,69,69
8,8,dropSWIR,naive,10.4149,68.7362,15.1519,74.9568,1,69,69
8,8,L2A_real,mondrian,8.92899,78.7688,11.3357,81.0082,1,69,69
8,8,L2A_real,naive,9.54203,80.5906,11.8401,81.0082,1,69,69
8,9,clean,mondrian,7.34674,65.8938,11.1494,77.2425,1,69,69
8,9,clean,naive,7.34674,65.8938,11.1494,77.2425,1,69,69
8,9,dropSWIR,mondrian,8.13913,58.1543,13.9957,73.2911,1,69,69
8,9,dropSWIR,naive,9.96667,64.8239,15.375,73.2911,1,69,69
8,9,L2A_real,mondrian,7.54638,71.1681,10.6036,79.4897,1,69,69
8,9,L2A_real,naive,8.24819,73.5149,11.2198,79.4897,1,69,69
9,0,clean,mondrian,8.14312,77.2529,10.5409,81.0169,1,69,69
9,0,clean,naive,8.14312,77.2529,10.5409,81.0169,1,69,69
9,0,dropSWIR,mondrian,8.68007,63.6366,13.6401,75.2239,1,69,69
9,0,dropSWIR,naive,11.1844,71.7351,15.5913,75.2239,1,69,69
9,0,L2A_real,mondrian,8.22029,77.8913,10.5535,80.9127,1,69,69
9,0,L2A_real,naive,9.26377,80.7696,11.4694,80.9127,1,69,69
9,1,clean,mondrian,8.97645,77.4993,11.5826,80.2225,1,69,69
9,1,clean,naive,8.97645,77.4993,11.5826,80.2225,1,69,69
9,1,dropSWIR,mondrian,9.38623,66.442,14.1269,75.5099,1,69,69
9,1,dropSWIR,naive,11.0308,71.9504,15.3311,75.5099,1,69,69
9,1,L2A_real,mondrian,8.83732,79.1199,11.1695,80.9,1,69,69
9,1,L2A_real,naive,9.99565,82.1442,12.1684,80.9,1,69,69
9,2,clean,mondrian,8.31739,75.0804,11.078,79.4014,1,69,69
9,2,clean,naive,8.31739,75.0804,11.078,79.4014,1,69,69
9,2,dropSWIR,mondrian,8.71848,61.7935,14.1091,74.069,1,69,69
9,2,dropSWIR,naive,12.8014,73.9431,17.3126,74.069,1,69,69
9,2,L2A_real,mondrian,7.95072,74.8279,10.6253,79.6556,1,69,69
9,2,L2A_real,naive,9.40725,78.8855,11.9252,79.6556,1,69,69
9,3,clean,mondrian,8.24529,76.9953,10.7088,80.9746,1,69,69
9,3,clean,naive,8.24529,76.9953,10.7088,80.9746,1,69,69
9,3,dropSWIR,mondrian,8.87355,66.9496,13.2541,76.4021,1,69,69
9,3,dropSWIR,naive,10.9377,73.725,14.8358,76.4021,1,69,69
9,3,L2A_real,mondrian,8.35797,77.3971,10.7988,81.1458,1,69,69
9,3,L2A_real,naive,9.73333,81.3975,11.9578,81.1458,1,69,69
9,4,clean,mondrian,8.24058,77.3507,10.6535,81.0401,1,69,69
9,4,clean,naive,8.24058,77.3507,10.6535,81.0401,1,69,69
9,4,dropSWIR,mondrian,8.88877,62.863,14.1399,75.6,1,69,69
9,4,dropSWIR,naive,11.5746,72.279,16.0138,75.6,1,69,69
9,4,L2A_real,mondrian,7.85833,76.3514,10.2923,80.9549,1,69,69
9,4,L2A_real,naive,9.51014,81.0149,11.7388,80.9549,1,69,69
9,5,clean,mondrian,8.84058,77.3772,11.4253,80.3486,1,69,69
9,5,clean,naive,8.84058,77.3772,11.4253,80.3486,1,69,69
9,5,dropSWIR,mondrian,8.63659,58.388,14.7917,72.7711,1,69,69
9,5,dropSWIR,naive,12.3525,70.196,17.5972,72.7711,1,69,69
9,5,L2A_real,mondrian,8.43623,77.4087,10.8983,80.6669,1,69,69
9,5,L2A_real,naive,9.68478,80.7232,11.9975,80.6669,1,69,69
9,6,clean,mondrian,7.95543,76.4917,10.4004,81.2317,1,69,69
9,6,clean,naive,7.95543,76.4917,10.4004,81.2317,1,69,69
9,6,dropSWIR,mondrian,8.41268,64.4982,13.0433,76.1845,1,69,69
9,6,dropSWIR,naive,10.5464,71.6196,14.7256,76.1845,1,69,69
9,6,L2A_real,mondrian,8.04239,76.8362,10.4669,81.1077,1,69,69
9,6,L2A_real,naive,9.09529,80.0812,11.3576,81.1077,1,69,69
9,7,clean,mondrian,8.0779,76.0105,10.6273,80.3655,1,69,69
9,7,clean,naive,8.0779,76.0105,10.6273,80.3655,1,69,69
9,7,dropSWIR,mondrian,8.24457,62.8547,13.1169,75.0331,1,69,69
9,7,dropSWIR,naive,11.6178,73.2601,15.8582,75.0331,1,69,69
9,7,L2A_real,mondrian,7.61486,74.8091,10.1791,80.6535,1,69,69
9,7,L2A_real,naive,9.66449,80.6815,11.9786,80.6535,1,69,69
9,8,clean,mondrian,8.81123,76.671,11.4923,80.1669,1,69,69
9,8,clean,naive,8.81123,76.671,11.4923,80.1669,1,69,69
9,8,dropSWIR,mondrian,8.425,61.6007,13.6768,74.4099,1,69,69
9,8,dropSWIR,naive,10.5906,68.1743,15.5346,74.4099,1,69,69
9,8,L2A_real,mondrian,8.93152,78.9764,11.3091,80.8577,1,69,69
9,8,L2A_real,naive,9.66304,80.9091,11.9431,80.8577,1,69,69
9,9,clean,mondrian,10.3315,73.1109,14.1313,77.0204,1,69,69
9,9,clean,naive,10.3315,73.1109,14.1313,77.0204,1,69,69
9,9,dropSWIR,mondrian,8.59167,58.3746,14.7181,72.9465,1,69,69
9,9,dropSWIR,naive,12.2475,69.8641,17.5304,72.9465,1,69,69
9,9,L2A_real,mondrian,9.64167,75.417,12.7845,78.7359,1,69,69
9,9,L2A_real,naive,10.6167,78.0587,13.6009,78.7359,1,69,69
