seed,split,arm,representation,weighting,joint_risk,coverage,feasible_frac,cond_joint,cond_cov,temperature
0,0,src_uniform,src,uniform,30.351595744680854,94.5526595744681,100.0,30.351595744680854,94.5526595744681,1.1680567580744554
0,0,src_weighted,src,weighted,7.380851063829787,17.787056737588653,21.27659574468085,34.68999999999999,83.59916666666666,1.1680567580744554
0,0,ren_uniform,ren,uniform,9.737056737588652,75.00195035460993,100.0,9.737056737588652,75.00195035460993,1.1680567580744554
0,0,ren_weighted,ren,weighted,10.283156028368793,76.33829787234043,100.0,10.283156028368793,76.33829787234043,1.1680567580744554
0,1,src_uniform,src,uniform,27.296542553191493,93.1656914893617,100.0,27.296542553191493,93.1656914893617,1.1439095316297294
0,1,src_weighted,src,weighted,4.935106382978724,20.82287234042553,27.659574468085108,17.842307692307692,75.2826923076923,1.1439095316297294
0,1,ren_uniform,ren,uniform,9.588031914893618,72.22101063829787,100.0,9.588031914893618,72.22101063829787,1.1439095316297294
0,1,ren_weighted,ren,weighted,8.705851063829789,70.35265957446809,100.0,8.705851063829789,70.35265957446809,1.1439095316297294
0,2,src_uniform,src,uniform,30.118351063829785,92.43696808510636,100.0,30.118351063829785,92.43696808510636,1.201466381213315
0,2,src_weighted,src,weighted,3.3901595744680852,20.871276595744675,27.659574468085108,12.256730769230767,75.4576923076923,1.201466381213315
0,2,ren_uniform,ren,uniform,8.068085106382979,65.59175531914894,100.0,8.068085106382979,65.59175531914894,1.201466381213315
0,2,ren_weighted,ren,weighted,6.2795212765957436,58.2936170212766,97.87234042553192,6.416032608695652,59.5608695652174,1.201466381213315
0,3,src_uniform,src,uniform,30.48351063829787,91.58191489361703,100.0,30.48351063829787,91.58191489361703,1.0745007458851106
0,3,src_weighted,src,weighted,5.719148936170211,18.352127659574467,27.659574468085108,20.676923076923075,66.35000000000001,1.0745007458851106
0,3,ren_uniform,ren,uniform,8.138297872340425,64.97287234042552,100.0,8.138297872340425,64.97287234042552,1.0745007458851106
0,3,ren_weighted,ren,weighted,8.170744680851064,65.03829787234044,97.87234042553192,8.348369565217391,66.45217391304348,1.0745007458851106
0,4,src_uniform,src,uniform,30.018262411347514,92.18280141843974,100.0,30.018262411347514,92.18280141843974,1.0569773815143182
0,4,src_weighted,src,weighted,6.748936170212766,11.817021276595744,14.893617021276595,45.31428571428571,79.34285714285714,1.0569773815143182
0,4,ren_uniform,ren,uniform,9.081117021276597,70.8470744680851,100.0,9.081117021276597,70.8470744680851,1.0569773815143182
0,4,ren_weighted,ren,weighted,8.248492907801417,69.0302304964539,100.0,8.248492907801417,69.0302304964539,1.0569773815143182
0,5,src_uniform,src,uniform,28.632092198581553,92.43936170212767,100.0,28.632092198581553,92.43936170212767,1.137804735088236
0,5,src_weighted,src,weighted,7.8102836879432616,25.465336879432616,34.04255319148936,22.942708333333332,74.80442708333334,1.137804735088236
0,5,ren_uniform,ren,uniform,9.22287234042553,72.556914893617,100.0,9.22287234042553,72.556914893617,1.137804735088236
0,5,ren_weighted,ren,weighted,8.556560283687945,72.05886524822697,97.87234042553192,8.742572463768116,73.62536231884059,1.137804735088236
0,6,src_uniform,src,uniform,29.082624113475177,93.15797872340427,100.0,29.082624113475177,93.15797872340427,1.1734248728028147
0,6,src_weighted,src,weighted,3.1888297872340416,17.545744680851065,25.53191489361702,12.489583333333332,68.72083333333333,1.1734248728028147
0,6,ren_uniform,ren,uniform,8.509751773049647,67.23014184397164,100.0,8.509751773049647,67.23014184397164,1.1734248728028147
0,6,ren_weighted,ren,weighted,9.023758865248228,68.8663120567376,100.0,9.023758865248228,68.8663120567376,1.1734248728028147
0,7,src_uniform,src,uniform,31.788031914893622,93.9159574468085,100.0,31.788031914893622,93.9159574468085,1.2983238786996762
0,7,src_weighted,src,weighted,5.35,22.425531914893618,27.659574468085108,19.342307692307692,81.07692307692308,1.2983238786996762
0,7,ren_uniform,ren,uniform,12.768617021276595,73.14494680851065,100.0,12.768617021276595,73.14494680851065,1.2983238786996762
0,7,ren_weighted,ren,weighted,11.371808510638298,69.76276595744683,100.0,11.371808510638298,69.76276595744683,1.2983238786996762
0,8,src_uniform,src,uniform,27.99734042553191,92.98191489361702,100.0,27.99734042553191,92.98191489361702,1.0767097094666616
0,8,src_weighted,src,weighted,6.5175531914893625,37.047606382978714,48.93617021276596,13.318478260869568,75.70597826086956,1.0767097094666616
0,8,ren_uniform,ren,uniform,8.711170212765959,72.67393617021277,100.0,8.711170212765959,72.67393617021277,1.0767097094666616
0,8,ren_weighted,ren,weighted,8.50159574468085,72.07579787234044,100.0,8.50159574468085,72.07579787234044,1.0767097094666616
0,9,src_uniform,src,uniform,27.97659574468085,94.82446808510639,100.0,27.97659574468085,94.82446808510639,1.2023054615381719
0,9,src_weighted,src,weighted,4.787765957446809,24.990957446808512,31.914893617021278,15.001666666666669,78.305,1.2023054615381719
0,9,ren_uniform,ren,uniform,9.656382978723405,72.10744680851064,100.0,9.656382978723405,72.10744680851064,1.2023054615381719
0,9,ren_weighted,ren,weighted,9.574468085106384,71.67287234042551,100.0,9.574468085106384,71.67287234042551,1.2023054615381719
1,0,src_uniform,src,uniform,27.648404255319154,95.95443262411348,100.0,27.648404255319154,95.95443262411348,1.1831177388065597
1,0,src_weighted,src,weighted,1.0563829787234043,3.564893617021277,6.382978723404255,16.55,55.85,1.1831177388065597
1,0,ren_uniform,ren,uniform,9.171985815602834,73.89645390070922,100.0,9.171985815602834,73.89645390070922,1.1831177388065597
1,0,ren_weighted,ren,weighted,9.97890070921986,75.90017730496453,100.0,9.97890070921986,75.90017730496453,1.1831177388065597
1,1,src_uniform,src,uniform,25.455585106382983,95.72792553191492,100.0,25.455585106382983,95.72792553191492,1.1663575270510433
1,1,src_weighted,src,weighted,0.0,0.0,0.0,,,1.1663575270510433
1,1,ren_uniform,ren,uniform,8.13723404255319,71.05,100.0,8.13723404255319,71.05,1.1663575270510433
1,1,ren_weighted,ren,weighted,7.8039893617021265,70.34946808510638,100.0,7.8039893617021265,70.34946808510638,1.1663575270510433
1,2,src_uniform,src,uniform,27.79281914893617,94.66037234042551,100.0,27.79281914893617,94.66037234042551,1.1932225747301126
1,2,src_weighted,src,weighted,0.0,0.0,0.0,,,1.1932225747301126
1,2,ren_uniform,ren,uniform,7.756382978723404,66.47526595744682,100.0,7.756382978723404,66.47526595744682,1.1932225747301126
1,2,ren_weighted,ren,weighted,7.676861702127659,65.89601063829788,100.0,7.676861702127659,65.89601063829788,1.1932225747301126
1,3,src_uniform,src,uniform,27.846276595744673,94.73244680851064,100.0,27.846276595744673,94.73244680851064,1.0957585291934375
1,3,src_weighted,src,weighted,0.3202127659574468,1.4595744680851066,2.127659574468085,15.049999999999999,68.60000000000001,1.0957585291934375
1,3,ren_uniform,ren,uniform,8.371808510638298,67.69202127659575,100.0,8.371808510638298,67.69202127659575,1.0957585291934375
1,3,ren_weighted,ren,weighted,9.728723404255321,70.88138297872341,95.74468085106383,10.161111111111113,74.03166666666667,1.0957585291934375
1,4,src_uniform,src,uniform,27.040691489361702,94.6956560283688,100.0,27.040691489361702,94.6956560283688,1.0715701915241724
1,4,src_weighted,src,weighted,0.4117021276595745,1.6,2.127659574468085,19.35,75.2,1.0715701915241724
1,4,ren_uniform,ren,uniform,7.874911347517733,67.87287234042553,100.0,7.874911347517733,67.87287234042553,1.0715701915241724
1,4,ren_weighted,ren,weighted,7.15017730496454,65.32579787234043,100.0,7.15017730496454,65.32579787234043,1.0715701915241724
1,5,src_uniform,src,uniform,26.203723404255324,95.03475177304968,100.0,26.203723404255324,95.03475177304968,1.1439328851892014
1,5,src_weighted,src,weighted,0.7351063829787233,1.6404255319148935,2.127659574468085,34.55,77.10000000000001,1.1439328851892014
1,5,ren_uniform,ren,uniform,8.816489361702128,69.29503546099292,100.0,8.816489361702128,69.29503546099292,1.1439328851892014
1,5,ren_weighted,ren,weighted,7.818351063829788,67.64760638297871,97.87234042553192,7.988315217391305,69.11820652173913,1.1439328851892014
1,6,src_uniform,src,uniform,26.95017730496454,95.19166666666668,100.0,26.95017730496454,95.19166666666668,1.218168098677428
1,6,src_weighted,src,weighted,0.3414893617021276,1.4957446808510637,2.127659574468085,16.05,70.3,1.218168098677428
1,6,ren_uniform,ren,uniform,8.746808510638298,67.81471631205673,100.0,8.746808510638298,67.81471631205673,1.218168098677428
1,6,ren_weighted,ren,weighted,9.721631205673761,70.48297872340424,100.0,9.721631205673761,70.48297872340424,1.218168098677428
1,7,src_uniform,src,uniform,30.525797872340426,96.27393617021276,100.0,30.525797872340426,96.27393617021276,1.2878325763155065
1,7,src_weighted,src,weighted,0.0,0.0,0.0,,,1.2878325763155065
1,7,ren_uniform,ren,uniform,11.487500000000002,73.12765957446807,100.0,11.487500000000002,73.12765957446807,1.2878325763155065
1,7,ren_weighted,ren,weighted,10.838563829787232,71.94840425531916,100.0,10.838563829787232,71.94840425531916,1.2878325763155065
1,8,src_uniform,src,uniform,25.646010638297874,95.17898936170214,100.0,25.646010638297874,95.17898936170214,1.1029944556571711
1,8,src_weighted,src,weighted,0.0,0.0,0.0,,,1.1029944556571711
1,8,ren_uniform,ren,uniform,8.943085106382979,73.76090425531915,100.0,8.943085106382979,73.76090425531915,1.1029944556571711
1,8,ren_weighted,ren,weighted,8.90691489361702,73.63909574468086,100.0,8.90691489361702,73.63909574468086,1.1029944556571711
1,9,src_uniform,src,uniform,26.730851063829785,95.72606382978722,100.0,26.730851063829785,95.72606382978722,1.169904246809012
1,9,src_weighted,src,weighted,0.0,0.0,0.0,,,1.169904246809012
1,9,ren_uniform,ren,uniform,9.607978723404257,72.17074468085104,100.0,9.607978723404257,72.17074468085104,1.169904246809012
1,9,ren_weighted,ren,weighted,9.803191489361705,72.24574468085106,100.0,9.803191489361705,72.24574468085106,1.169904246809012
2,0,src_uniform,src,uniform,28.653191489361703,94.15833333333335,100.0,28.653191489361703,94.15833333333335,1.1858582784985365
2,0,src_weighted,src,weighted,0.8340425531914895,2.8893617021276596,6.382978723404255,13.066666666666668,45.26666666666667,1.1858582784985365
2,0,ren_uniform,ren,uniform,9.304255319148936,73.53900709219859,100.0,9.304255319148936,73.53900709219859,1.1858582784985365
2,0,ren_weighted,ren,weighted,9.654787234042551,75.01666666666667,97.87234042553192,9.864673913043475,76.64746376811595,1.1858582784985365
2,1,src_uniform,src,uniform,27.235372340425528,94.66728723404255,100.0,27.235372340425528,94.66728723404255,1.1916279459110994
2,1,src_weighted,src,weighted,0.27978723404255323,1.3372340425531914,2.127659574468085,13.15,62.849999999999994,1.1916279459110994
2,1,ren_uniform,ren,uniform,8.65904255319149,71.10265957446809,100.0,8.65904255319149,71.10265957446809,1.1916279459110994
2,1,ren_weighted,ren,weighted,8.372606382978724,70.44281914893618,100.0,8.372606382978724,70.44281914893618,1.1916279459110994
2,2,src_uniform,src,uniform,29.958776595744673,94.65585106382977,100.0,29.958776595744673,94.65585106382977,1.2123734612089612
2,2,src_weighted,src,weighted,0.2585106382978723,1.8468085106382977,2.127659574468085,12.15,86.8,1.2123734612089612
2,2,ren_uniform,ren,uniform,8.10718085106383,65.81037234042554,100.0,8.10718085106383,65.81037234042554,1.2123734612089612
2,2,ren_weighted,ren,weighted,7.676595744680852,64.0811170212766,100.0,7.676595744680852,64.0811170212766,1.2123734612089612
2,3,src_uniform,src,uniform,29.136702127659575,93.34574468085107,100.0,29.136702127659575,93.34574468085107,1.1028567178949233
2,3,src_weighted,src,weighted,0.2,0.9819148936170214,2.127659574468085,9.4,46.150000000000006,1.1028567178949233
2,3,ren_uniform,ren,uniform,9.40053191489362,67.12127659574467,100.0,9.40053191489362,67.12127659574467,1.1028567178949233
2,3,ren_weighted,ren,weighted,10.023936170212764,69.66436170212768,93.61702127659575,10.707386363636363,74.41420454545455,1.1028567178949233
2,4,src_uniform,src,uniform,29.027482269503547,93.77774822695035,100.0,29.027482269503547,93.77774822695035,1.0492559312268719
2,4,src_weighted,src,weighted,1.3085106382978722,4.339361702127659,6.382978723404255,20.5,67.98333333333333,1.0492559312268719
2,4,ren_uniform,ren,uniform,8.111170212765959,68.34503546099289,100.0,8.111170212765959,68.34503546099289,1.0492559312268719
2,4,ren_weighted,ren,weighted,7.50177304964539,66.87553191489361,100.0,7.50177304964539,66.87553191489361,1.0492559312268719
2,5,src_uniform,src,uniform,28.183510638297875,93.25868794326243,100.0,28.183510638297875,93.25868794326243,1.1280662216997122
2,5,src_weighted,src,weighted,0.8361702127659574,3.315957446808511,6.382978723404255,13.100000000000001,51.949999999999996,1.1280662216997122
2,5,ren_uniform,ren,uniform,8.897429078014184,69.09140070921987,100.0,8.897429078014184,69.09140070921987,1.1280662216997122
2,5,ren_weighted,ren,weighted,8.186436170212765,68.1406914893617,97.87234042553192,8.364402173913044,69.62201086956523,1.1280662216997122
2,6,src_uniform,src,uniform,29.062943262411352,94.23989361702128,100.0,29.062943262411352,94.23989361702128,1.1781883880954134
2,6,src_weighted,src,weighted,0.19255319148936167,0.9340425531914893,2.127659574468085,9.049999999999999,43.9,1.1781883880954134
2,6,ren_uniform,ren,uniform,9.936347517730495,66.977304964539,100.0,9.936347517730495,66.977304964539,1.1781883880954134
2,6,ren_weighted,ren,weighted,10.879787234042551,69.94184397163119,100.0,10.879787234042551,69.94184397163119,1.1781883880954134
2,7,src_uniform,src,uniform,32.73244680851064,95.57340425531915,100.0,32.73244680851064,95.57340425531915,1.2696369323938184
2,7,src_weighted,src,weighted,0.3563829787234043,1.6085106382978724,2.127659574468085,16.75,75.6,1.2696369323938184
2,7,ren_uniform,ren,uniform,12.83191489361702,73.68297872340423,100.0,12.83191489361702,73.68297872340423,1.2696369323938184
2,7,ren_weighted,ren,weighted,11.679255319148938,71.2,100.0,11.679255319148938,71.2,1.2696369323938184
2,8,src_uniform,src,uniform,27.913031914893615,93.63909574468087,100.0,27.913031914893615,93.63909574468087,1.0903874709914299
2,8,src_weighted,src,weighted,0.0,0.0,0.0,,,1.0903874709914299
2,8,ren_uniform,ren,uniform,9.297074468085107,72.94335106382978,100.0,9.297074468085107,72.94335106382978,1.0903874709914299
2,8,ren_weighted,ren,weighted,9.343882978723402,73.22553191489362,100.0,9.343882978723402,73.22553191489362,1.0903874709914299
2,9,src_uniform,src,uniform,28.526595744680854,94.30691489361702,100.0,28.526595744680854,94.30691489361702,1.1868947382664885
2,9,src_weighted,src,weighted,0.0,0.0,0.0,,,1.1868947382664885
2,9,ren_uniform,ren,uniform,8.879255319148935,69.29734042553191,100.0,8.879255319148935,69.29734042553191,1.1868947382664885
2,9,ren_weighted,ren,weighted,9.706382978723402,71.2558510638298,100.0,9.706382978723402,71.2558510638298,1.1868947382664885
3,0,src_uniform,src,uniform,27.576418439716306,93.81382978723406,100.0,27.576418439716306,93.81382978723406,1.1943712084240556
3,0,src_weighted,src,weighted,2.967553191489362,9.2968085106383,14.893617021276595,19.925,62.42142857142857,1.1943712084240556
3,0,ren_uniform,ren,uniform,9.232092198581563,73.8563829787234,100.0,9.232092198581563,73.8563829787234,1.1943712084240556
3,0,ren_weighted,ren,weighted,9.24450354609929,73.85691489361702,100.0,9.24450354609929,73.85691489361702,1.1943712084240556
3,1,src_uniform,src,uniform,25.11728723404255,93.14308510638296,100.0,25.11728723404255,93.14308510638296,1.177622198696212
3,1,src_weighted,src,weighted,0.9563829787234043,7.771808510638298,12.76595744680851,7.491666666666667,60.87916666666666,1.177622198696212
3,1,ren_uniform,ren,uniform,8.157446808510638,70.69281914893617,100.0,8.157446808510638,70.69281914893617,1.177622198696212
3,1,ren_weighted,ren,weighted,7.864361702127659,70.10212765957446,100.0,7.864361702127659,70.10212765957446,1.177622198696212
3,2,src_uniform,src,uniform,27.632978723404257,92.15531914893617,100.0,27.632978723404257,92.15531914893617,1.193605510365075
3,2,src_weighted,src,weighted,0.8191489361702128,6.294414893617022,8.51063829787234,9.625,73.95937500000001,1.193605510365075
3,2,ren_uniform,ren,uniform,8.064893617021276,65.25265957446808,100.0,8.064893617021276,65.25265957446808,1.193605510365075
3,2,ren_weighted,ren,weighted,6.337234042553192,57.99760638297873,95.74468085106383,6.618888888888888,60.57527777777778,1.193605510365075
3,3,src_uniform,src,uniform,26.79308510638298,91.62234042553192,100.0,26.79308510638298,91.62234042553192,1.0966460320321638
3,3,src_weighted,src,weighted,0.947872340425532,6.772340425531914,10.638297872340425,8.91,63.66,1.0966460320321638
3,3,ren_uniform,ren,uniform,7.963297872340425,65.81808510638297,100.0,7.963297872340425,65.81808510638297,1.0966460320321638
3,3,ren_weighted,ren,weighted,8.07872340425532,66.02127659574468,95.74468085106383,8.437777777777779,68.95555555555555,1.0966460320321638
3,4,src_uniform,src,uniform,26.542198581560285,90.23129432624114,100.0,26.542198581560285,90.23129432624114,1.0791331317488186
3,4,src_weighted,src,weighted,3.4457446808510634,7.913829787234043,12.76595744680851,26.991666666666664,61.99166666666667,1.0791331317488186
3,4,ren_uniform,ren,uniform,8.422783687943262,70.30824468085106,100.0,8.422783687943262,70.30824468085106,1.0791331317488186
3,4,ren_weighted,ren,weighted,7.07473404255319,66.23812056737589,100.0,7.07473404255319,66.23812056737589,1.0791331317488186
3,5,src_uniform,src,uniform,26.496453900709216,92.58076241134752,100.0,26.496453900709216,92.58076241134752,1.1273018177046927
3,5,src_weighted,src,weighted,2.375,10.451595744680851,17.02127659574468,13.953125,61.403125,1.1273018177046927
3,5,ren_uniform,ren,uniform,9.07801418439716,70.48909574468085,100.0,9.07801418439716,70.48909574468085,1.1273018177046927
3,5,ren_weighted,ren,weighted,8.016578014184397,67.32517730496454,93.61702127659575,8.56316287878788,71.9155303030303,1.1273018177046927
3,6,src_uniform,src,uniform,26.822872340425537,93.295390070922,100.0,26.822872340425537,93.295390070922,1.1676395636731849
3,6,src_weighted,src,weighted,0.7010638297872341,4.657446808510638,6.382978723404255,10.983333333333334,72.96666666666667,1.1676395636731849
3,6,ren_uniform,ren,uniform,10.120567375886527,68.32322695035461,100.0,10.120567375886527,68.32322695035461,1.1676395636731849
3,6,ren_weighted,ren,weighted,11.093439716312057,71.50195035460995,100.0,11.093439716312057,71.50195035460995,1.1676395636731849
3,7,src_uniform,src,uniform,30.109042553191482,93.30478723404254,100.0,30.109042553191482,93.30478723404254,1.2523918558541336
3,7,src_weighted,src,weighted,2.7106382978723405,12.457446808510639,17.02127659574468,15.925,73.1875,1.2523918558541336
3,7,ren_uniform,ren,uniform,12.231382978723403,72.63856382978723,100.0,12.231382978723403,72.63856382978723,1.2523918558541336
3,7,ren_weighted,ren,weighted,10.450000000000001,68.40691489361703,100.0,10.450000000000001,68.40691489361703,1.2523918558541336
3,8,src_uniform,src,uniform,25.66702127659574,92.50026595744683,100.0,25.66702127659574,92.50026595744683,1.1359840901581133
3,8,src_weighted,src,weighted,0.9468085106382979,7.431914893617021,10.638297872340425,8.9,69.86000000000001,1.1359840901581133
3,8,ren_uniform,ren,uniform,9.080585106382975,73.76755319148936,100.0,9.080585106382975,73.76755319148936,1.1359840901581133
3,8,ren_weighted,ren,weighted,8.598936170212767,72.63404255319148,100.0,8.598936170212767,72.63404255319148,1.1359840901581133
3,9,src_uniform,src,uniform,27.167021276595744,94.89734042553192,100.0,27.167021276595744,94.89734042553192,1.1332548955198825
3,9,src_weighted,src,weighted,1.053191489361702,8.385106382978725,10.638297872340425,9.899999999999999,78.82000000000001,1.1332548955198825
3,9,ren_uniform,ren,uniform,9.90159574468085,71.39361702127661,100.0,9.90159574468085,71.39361702127661,1.1332548955198825
3,9,ren_weighted,ren,weighted,9.951063829787236,71.19787234042553,100.0,9.951063829787236,71.19787234042553,1.1332548955198825
4,0,src_uniform,src,uniform,27.304609929078016,95.25496453900706,100.0,27.304609929078016,95.25496453900706,1.191345528035426
4,0,src_weighted,src,weighted,0.43404255319148943,1.1335106382978724,8.51063829787234,5.1000000000000005,13.318750000000001,1.191345528035426
4,0,ren_uniform,ren,uniform,9.40957446808511,74.27535460992908,100.0,9.40957446808511,74.27535460992908,1.191345528035426
4,0,ren_weighted,ren,weighted,9.209574468085107,74.18758865248225,100.0,9.209574468085107,74.18758865248225,1.191345528035426
4,1,src_uniform,src,uniform,26.018351063829787,95.02792553191492,100.0,26.018351063829787,95.02792553191492,1.166649557648858
4,1,src_weighted,src,weighted,0.7715425531914893,6.656117021276596,17.02127659574468,4.5328125,39.1046875,1.166649557648858
4,1,ren_uniform,ren,uniform,9.86063829787234,73.18803191489363,100.0,9.86063829787234,73.18803191489363,1.166649557648858
4,1,ren_weighted,ren,weighted,9.222872340425534,71.88803191489362,100.0,9.222872340425534,71.88803191489362,1.166649557648858
4,2,src_uniform,src,uniform,28.429787234042553,93.94069148936168,100.0,28.429787234042553,93.94069148936168,1.277457061588377
4,2,src_weighted,src,weighted,0.4021276595744681,3.3207446808510643,4.25531914893617,9.45,78.03750000000001,1.277457061588377
4,2,ren_uniform,ren,uniform,8.725531914893617,65.75558510638298,100.0,8.725531914893617,65.75558510638298,1.277457061588377
4,2,ren_weighted,ren,weighted,7.790691489361702,62.468351063829786,100.0,7.790691489361702,62.468351063829786,1.277457061588377
4,3,src_uniform,src,uniform,28.002127659574473,93.72606382978721,100.0,28.002127659574473,93.72606382978721,1.122946655111371
4,3,src_weighted,src,weighted,0.03723404255319149,1.4053191489361703,4.25531914893617,0.8750000000000001,33.025,1.122946655111371
4,3,ren_uniform,ren,uniform,9.662765957446805,67.80212765957447,100.0,9.662765957446805,67.80212765957447,1.122946655111371
4,3,ren_weighted,ren,weighted,8.894148936170211,67.04893617021276,97.87234042553192,9.0875,68.50652173913043,1.122946655111371
4,4,src_uniform,src,uniform,27.162588652482267,93.08138297872341,100.0,27.162588652482267,93.08138297872341,1.1055655955263513
4,4,src_weighted,src,weighted,1.3606382978723401,3.7627659574468084,12.76595744680851,10.658333333333331,29.475,1.1055655955263513
4,4,ren_uniform,ren,uniform,8.927925531914891,69.29423758865249,100.0,8.927925531914891,69.29423758865249,1.1055655955263513
4,4,ren_weighted,ren,weighted,8.365691489361703,68.09884751773049,100.0,8.365691489361703,68.09884751773049,1.1055655955263513
4,5,src_uniform,src,uniform,26.362943262411353,94.1381205673759,100.0,26.362943262411353,94.1381205673759,1.1324876113275577
4,5,src_weighted,src,weighted,0.9127659574468084,4.154255319148936,12.76595744680851,7.1499999999999995,32.541666666666664,1.1324876113275577
4,5,ren_uniform,ren,uniform,9.819946808510636,71.44778368794326,100.0,9.819946808510636,71.44778368794326,1.1324876113275577
4,5,ren_weighted,ren,weighted,8.633421985815602,70.52367021276595,97.87234042553192,8.821105072463768,72.05679347826089,1.1324876113275577
4,6,src_uniform,src,uniform,27.13599290780142,94.48138297872337,100.0,27.13599290780142,94.48138297872337,1.1930495653591981
4,6,src_weighted,src,weighted,0.13829787234042554,1.8351063829787235,6.382978723404255,2.166666666666667,28.750000000000004,1.1930495653591981
4,6,ren_uniform,ren,uniform,9.122872340425529,66.54769503546099,100.0,9.122872340425529,66.54769503546099,1.1930495653591981
4,6,ren_weighted,ren,weighted,9.813475177304962,68.78776595744682,100.0,9.813475177304962,68.78776595744682,1.1930495653591981
4,7,src_uniform,src,uniform,30.9875,96.1526595744681,100.0,30.9875,96.1526595744681,1.3242858162342013
4,7,src_weighted,src,weighted,0.5659574468085107,1.8425531914893618,4.25531914893617,13.3,43.3,1.3242858162342013
4,7,ren_uniform,ren,uniform,13.289627659574466,75.02420212765959,100.0,13.289627659574466,75.02420212765959,1.3242858162342013
4,7,ren_weighted,ren,weighted,11.560638297872337,70.88882978723406,100.0,11.560638297872337,70.88882978723406,1.3242858162342013
4,8,src_uniform,src,uniform,25.736436170212773,94.44840425531916,100.0,25.736436170212773,94.44840425531916,1.122513037596918
4,8,src_weighted,src,weighted,0.36489361702127654,5.248936170212766,8.51063829787234,4.2875,61.675000000000004,1.122513037596918
4,8,ren_uniform,ren,uniform,9.407180851063826,73.99601063829789,100.0,9.407180851063826,73.99601063829789,1.122513037596918
4,8,ren_weighted,ren,weighted,9.34787234042553,73.97180851063828,100.0,9.34787234042553,73.97180851063828,1.122513037596918
4,9,src_uniform,src,uniform,26.916489361702123,95.59148936170212,100.0,26.916489361702123,95.59148936170212,1.1956696568232932
4,9,src_weighted,src,weighted,0.2914893617021277,5.462765957446809,8.51063829787234,3.4250000000000003,64.1875,1.1956696568232932
4,9,ren_uniform,ren,uniform,8.586702127659574,70.30212765957445,100.0,8.586702127659574,70.30212765957445,1.1956696568232932
4,9,ren_weighted,ren,weighted,8.782446808510638,70.65372340425532,100.0,8.782446808510638,70.65372340425532,1.1956696568232932
5,0,src_uniform,src,uniform,26.93404255319149,93.69202127659577,100.0,26.93404255319149,93.69202127659577,1.2193367560432629
5,0,src_weighted,src,weighted,0.7691489361702128,2.8351063829787235,6.382978723404255,12.05,44.416666666666664,1.2193367560432629
5,0,ren_uniform,ren,uniform,9.887765957446806,75.943085106383,100.0,9.887765957446806,75.943085106383,1.2193367560432629
5,0,ren_weighted,ren,weighted,9.276241134751775,74.58936170212768,97.87234042553192,9.477898550724637,76.21086956521741,1.2193367560432629
5,1,src_uniform,src,uniform,25.08856382978723,93.73829787234041,100.0,25.08856382978723,93.73829787234041,1.2266171647479989
5,1,src_weighted,src,weighted,0.898936170212766,7.004255319148936,12.76595744680851,7.041666666666667,54.866666666666674,1.2266171647479989
5,1,ren_uniform,ren,uniform,8.406382978723405,71.0659574468085,100.0,8.406382978723405,71.0659574468085,1.2266171647479989
5,1,ren_weighted,ren,weighted,7.95531914893617,69.97765957446808,100.0,7.95531914893617,69.97765957446808,1.2266171647479989
5,2,src_uniform,src,uniform,27.87340425531915,93.08936170212763,100.0,27.87340425531915,93.08936170212763,1.28844373484433
5,2,src_weighted,src,weighted,1.5125000000000004,9.750265957446809,12.76595744680851,11.84791666666667,76.37708333333335,1.28844373484433
5,2,ren_uniform,ren,uniform,8.72313829787234,66.94308510638298,100.0,8.72313829787234,66.94308510638298,1.28844373484433
5,2,ren_weighted,ren,weighted,7.901861702127659,63.11196808510638,100.0,7.901861702127659,63.11196808510638,1.28844373484433
5,3,src_uniform,src,uniform,27.852659574468085,93.2186170212766,100.0,27.852659574468085,93.2186170212766,1.1722351878898376
5,3,src_weighted,src,weighted,1.15531914893617,7.840425531914893,12.76595744680851,9.049999999999999,61.416666666666664,1.1722351878898376
5,3,ren_uniform,ren,uniform,8.386702127659575,67.02234042553192,100.0,8.386702127659575,67.02234042553192,1.1722351878898376
5,3,ren_weighted,ren,weighted,8.573404255319147,67.79361702127659,97.87234042553192,8.759782608695652,69.26739130434781,1.1722351878898376
5,4,src_uniform,src,uniform,27.188297872340428,92.50585106382977,100.0,27.188297872340428,92.50585106382977,1.119281745952334
5,4,src_weighted,src,weighted,2.4159574468085103,7.160638297872341,10.638297872340425,22.71,67.31,1.119281745952334
5,4,ren_uniform,ren,uniform,10.430141843971633,72.88945035460992,100.0,10.430141843971633,72.88945035460992,1.119281745952334
5,4,ren_weighted,ren,weighted,8.542287234042552,68.57925531914893,100.0,8.542287234042552,68.57925531914893,1.119281745952334
5,5,src_uniform,src,uniform,26.58679078014185,92.971719858156,100.0,26.58679078014185,92.971719858156,1.202217616386893
5,5,src_weighted,src,weighted,0.9127659574468086,3.5308510638297874,10.638297872340425,8.580000000000002,33.190000000000005,1.202217616386893
5,5,ren_uniform,ren,uniform,9.989627659574468,73.02562056737588,100.0,9.989627659574468,73.02562056737588,1.202217616386893
5,5,ren_weighted,ren,weighted,8.159574468085104,69.66453900709222,95.74468085106383,8.522222222222222,72.76074074074074,1.202217616386893
5,6,src_uniform,src,uniform,27.39946808510639,93.40478723404256,100.0,27.39946808510639,93.40478723404256,1.2574795977288322
5,6,src_weighted,src,weighted,0.7177304964539009,5.666666666666666,10.638297872340425,6.746666666666666,53.266666666666666,1.2574795977288322
5,6,ren_uniform,ren,uniform,9.635638297872342,69.90124113475177,100.0,9.635638297872342,69.90124113475177,1.2574795977288322
5,6,ren_weighted,ren,weighted,10.398758865248228,71.92641843971631,100.0,10.398758865248228,71.92641843971631,1.2574795977288322
5,7,src_uniform,src,uniform,30.334042553191487,95.17393617021278,100.0,30.334042553191487,95.17393617021278,1.348252194679521
5,7,src_weighted,src,weighted,2.5968085106382977,11.074468085106384,14.893617021276595,17.435714285714287,74.35714285714286,1.348252194679521
5,7,ren_uniform,ren,uniform,12.640425531914893,73.75824468085106,100.0,12.640425531914893,73.75824468085106,1.348252194679521
5,7,ren_weighted,ren,weighted,10.889893617021276,69.63404255319149,100.0,10.889893617021276,69.63404255319149,1.348252194679521
5,8,src_uniform,src,uniform,25.87632978723405,93.42579787234044,100.0,25.87632978723405,93.42579787234044,1.1411108971811383
5,8,src_weighted,src,weighted,0.28936170212765955,3.1659574468085108,6.382978723404255,4.533333333333333,49.6,1.1411108971811383
5,8,ren_uniform,ren,uniform,9.457978723404254,75.14999999999998,100.0,9.457978723404254,75.14999999999998,1.1411108971811383
5,8,ren_weighted,ren,weighted,9.211702127659574,74.64095744680851,100.0,9.211702127659574,74.64095744680851,1.1411108971811383
5,9,src_uniform,src,uniform,27.453723404255324,94.11436170212764,100.0,27.453723404255324,94.11436170212764,1.2353282587011527
5,9,src_weighted,src,weighted,1.227659574468085,7.772340425531915,12.76595744680851,9.616666666666667,60.883333333333326,1.2353282587011527
5,9,ren_uniform,ren,uniform,9.514361702127658,72.64734042553191,100.0,9.514361702127658,72.64734042553191,1.2353282587011527
5,9,ren_weighted,ren,weighted,9.450531914893618,72.30212765957447,100.0,9.450531914893618,72.30212765957447,1.2353282587011527
6,0,src_uniform,src,uniform,28.540248226950354,94.6687943262411,100.0,28.540248226950354,94.6687943262411,1.1757227288041658
6,0,src_weighted,src,weighted,1.1648936170212763,5.147872340425532,10.638297872340425,10.95,48.39000000000001,1.1757227288041658
6,0,ren_uniform,ren,uniform,9.19645390070922,74.41808510638297,100.0,9.19645390070922,74.41808510638297,1.1757227288041658
6,0,ren_weighted,ren,weighted,9.071276595744681,74.12677304964541,100.0,9.071276595744681,74.12677304964541,1.1757227288041658
6,1,src_uniform,src,uniform,26.727127659574474,94.7218085106383,100.0,26.727127659574474,94.7218085106383,1.1513353915286813
6,1,src_weighted,src,weighted,0.27340425531914897,2.3010638297872346,4.25531914893617,6.425,54.075,1.1513353915286813
6,1,ren_uniform,ren,uniform,8.23723404255319,70.3566489361702,100.0,8.23723404255319,70.3566489361702,1.1513353915286813
6,1,ren_weighted,ren,weighted,7.7375,69.19494680851064,100.0,7.7375,69.19494680851064,1.1513353915286813
6,2,src_uniform,src,uniform,29.357180851063823,93.93031914893616,100.0,29.357180851063823,93.93031914893616,1.1998946750443384
6,2,src_weighted,src,weighted,1.6805851063829789,10.639627659574467,17.02127659574468,9.873437499999998,62.50781250000001,1.1998946750443384
6,2,ren_uniform,ren,uniform,8.260904255319149,65.04627659574467,100.0,8.260904255319149,65.04627659574467,1.1998946750443384
6,2,ren_weighted,ren,weighted,6.709042553191489,55.95531914893617,91.48936170212765,7.3331395348837205,61.16046511627907,1.1998946750443384
6,3,src_uniform,src,uniform,29.255851063829784,94.07712765957447,100.0,29.255851063829784,94.07712765957447,1.1027406144199994
6,3,src_weighted,src,weighted,0.6468085106382979,4.689361702127659,10.638297872340425,6.08,44.08,1.1027406144199994
6,3,ren_uniform,ren,uniform,8.775531914893616,66.67553191489363,100.0,8.775531914893616,66.67553191489363,1.1027406144199994
6,3,ren_weighted,ren,weighted,7.6670212765957455,63.24946808510637,93.61702127659575,8.189772727272727,67.56193181818182,1.1027406144199994
6,4,src_uniform,src,uniform,28.224556737588653,92.97632978723406,100.0,28.224556737588653,92.97632978723406,1.095738418062615
6,4,src_weighted,src,weighted,2.1670212765957446,6.1797872340425535,8.51063829787234,25.4625,72.6125,1.095738418062615
6,4,ren_uniform,ren,uniform,8.897340425531914,70.39007092198582,100.0,8.897340425531914,70.39007092198582,1.095738418062615
6,4,ren_weighted,ren,weighted,7.193439716312057,65.48803191489363,100.0,7.193439716312057,65.48803191489363,1.095738418062615
6,5,src_uniform,src,uniform,28.36586879432624,94.07828014184398,100.0,28.36586879432624,94.07828014184398,1.1277339362296013
6,5,src_weighted,src,weighted,1.2691489361702128,4.372340425531916,10.638297872340425,11.93,41.1,1.1277339362296013
6,5,ren_uniform,ren,uniform,9.631737588652483,71.59219858156028,100.0,9.631737588652483,71.59219858156028,1.1277339362296013
6,5,ren_weighted,ren,weighted,8.42526595744681,68.75398936170212,95.74468085106383,8.799722222222222,71.80972222222222,1.1277339362296013
6,6,src_uniform,src,uniform,28.613297872340425,94.84290780141845,100.0,28.613297872340425,94.84290780141845,1.19420478268757
6,6,src_weighted,src,weighted,0.34893617021276596,5.025531914893618,10.638297872340425,3.2800000000000002,47.239999999999995,1.19420478268757
6,6,ren_uniform,ren,uniform,10.274468085106385,69.40070921985816,100.0,10.274468085106385,69.40070921985816,1.19420478268757
6,6,ren_weighted,ren,weighted,10.395567375886523,69.90265957446809,100.0,10.395567375886523,69.90265957446809,1.19420478268757
6,7,src_uniform,src,uniform,32.57234042553191,96.33696808510639,100.0,32.57234042553191,96.33696808510639,1.3226615582676657
6,7,src_weighted,src,weighted,1.9058510638297874,10.456117021276595,17.02127659574468,11.196875,61.4296875,1.3226615582676657
6,7,ren_uniform,ren,uniform,12.625797872340424,74.14414893617021,100.0,12.625797872340424,74.14414893617021,1.3226615582676657
6,7,ren_weighted,ren,weighted,10.227925531914895,68.71781914893617,100.0,10.227925531914895,68.71781914893617,1.3226615582676657
6,8,src_uniform,src,uniform,27.07473404255319,94.5625,100.0,27.07473404255319,94.5625,1.0892450372184157
6,8,src_weighted,src,weighted,1.1734042553191488,8.692287234042553,14.893617021276595,7.878571428571426,58.3625,1.0892450372184157
6,8,ren_uniform,ren,uniform,9.538297872340424,74.38750000000002,100.0,9.538297872340424,74.38750000000002,1.0892450372184157
6,8,ren_weighted,ren,weighted,9.273138297872338,73.89441489361703,100.0,9.273138297872338,73.89441489361703,1.0892450372184157
6,9,src_uniform,src,uniform,28.940957446808508,95.63936170212767,100.0,28.940957446808508,95.63936170212767,1.1456438367970427
6,9,src_weighted,src,weighted,0.21702127659574466,2.024468085106383,2.127659574468085,10.2,95.15,1.1456438367970427
6,9,ren_uniform,ren,uniform,9.421808510638296,71.48723404255321,100.0,9.421808510638296,71.48723404255321,1.1456438367970427
6,9,ren_weighted,ren,weighted,9.11063829787234,70.52925531914893,100.0,9.11063829787234,70.52925531914893,1.1456438367970427
7,0,src_uniform,src,uniform,28.17393617021276,92.74822695035462,100.0,28.17393617021276,92.74822695035462,1.2172325122111165
7,0,src_weighted,src,weighted,1.5132978723404253,3.576063829787234,8.51063829787234,17.78125,42.018750000000004,1.2172325122111165
7,0,ren_uniform,ren,uniform,9.33067375886525,73.38475177304963,100.0,9.33067375886525,73.38475177304963,1.2172325122111165
7,0,ren_weighted,ren,weighted,9.270921985815605,73.1840425531915,97.87234042553192,9.472463768115945,74.775,1.2172325122111165
7,1,src_uniform,src,uniform,25.825000000000003,93.33962765957446,100.0,25.825000000000003,93.33962765957446,1.2032792432324888
7,1,src_weighted,src,weighted,0.823404255319149,8.520212765957446,12.76595744680851,6.45,66.74166666666666,1.2032792432324888
7,1,ren_uniform,ren,uniform,8.71063829787234,70.72579787234044,100.0,8.71063829787234,70.72579787234044,1.2032792432324888
7,1,ren_weighted,ren,weighted,8.47845744680851,70.19308510638298,100.0,8.47845744680851,70.19308510638298,1.2032792432324888
7,2,src_uniform,src,uniform,28.548670212765952,91.63696808510639,100.0,28.548670212765952,91.63696808510639,1.2363118650885536
7,2,src_weighted,src,weighted,3.0156914893617026,18.6531914893617,25.53191489361702,11.811458333333334,73.05833333333332,1.2363118650885536
7,2,ren_uniform,ren,uniform,7.819414893617021,63.41037234042554,100.0,7.819414893617021,63.41037234042554,1.2363118650885536
7,2,ren_weighted,ren,weighted,6.5736702127659585,57.907180851063835,97.87234042553192,6.716576086956523,59.16603260869565,1.2363118650885536
7,3,src_uniform,src,uniform,27.738829787234042,90.86702127659574,100.0,27.738829787234042,90.86702127659574,1.1119091711855495
7,3,src_weighted,src,weighted,0.9457446808510638,5.908510638297872,14.893617021276595,6.350000000000001,39.67142857142857,1.1119091711855495
7,3,ren_uniform,ren,uniform,8.483510638297872,64.98244680851063,100.0,8.483510638297872,64.98244680851063,1.1119091711855495
7,3,ren_weighted,ren,weighted,8.734574468085105,65.46063829787234,91.48936170212765,9.547093023255814,71.55,1.1119091711855495
7,4,src_uniform,src,uniform,27.440070921985814,90.98865248226952,100.0,27.440070921985814,90.98865248226952,1.110807309517362
7,4,src_weighted,src,weighted,2.8659574468085105,6.964893617021277,10.638297872340425,26.939999999999998,65.47,1.110807309517362
7,4,ren_uniform,ren,uniform,8.531737588652485,69.76719858156028,100.0,8.531737588652485,69.76719858156028,1.110807309517362
7,4,ren_weighted,ren,weighted,6.635106382978723,64.15372340425533,97.87234042553192,6.779347826086955,65.54836956521739,1.110807309517362
7,5,src_uniform,src,uniform,27.213297872340426,92.10469858156027,100.0,27.213297872340426,92.10469858156027,1.162146583478871
7,5,src_weighted,src,weighted,1.673404255319149,7.2468085106382985,12.76595744680851,13.108333333333336,56.766666666666666,1.162146583478871
7,5,ren_uniform,ren,uniform,9.338829787234044,70.8360815602837,100.0,9.338829787234044,70.8360815602837,1.162146583478871
7,5,ren_weighted,ren,weighted,8.192021276595744,69.1824468085106,95.74468085106383,8.556111111111111,72.25722222222221,1.162146583478871
7,6,src_uniform,src,uniform,27.96099290780142,92.79521276595743,100.0,27.96099290780142,92.79521276595743,1.2273334260946391
7,6,src_weighted,src,weighted,0.723404255319149,8.663829787234043,12.76595744680851,5.666666666666666,67.86666666666666,1.2273334260946391
7,6,ren_uniform,ren,uniform,9.641843971631207,67.43758865248226,100.0,9.641843971631207,67.43758865248226,1.2273334260946391
7,6,ren_weighted,ren,weighted,10.335992907801419,69.4439716312057,100.0,10.335992907801419,69.4439716312057,1.2273334260946391
7,7,src_uniform,src,uniform,31.39255319148936,93.92101063829787,100.0,31.39255319148936,93.92101063829787,1.290319917856416
7,7,src_weighted,src,weighted,2.276063829787234,11.312234042553191,17.02127659574468,13.371875,66.459375,1.290319917856416
7,7,ren_uniform,ren,uniform,12.231117021276592,72.09627659574467,100.0,12.231117021276592,72.09627659574467,1.290319917856416
7,7,ren_weighted,ren,weighted,10.546276595744681,68.05664893617022,100.0,10.546276595744681,68.05664893617022,1.290319917856416
7,8,src_uniform,src,uniform,26.749734042553186,92.64042553191489,100.0,26.749734042553186,92.64042553191489,1.137949853870711
7,8,src_weighted,src,weighted,1.8425531914893618,14.072872340425532,21.27659574468085,8.66,66.1425,1.137949853870711
7,8,ren_uniform,ren,uniform,8.896276595744677,73.27526595744682,100.0,8.896276595744677,73.27526595744682,1.137949853870711
7,8,ren_weighted,ren,weighted,8.704787234042552,72.80505319148935,100.0,8.704787234042552,72.80505319148935,1.137949853870711
7,9,src_uniform,src,uniform,28.26329787234042,94.10585106382979,100.0,28.26329787234042,94.10585106382979,1.1900569731234913
7,9,src_weighted,src,weighted,0.8787234042553191,6.974468085106383,8.51063829787234,10.325000000000001,81.95,1.1900569731234913
7,9,ren_uniform,ren,uniform,9.278723404255322,71.42074468085109,100.0,9.278723404255322,71.42074468085109,1.1900569731234913
7,9,ren_weighted,ren,weighted,9.455319148936173,71.6590425531915,100.0,9.455319148936173,71.6590425531915,1.1900569731234913
8,0,src_uniform,src,uniform,26.925177304964542,93.13723404255319,100.0,26.925177304964542,93.13723404255319,1.184380239688587
8,0,src_weighted,src,weighted,2.19468085106383,9.551063829787234,17.02127659574468,12.89375,56.1125,1.184380239688587
8,0,ren_uniform,ren,uniform,9.705673758865247,75.51117021276596,100.0,9.705673758865247,75.51117021276596,1.184380239688587
8,0,ren_weighted,ren,weighted,9.794858156028367,75.9441489361702,100.0,9.794858156028367,75.9441489361702,1.184380239688587
8,1,src_uniform,src,uniform,25.008776595744685,92.99521276595742,100.0,25.008776595744685,92.99521276595742,1.1669521750815295
8,1,src_weighted,src,weighted,1.5106382978723405,12.18909574468085,23.404255319148938,6.454545454545454,52.080681818181816,1.1669521750815295
8,1,ren_uniform,ren,uniform,8.19601063829787,70.22765957446808,100.0,8.19601063829787,70.22765957446808,1.1669521750815295
8,1,ren_weighted,ren,weighted,7.6353723404255325,68.92021276595744,100.0,7.6353723404255325,68.92021276595744,1.1669521750815295
8,2,src_uniform,src,uniform,27.207446808510642,91.88138297872341,100.0,27.207446808510642,91.88138297872341,1.2431512608027384
8,2,src_weighted,src,weighted,2.394414893617021,15.128191489361702,23.404255319148938,10.230681818181818,64.63863636363635,1.2431512608027384
8,2,ren_uniform,ren,uniform,7.711170212765957,65.56702127659575,100.0,7.711170212765957,65.56702127659575,1.2431512608027384
8,2,ren_weighted,ren,weighted,6.793351063829787,61.658510638297884,100.0,6.793351063829787,61.658510638297884,1.2431512608027384
8,3,src_uniform,src,uniform,26.89255319148936,91.16117021276597,100.0,26.89255319148936,91.16117021276597,1.0945423744238751
8,3,src_weighted,src,weighted,0.7425531914893617,6.577659574468085,14.893617021276595,4.985714285714287,44.16428571428571,1.0945423744238751
8,3,ren_uniform,ren,uniform,8.149468085106385,66.9404255319149,100.0,8.149468085106385,66.9404255319149,1.0945423744238751
8,3,ren_weighted,ren,weighted,8.113829787234042,67.24787234042553,95.74468085106383,8.474444444444444,70.23666666666668,1.0945423744238751
8,4,src_uniform,src,uniform,26.317375886524818,90.6892730496454,100.0,26.317375886524818,90.6892730496454,1.0661979596702684
8,4,src_weighted,src,weighted,1.7510638297872343,6.490957446808511,17.02127659574468,10.287500000000001,38.134375,1.0661979596702684
8,4,ren_uniform,ren,uniform,9.054875886524826,70.15567375886526,100.0,9.054875886524826,70.15567375886526,1.0661979596702684
8,4,ren_weighted,ren,weighted,7.418528368794326,66.40017730496454,100.0,7.418528368794326,66.40017730496454,1.0661979596702684
8,5,src_uniform,src,uniform,26.28989361702128,92.20221631205673,100.0,26.28989361702128,92.20221631205673,1.1517470155852547
8,5,src_weighted,src,weighted,1.084308510638298,6.512234042553191,14.893617021276595,7.2803571428571425,43.724999999999994,1.1517470155852547
8,5,ren_uniform,ren,uniform,9.14813829787234,70.37269503546099,100.0,9.14813829787234,70.37269503546099,1.1517470155852547
8,5,ren_weighted,ren,weighted,8.002925531914894,67.46728723404254,93.61702127659575,8.548579545454544,72.06732954545456,1.1517470155852547
8,6,src_uniform,src,uniform,27.865425531914887,93.7656028368794,100.0,27.865425531914887,93.7656028368794,1.2306310068272013
8,6,src_weighted,src,weighted,0.7219858156028368,9.664893617021278,17.02127659574468,4.241666666666667,56.78125000000001,1.2306310068272013
8,6,ren_uniform,ren,uniform,8.959397163120567,69.03794326241135,100.0,8.959397163120567,69.03794326241135,1.2306310068272013
8,6,ren_weighted,ren,weighted,9.617021276595747,71.13936170212767,100.0,9.617021276595747,71.13936170212767,1.2306310068272013
8,7,src_uniform,src,uniform,30.38031914893617,94.10611702127659,100.0,30.38031914893617,94.10611702127659,1.2897796887314572
8,7,src_weighted,src,weighted,2.414893617021277,13.661702127659572,21.27659574468085,11.35,64.21,1.2897796887314572
8,7,ren_uniform,ren,uniform,12.892287234042554,74.5906914893617,100.0,12.892287234042554,74.5906914893617,1.2897796887314572
8,7,ren_weighted,ren,weighted,11.70345744680851,72.23005319148938,100.0,11.70345744680851,72.23005319148938,1.2897796887314572
8,8,src_uniform,src,uniform,25.690691489361704,92.5909574468085,100.0,25.690691489361704,92.5909574468085,1.0863279317983807
8,8,src_weighted,src,weighted,2.2361702127659573,15.39255319148936,23.404255319148938,9.554545454545455,65.76818181818183,1.0863279317983807
8,8,ren_uniform,ren,uniform,9.330319148936168,73.90132978723405,100.0,9.330319148936168,73.90132978723405,1.0863279317983807
8,8,ren_weighted,ren,weighted,9.113031914893616,73.24255319148938,100.0,9.113031914893616,73.24255319148938,1.0863279317983807
8,9,src_uniform,src,uniform,26.921808510638296,93.98351063829787,100.0,26.921808510638296,93.98351063829787,1.1765332698555533
8,9,src_weighted,src,weighted,1.7393617021276595,11.026595744680852,14.893617021276595,11.678571428571427,74.03571428571428,1.1765332698555533
8,9,ren_uniform,ren,uniform,9.628191489361706,71.95053191489362,100.0,9.628191489361706,71.95053191489362,1.1765332698555533
8,9,ren_weighted,ren,weighted,9.516489361702126,71.48882978723404,100.0,9.516489361702126,71.48882978723404,1.1765332698555533
9,0,src_uniform,src,uniform,29.94787234042553,91.59946808510637,100.0,29.94787234042553,91.59946808510637,1.217953158632154
9,0,src_weighted,src,weighted,1.551063829787234,6.588297872340426,12.76595744680851,12.15,51.608333333333334,1.217953158632154
9,0,ren_uniform,ren,uniform,9.676418439716313,74.5613475177305,100.0,9.676418439716313,74.5613475177305,1.217953158632154
9,0,ren_weighted,ren,weighted,8.950177304964537,72.2787234042553,97.87234042553192,9.144746376811593,73.85,1.217953158632154
9,1,src_uniform,src,uniform,27.522074468085105,92.37340425531913,100.0,27.522074468085105,92.37340425531913,1.149667498491576
9,1,src_weighted,src,weighted,0.7000000000000001,6.451063829787235,10.638297872340425,6.58,60.64000000000001,1.149667498491576
9,1,ren_uniform,ren,uniform,8.791755319148935,70.93058510638298,100.0,8.791755319148935,70.93058510638298,1.149667498491576
9,1,ren_weighted,ren,weighted,8.252393617021276,69.71755319148937,100.0,8.252393617021276,69.71755319148937,1.149667498491576
9,2,src_uniform,src,uniform,29.61329787234042,90.82313829787235,100.0,29.61329787234042,90.82313829787235,1.2056110204292056
9,2,src_weighted,src,weighted,1.252659574468085,7.884574468085106,14.893617021276595,8.410714285714285,52.93928571428571,1.2056110204292056
9,2,ren_uniform,ren,uniform,8.453989361702128,65.20239361702129,100.0,8.453989361702128,65.20239361702129,1.2056110204292056
9,2,ren_weighted,ren,weighted,7.699202127659575,62.434840425531924,100.0,7.699202127659575,62.434840425531924,1.2056110204292056
9,3,src_uniform,src,uniform,29.667553191489365,89.3,100.0,29.667553191489365,89.3,1.1059741921641328
9,3,src_weighted,src,weighted,1.6063829787234043,5.507446808510638,12.76595744680851,12.583333333333336,43.14166666666666,1.1059741921641328
9,3,ren_uniform,ren,uniform,9.43936170212766,68.41170212765958,100.0,9.43936170212766,68.41170212765958,1.1059741921641328
9,3,ren_weighted,ren,weighted,8.377127659574468,65.67393617021277,93.61702127659575,8.948295454545455,70.15170454545454,1.1059741921641328
9,4,src_uniform,src,uniform,29.49104609929078,89.9677304964539,100.0,29.49104609929078,89.9677304964539,1.080881277680479
9,4,src_weighted,src,weighted,1.819148936170213,5.096808510638298,10.638297872340425,17.1,47.91,1.080881277680479
9,4,ren_uniform,ren,uniform,9.066312056737589,70.10000000000001,100.0,9.066312056737589,70.10000000000001,1.080881277680479
9,4,ren_weighted,ren,weighted,8.492375886524822,68.70124113475177,100.0,8.492375886524822,68.70124113475177,1.080881277680479
9,5,src_uniform,src,uniform,30.307092198581557,91.02659574468086,100.0,30.307092198581557,91.02659574468086,1.1448632625088428
9,5,src_weighted,src,weighted,1.4393617021276592,3.579787234042554,8.51063829787234,16.9125,42.0625,1.1448632625088428
9,5,ren_uniform,ren,uniform,10.114361702127658,72.33289007092199,100.0,10.114361702127658,72.33289007092199,1.1448632625088428
9,5,ren_weighted,ren,weighted,8.713120567375885,70.02499999999998,95.74468085106383,9.10037037037037,73.13722222222219,1.1448632625088428
9,6,src_uniform,src,uniform,30.683865248226944,92.26790780141842,100.0,30.683865248226944,92.26790780141842,1.2357132419379537
9,6,src_weighted,src,weighted,0.4180851063829787,3.8468085106382977,10.638297872340425,3.93,36.16,1.2357132419379537
9,6,ren_uniform,ren,uniform,9.99095744680851,69.97748226950355,100.0,9.99095744680851,69.97748226950355,1.2357132419379537
9,6,ren_weighted,ren,weighted,10.519326241134753,71.39432624113476,100.0,10.519326241134753,71.39432624113476,1.2357132419379537
9,7,src_uniform,src,uniform,33.522872340425536,94.14787234042554,100.0,33.522872340425536,94.14787234042554,1.293991428239743
9,7,src_weighted,src,weighted,1.7755319148936168,10.66808510638298,17.02127659574468,10.43125,62.67499999999999,1.293991428239743
9,7,ren_uniform,ren,uniform,12.540957446808513,72.56888297872341,100.0,12.540957446808513,72.56888297872341,1.293991428239743
9,7,ren_weighted,ren,weighted,10.907446808510638,68.9872340425532,100.0,10.907446808510638,68.9872340425532,1.293991428239743
9,8,src_uniform,src,uniform,30.854787234042558,92.42420212765958,100.0,30.854787234042558,92.42420212765958,1.116728566794884
9,8,src_weighted,src,weighted,1.3638297872340426,9.220212765957445,12.76595744680851,10.683333333333334,72.225,1.116728566794884
9,8,ren_uniform,ren,uniform,9.598670212765956,73.8220744680851,100.0,9.598670212765956,73.8220744680851,1.116728566794884
9,8,ren_weighted,ren,weighted,9.642021276595745,74.21143617021278,100.0,9.642021276595745,74.21143617021278,1.116728566794884
9,9,src_uniform,src,uniform,32.21648936170212,94.49521276595745,100.0,32.21648936170212,94.49521276595745,1.18655812586342
9,9,src_weighted,src,weighted,0.39893617021276595,3.5000000000000004,4.25531914893617,9.375,82.25,1.18655812586342
9,9,ren_uniform,ren,uniform,10.50904255319149,72.78191489361701,100.0,10.50904255319149,72.78191489361701,1.18655812586342
9,9,ren_weighted,ren,weighted,10.270212765957446,71.96542553191489,100.0,10.270212765957446,71.96542553191489,1.18655812586342
