groups,seed,method,missing_groups,missing_fraction,miou,seed_clean_miou,seed_abs_auc,seed_retention_auc,common_frac_max
5,0,b1,0,0.000000,71.855802,71.855802,27.967697,38.921975,0.500000
5,0,b1,1,0.200000,23.770976,71.855802,27.967697,38.921975,0.500000
5,0,b1,2,0.400000,10.691123,71.855802,27.967697,38.921975,0.500000
5,0,b1,3,0.600000,6.925062,71.855802,27.967697,38.921975,0.500000
5,0,b1,4,0.800000,2.491072,71.855802,27.967697,38.921975,0.500000
5,1,b1,0,0.000000,74.760213,74.760213,28.624812,38.288831,0.500000
5,1,b1,1,0.200000,23.778368,74.760213,28.624812,38.288831,0.500000
5,1,b1,2,0.400000,11.016454,74.760213,28.624812,38.288831,0.500000
5,1,b1,3,0.600000,6.113271,74.760213,28.624812,38.288831,0.500000
5,1,b1,4,0.800000,2.463163,74.760213,28.624812,38.288831,0.500000
5,2,b1,0,0.000000,73.672220,73.672220,27.432786,37.236269,0.500000
5,2,b1,1,0.200000,22.024507,73.672220,27.432786,37.236269,0.500000
5,2,b1,2,0.400000,10.344526,73.672220,27.432786,37.236269,0.500000
5,2,b1,3,0.600000,5.359099,73.672220,27.432786,37.236269,0.500000
5,2,b1,4,0.800000,2.273162,73.672220,27.432786,37.236269,0.500000
5,3,b1,0,0.000000,75.441334,75.441334,28.261379,37.461399,0.500000
5,3,b1,1,0.200000,22.984316,75.441334,28.261379,37.461399,0.500000
5,3,b1,2,0.400000,10.558264,75.441334,28.261379,37.461399,0.500000
5,3,b1,3,0.600000,5.679874,75.441334,28.261379,37.461399,0.500000
5,3,b1,4,0.800000,2.012108,75.441334,28.261379,37.461399,0.500000
5,4,b1,0,0.000000,71.714100,71.714100,27.676987,38.593508,0.500000
5,4,b1,1,0.200000,22.629329,71.714100,27.676987,38.593508,0.500000
5,4,b1,2,0.400000,11.265779,71.714100,27.676987,38.593508,0.500000
5,4,b1,3,0.600000,6.788247,71.714100,27.676987,38.593508,0.500000
5,4,b1,4,0.800000,2.546699,71.714100,27.676987,38.593508,0.500000
5,0,b2,0,0.000000,65.142380,65.142380,60.205377,92.421212,0.500000
5,0,b2,1,0.200000,61.849941,65.142380,60.205377,92.421212,0.500000
5,0,b2,2,0.400000,57.202247,65.142380,60.205377,92.421212,0.500000
5,0,b2,3,0.600000,48.322763,65.142380,60.205377,92.421212,0.500000
5,0,b2,4,0.800000,29.225098,65.142380,60.205377,92.421212,0.500000
5,1,b2,0,0.000000,67.240060,67.240060,61.524479,91.499738,0.500000
5,1,b2,1,0.200000,63.271922,67.240060,61.524479,91.499738,0.500000
5,1,b2,2,0.400000,58.089720,67.240060,61.524479,91.499738,0.500000
5,1,b2,3,0.600000,48.725919,67.240060,61.524479,91.499738,0.500000
5,1,b2,4,0.800000,25.926728,67.240060,61.524479,91.499738,0.500000
5,2,b2,0,0.000000,64.892745,64.892745,58.913821,90.786452,0.500000
5,2,b2,1,0.200000,60.607197,64.892745,58.913821,90.786452,0.500000
5,2,b2,2,0.400000,55.409430,64.892745,58.913821,90.786452,0.500000
5,2,b2,3,0.600000,45.981844,64.892745,58.913821,90.786452,0.500000
5,2,b2,4,0.800000,26.646240,64.892745,58.913821,90.786452,0.500000
5,3,b2,0,0.000000,67.700488,67.700488,59.983513,88.601301,0.500000
5,3,b2,1,0.200000,62.240713,67.700488,59.983513,88.601301,0.500000
5,3,b2,2,0.400000,55.008908,67.700488,59.983513,88.601301,0.500000
5,3,b2,3,0.600000,45.880254,67.700488,59.983513,88.601301,0.500000
5,3,b2,4,0.800000,25.070385,67.700488,59.983513,88.601301,0.500000
5,4,b2,0,0.000000,66.889222,66.889222,60.414620,90.320411,0.500000
5,4,b2,1,0.200000,62.239000,66.889222,60.414620,90.320411,0.500000
5,4,b2,2,0.400000,56.499230,66.889222,60.414620,90.320411,0.500000
5,4,b2,3,0.600000,47.328904,66.889222,60.414620,90.320411,0.500000
5,4,b2,4,0.800000,26.845389,66.889222,60.414620,90.320411,0.500000
5,0,b3,0,0.000000,71.855802,71.855802,18.016613,25.073289,0.500000
5,0,b3,1,0.200000,7.162016,71.855802,18.016613,25.073289,0.500000
5,0,b3,2,0.400000,2.034629,71.855802,18.016613,25.073289,0.500000
5,0,b3,3,0.600000,1.370519,71.855802,18.016613,25.073289,0.500000
5,0,b3,4,0.800000,0.771956,71.855802,18.016613,25.073289,0.500000
5,1,b3,0,0.000000,74.760213,74.760213,18.637680,24.929945,0.500000
5,1,b3,1,0.200000,7.423952,74.760213,18.637680,24.929945,0.500000
5,1,b3,2,0.400000,1.841106,74.760213,18.637680,24.929945,0.500000
5,1,b3,3,0.600000,1.433388,74.760213,18.637680,24.929945,0.500000
5,1,b3,4,0.800000,1.063698,74.760213,18.637680,24.929945,0.500000
5,2,b3,0,0.000000,73.672220,73.672220,18.030716,24.474241,0.500000
5,2,b3,1,0.200000,5.755660,73.672220,18.030716,24.474241,0.500000
5,2,b3,2,0.400000,2.648910,73.672220,18.030716,24.474241,0.500000
5,2,b3,3,0.600000,1.337794,73.672220,18.030716,24.474241,0.500000
5,2,b3,4,0.800000,1.102065,73.672220,18.030716,24.474241,0.500000
5,3,b3,0,0.000000,75.441334,75.441334,17.887114,23.709965,0.500000
5,3,b3,1,0.200000,4.921511,75.441334,17.887114,23.709965,0.500000
5,3,b3,2,0.400000,2.229333,75.441334,17.887114,23.709965,0.500000
5,3,b3,3,0.600000,0.999517,75.441334,17.887114,23.709965,0.500000
5,3,b3,4,0.800000,1.065330,75.441334,17.887114,23.709965,0.500000
5,4,b3,0,0.000000,71.714100,71.714100,17.289319,24.108675,0.500000
5,4,b3,1,0.200000,4.334005,71.714100,17.289319,24.108675,0.500000
5,4,b3,2,0.400000,3.260547,71.714100,17.289319,24.108675,0.500000
5,4,b3,3,0.600000,1.434112,71.714100,17.289319,24.108675,0.500000
5,4,b3,4,0.800000,0.496593,71.714100,17.289319,24.108675,0.500000
5,0,b4,0,0.000000,67.819174,67.819174,62.305258,91.869681,0.500000
5,0,b4,1,0.200000,64.149223,67.819174,62.305258,91.869681,0.500000
5,0,b4,2,0.400000,58.684155,67.819174,62.305258,91.869681,0.500000
5,0,b4,3,0.600000,50.845598,67.819174,62.305258,91.869681,0.500000
5,0,b4,4,0.800000,37.764779,67.819174,62.305258,91.869681,0.500000
5,1,b4,0,0.000000,68.843682,68.843682,63.257136,91.885173,0.500000
5,1,b4,1,0.200000,64.823134,68.843682,63.257136,91.885173,0.500000
5,1,b4,2,0.400000,59.936290,68.843682,63.257136,91.885173,0.500000
5,1,b4,3,0.600000,51.628891,68.843682,63.257136,91.885173,0.500000
5,1,b4,4,0.800000,37.516863,68.843682,63.257136,91.885173,0.500000
5,2,b4,0,0.000000,66.548002,66.548002,60.733194,91.262236,0.500000
5,2,b4,1,0.200000,62.665322,66.548002,60.733194,91.262236,0.500000
5,2,b4,2,0.400000,56.885548,66.548002,60.733194,91.262236,0.500000
5,2,b4,3,0.600000,48.950464,66.548002,60.733194,91.262236,0.500000
5,2,b4,4,0.800000,34.114078,66.548002,60.733194,91.262236,0.500000
5,3,b4,0,0.000000,67.065456,67.065456,61.142717,91.168720,0.500000
5,3,b4,1,0.200000,62.993944,67.065456,61.142717,91.168720,0.500000
5,3,b4,2,0.400000,57.344304,67.065456,61.142717,91.168720,0.500000
5,3,b4,3,0.600000,49.230846,67.065456,61.142717,91.168720,0.500000
5,3,b4,4,0.800000,36.032299,67.065456,61.142717,91.168720,0.500000
5,4,b4,0,0.000000,65.575789,65.575789,59.800905,91.193572,0.500000
5,4,b4,1,0.200000,61.659780,65.575789,59.800905,91.193572,0.500000
5,4,b4,2,0.400000,56.144626,65.575789,59.800905,91.193572,0.500000
5,4,b4,3,0.600000,47.424319,65.575789,59.800905,91.193572,0.500000
5,4,b4,4,0.800000,34.656918,65.575789,59.800905,91.193572,0.500000
5,0,b6,0,0.000000,67.231087,67.231087,40.488588,60.223016,0.500000
5,0,b6,1,0.200000,43.939135,67.231087,40.488588,60.223016,0.500000
5,0,b6,2,0.400000,25.208081,67.231087,40.488588,60.223016,0.500000
5,0,b6,3,0.600000,12.877771,67.231087,40.488588,60.223016,0.500000
5,0,b6,4,0.800000,5.389028,67.231087,40.488588,60.223016,0.500000
5,1,b6,0,0.000000,70.154271,70.154271,42.817711,61.033649,0.500000
5,1,b6,1,0.200000,45.804746,70.154271,42.817711,61.033649,0.500000
5,1,b6,2,0.400000,27.646835,70.154271,42.817711,61.033649,0.500000
5,1,b6,3,0.600000,15.771330,70.154271,42.817711,61.033649,0.500000
5,1,b6,4,0.800000,8.712733,70.154271,42.817711,61.033649,0.500000
5,2,b6,0,0.000000,74.392344,74.392344,43.018132,57.826020,0.500000
5,2,b6,1,0.200000,45.450106,74.392344,43.018132,57.826020,0.500000
5,2,b6,2,0.400000,26.436776,74.392344,43.018132,57.826020,0.500000
5,2,b6,3,0.600000,14.134981,74.392344,43.018132,57.826020,0.500000
5,2,b6,4,0.800000,5.995954,74.392344,43.018132,57.826020,0.500000
5,3,b6,0,0.000000,69.480282,69.480282,38.776121,55.808813,0.500000
5,3,b6,1,0.200000,41.441538,69.480282,38.776121,55.808813,0.500000
5,3,b6,2,0.400000,22.082587,69.480282,38.776121,55.808813,0.500000
5,3,b6,3,0.600000,11.490872,69.480282,38.776121,55.808813,0.500000
5,3,b6,4,0.800000,5.963495,69.480282,38.776121,55.808813,0.500000
5,4,b6,0,0.000000,67.820766,67.820766,39.819646,58.713058,0.500000
5,4,b6,1,0.200000,42.756085,67.820766,39.819646,58.713058,0.500000
5,4,b6,2,0.400000,24.283491,67.820766,39.819646,58.713058,0.500000
5,4,b6,3,0.600000,13.076731,67.820766,39.819646,58.713058,0.500000
5,4,b6,4,0.800000,7.454219,67.820766,39.819646,58.713058,0.500000
5,0,proposed,0,0.000000,69.895479,69.895479,63.846738,91.346020,0.500000
5,0,proposed,1,0.200000,66.348171,69.895479,63.846738,91.346020,0.500000
5,0,proposed,2,0.400000,59.488515,69.895479,63.846738,91.346020,0.500000
5,0,proposed,3,0.600000,50.147870,69.895479,63.846738,91.346020,0.500000
5,0,proposed,4,0.800000,20.104192,69.895479,63.846738,91.346020,0.500000
5,1,proposed,0,0.000000,70.764531,70.764531,63.499879,89.734048,0.500000
5,1,proposed,1,0.200000,66.069302,70.764531,63.499879,89.734048,0.500000
5,1,proposed,2,0.400000,58.565763,70.764531,63.499879,89.734048,0.500000
5,1,proposed,3,0.600000,48.424691,70.764531,63.499879,89.734048,0.500000
5,1,proposed,4,0.800000,22.042160,70.764531,63.499879,89.734048,0.500000
5,2,proposed,0,0.000000,74.736408,74.736408,66.684225,89.225891,0.500000
5,2,proposed,1,0.200000,69.040824,74.736408,66.684225,89.225891,0.500000
5,2,proposed,2,0.400000,61.698941,74.736408,66.684225,89.225891,0.500000
5,2,proposed,3,0.600000,50.519692,74.736408,66.684225,89.225891,0.500000
5,2,proposed,4,0.800000,20.479379,74.736408,66.684225,89.225891,0.500000
5,3,proposed,0,0.000000,73.802587,73.802587,66.379618,89.942129,0.500000
5,3,proposed,1,0.200000,68.805114,73.802587,66.379618,89.942129,0.500000
5,3,proposed,2,0.400000,61.707533,73.802587,66.379618,89.942129,0.500000
5,3,proposed,3,0.600000,49.988365,73.802587,66.379618,89.942129,0.500000
5,3,proposed,4,0.800000,19.031157,73.802587,66.379618,89.942129,0.500000
5,4,proposed,0,0.000000,69.255326,69.255326,63.144566,91.176476,0.500000
5,4,proposed,1,0.200000,65.240065,69.255326,63.144566,91.176476,0.500000
5,4,proposed,2,0.400000,59.040696,69.255326,63.144566,91.176476,0.500000
5,4,proposed,3,0.600000,50.664618,69.255326,63.144566,91.176476,0.500000
5,4,proposed,4,0.800000,21.563899,69.255326,63.144566,91.176476,0.500000
10,0,b1,0,0.000000,71.855802,71.855802,28.168530,39.201468,0.500000
10,0,b1,1,0.100000,40.048176,71.855802,28.168530,39.201468,0.500000
10,0,b1,2,0.200000,26.700882,71.855802,28.168530,39.201468,0.500000
10,0,b1,3,0.300000,18.834402,71.855802,28.168530,39.201468,0.500000
10,0,b1,4,0.400000,14.032224,71.855802,28.168530,39.201468,0.500000
10,0,b1,5,0.500000,10.598125,71.855802,28.168530,39.201468,0.500000
10,0,b1,6,0.600000,7.872007,71.855802,28.168530,39.201468,0.500000
10,1,b1,0,0.000000,74.760213,74.760213,28.594428,38.248189,0.500000
10,1,b1,1,0.100000,40.683034,74.760213,28.594428,38.248189,0.500000
10,1,b1,2,0.200000,26.902171,74.760213,28.594428,38.248189,0.500000
10,1,b1,3,0.300000,18.972578,74.760213,28.594428,38.248189,0.500000
10,1,b1,4,0.400000,13.869682,74.760213,28.594428,38.248189,0.500000
10,1,b1,5,0.500000,10.329133,74.760213,28.594428,38.248189,0.500000
10,1,b1,6,0.600000,7.584805,74.760213,28.594428,38.248189,0.500000
10,2,b1,0,0.000000,73.672220,73.672220,27.841289,37.790756,0.500000
10,2,b1,1,0.100000,39.650181,73.672220,27.841289,37.790756,0.500000
10,2,b1,2,0.200000,25.610916,73.672220,27.841289,37.790756,0.500000
10,2,b1,3,0.300000,18.372984,73.672220,27.841289,37.790756,0.500000
10,2,b1,4,0.400000,13.595316,73.672220,27.841289,37.790756,0.500000
10,2,b1,5,0.500000,10.281878,73.672220,27.841289,37.790756,0.500000
10,2,b1,6,0.600000,7.666238,73.672220,27.841289,37.790756,0.500000
10,3,b1,0,0.000000,75.441334,75.441334,27.359725,36.266226,0.500000
10,3,b1,1,0.100000,38.508983,75.441334,27.359725,36.266226,0.500000
10,3,b1,2,0.200000,24.970067,75.441334,27.359725,36.266226,0.500000
10,3,b1,3,0.300000,17.584839,75.441334,27.359725,36.266226,0.500000
10,3,b1,4,0.400000,13.064880,75.441334,27.359725,36.266226,0.500000
10,3,b1,5,0.500000,9.898379,75.441334,27.359725,36.266226,0.500000
10,3,b1,6,0.600000,7.495385,75.441334,27.359725,36.266226,0.500000
10,4,b1,0,0.000000,71.714100,71.714100,25.833186,36.022464,0.500000
10,4,b1,1,0.100000,34.644828,71.714100,25.833186,36.022464,0.500000
10,4,b1,2,0.200000,23.412811,71.714100,25.833186,36.022464,0.500000
10,4,b1,3,0.300000,17.120317,71.714100,25.833186,36.022464,0.500000
10,4,b1,4,0.400000,13.137451,71.714100,25.833186,36.022464,0.500000
10,4,b1,5,0.500000,9.986941,71.714100,25.833186,36.022464,0.500000
10,4,b1,6,0.600000,7.503741,71.714100,25.833186,36.022464,0.500000
10,0,b2,0,0.000000,66.600240,66.600240,59.090595,88.724299,0.500000
10,0,b2,1,0.100000,65.054733,66.600240,59.090595,88.724299,0.500000
10,0,b2,2,0.200000,62.695003,66.600240,59.090595,88.724299,0.500000
10,0,b2,3,0.300000,59.033158,66.600240,59.090595,88.724299,0.500000
10,0,b2,4,0.400000,53.122653,66.600240,59.090595,88.724299,0.500000
10,0,b2,5,0.500000,44.494621,66.600240,59.090595,88.724299,0.500000
10,0,b2,6,0.600000,33.948498,66.600240,59.090595,88.724299,0.500000
10,1,b2,0,0.000000,67.162501,67.162501,57.502918,85.617595,0.500000
10,1,b2,1,0.100000,64.917978,67.162501,57.502918,85.617595,0.500000
10,1,b2,2,0.200000,62.054565,67.162501,57.502918,85.617595,0.500000
10,1,b2,3,0.300000,57.065055,67.162501,57.502918,85.617595,0.500000
10,1,b2,4,0.400000,49.624131,67.162501,57.502918,85.617595,0.500000
10,1,b2,5,0.500000,40.543226,67.162501,57.502918,85.617595,0.500000
10,1,b2,6,0.600000,30.986396,67.162501,57.502918,85.617595,0.500000
10,2,b2,0,0.000000,69.953880,69.953880,60.547527,86.553493,0.500000
10,2,b2,1,0.100000,67.457506,69.953880,60.547527,86.553493,0.500000
10,2,b2,2,0.200000,64.481688,69.953880,60.547527,86.553493,0.500000
10,2,b2,3,0.300000,60.063264,69.953880,60.547527,86.553493,0.500000
10,2,b2,4,0.400000,53.459115,69.953880,60.547527,86.553493,0.500000
10,2,b2,5,0.500000,44.598240,69.953880,60.547527,86.553493,0.500000
10,2,b2,6,0.600000,34.483379,69.953880,60.547527,86.553493,0.500000
10,3,b2,0,0.000000,68.354567,68.354567,59.042896,86.377397,0.500000
10,3,b2,1,0.100000,66.296584,68.354567,59.042896,86.377397,0.500000
10,3,b2,2,0.200000,63.589840,68.354567,59.042896,86.377397,0.500000
10,3,b2,3,0.300000,58.603324,68.354567,59.042896,86.377397,0.500000
10,3,b2,4,0.400000,51.417955,68.354567,59.042896,86.377397,0.500000
10,3,b2,5,0.500000,42.258990,68.354567,59.042896,86.377397,0.500000
10,3,b2,6,0.600000,32.198073,68.354567,59.042896,86.377397,0.500000
10,4,b2,0,0.000000,63.169053,63.169053,55.813317,88.355476,0.500000
10,4,b2,1,0.100000,61.744301,63.169053,55.813317,88.355476,0.500000
10,4,b2,2,0.200000,59.486971,63.169053,55.813317,88.355476,0.500000
10,4,b2,3,0.300000,55.653479,63.169053,55.813317,88.355476,0.500000
10,4,b2,4,0.400000,49.813735,63.169053,55.813317,88.355476,0.500000
10,4,b2,5,0.500000,41.567147,63.169053,55.813317,88.355476,0.500000
10,4,b2,6,0.600000,31.752485,63.169053,55.813317,88.355476,0.500000
10,0,b3,0,0.000000,71.855802,71.855802,14.944502,20.797906,0.500000
10,0,b3,1,0.100000,22.010487,71.855802,14.944502,20.797906,0.500000
10,0,b3,2,0.200000,8.743748,71.855802,14.944502,20.797906,0.500000
10,0,b3,3,0.300000,4.404278,71.855802,14.944502,20.797906,0.500000
10,0,b3,4,0.400000,2.654252,71.855802,14.944502,20.797906,0.500000
10,0,b3,5,0.500000,1.963691,71.855802,14.944502,20.797906,0.500000
10,0,b3,6,0.600000,1.645238,71.855802,14.944502,20.797906,0.500000
10,1,b3,0,0.000000,74.760213,74.760213,15.926394,21.303301,0.500000
10,1,b3,1,0.100000,22.574845,74.760213,15.926394,21.303301,0.500000
10,1,b3,2,0.200000,9.840337,74.760213,15.926394,21.303301,0.500000
10,1,b3,3,0.300000,5.405800,74.760213,15.926394,21.303301,0.500000
10,1,b3,4,0.400000,3.316241,74.760213,15.926394,21.303301,0.500000
10,1,b3,5,0.500000,2.229277,74.760213,15.926394,21.303301,0.500000
10,1,b3,6,0.600000,1.757490,74.760213,15.926394,21.303301,0.500000
10,2,b3,0,0.000000,73.672220,73.672220,15.218154,20.656571,0.500000
10,2,b3,1,0.100000,21.946811,73.672220,15.218154,20.656571,0.500000
10,2,b3,2,0.200000,8.413173,73.672220,15.218154,20.656571,0.500000
10,2,b3,3,0.300000,4.587187,73.672220,15.218154,20.656571,0.500000
10,2,b3,4,0.400000,3.133568,73.672220,15.218154,20.656571,0.500000
10,2,b3,5,0.500000,2.347844,73.672220,15.218154,20.656571,0.500000
10,2,b3,6,0.600000,1.924363,73.672220,15.218154,20.656571,0.500000
10,3,b3,0,0.000000,75.441334,75.441334,14.480459,19.194330,0.500000
10,3,b3,1,0.100000,20.285339,75.441334,14.480459,19.194330,0.500000
10,3,b3,2,0.200000,7.224682,75.441334,14.480459,19.194330,0.500000
10,3,b3,3,0.300000,3.720758,75.441334,14.480459,19.194330,0.500000
10,3,b3,4,0.400000,2.469613,75.441334,14.480459,19.194330,0.500000
10,3,b3,5,0.500000,1.962468,75.441334,14.480459,19.194330,0.500000
10,3,b3,6,0.600000,1.665698,75.441334,14.480459,19.194330,0.500000
10,4,b3,0,0.000000,71.714100,71.714100,13.919589,19.409836,0.500000
10,4,b3,1,0.100000,19.063122,71.714100,13.919589,19.409836,0.500000
10,4,b3,2,0.200000,6.661449,71.714100,13.919589,19.409836,0.500000
10,4,b3,3,0.300000,3.699166,71.714100,13.919589,19.409836,0.500000
10,4,b3,4,0.400000,2.937328,71.714100,13.919589,19.409836,0.500000
10,4,b3,5,0.500000,2.759665,71.714100,13.919589,19.409836,0.500000
10,4,b3,6,0.600000,2.249490,71.714100,13.919589,19.409836,0.500000
10,0,b4,0,0.000000,65.407983,65.407983,60.006732,91.742214,0.500000
10,0,b4,1,0.100000,63.532704,65.407983,60.006732,91.742214,0.500000
10,0,b4,2,0.200000,61.495038,65.407983,60.006732,91.742214,0.500000
10,0,b4,3,0.300000,59.213527,65.407983,60.006732,91.742214,0.500000
10,0,b4,4,0.400000,56.502868,65.407983,60.006732,91.742214,0.500000
10,0,b4,5,0.500000,53.171059,65.407983,60.006732,91.742214,0.500000
10,0,b4,6,0.600000,49.069157,65.407983,60.006732,91.742214,0.500000
10,1,b4,0,0.000000,66.758890,66.758890,62.455474,93.553794,0.500000
10,1,b4,1,0.100000,65.592450,66.758890,62.455474,93.553794,0.500000
10,1,b4,2,0.200000,64.047439,66.758890,62.455474,93.553794,0.500000
10,1,b4,3,0.300000,61.989281,66.758890,62.455474,93.553794,0.500000
10,1,b4,4,0.400000,59.334160,66.758890,62.455474,93.553794,0.500000
10,1,b4,5,0.500000,55.869195,66.758890,62.455474,93.553794,0.500000
10,1,b4,6,0.600000,51.204069,66.758890,62.455474,93.553794,0.500000
10,2,b4,0,0.000000,65.347508,65.347508,60.943194,93.260165,0.500000
10,2,b4,1,0.100000,64.501061,65.347508,60.943194,93.260165,0.500000
10,2,b4,2,0.200000,62.674390,65.347508,60.943194,93.260165,0.500000
10,2,b4,3,0.300000,60.429103,65.347508,60.943194,93.260165,0.500000
10,2,b4,4,0.400000,57.517620,65.347508,60.943194,93.260165,0.500000
10,2,b4,5,0.500000,53.840085,65.347508,60.943194,93.260165,0.500000
10,2,b4,6,0.600000,49.086725,65.347508,60.943194,93.260165,0.500000
10,3,b4,0,0.000000,66.433707,66.433707,61.178241,92.089157,0.500000
10,3,b4,1,0.100000,64.689878,66.433707,61.178241,92.089157,0.500000
10,3,b4,2,0.200000,62.884190,66.433707,61.178241,92.089157,0.500000
10,3,b4,3,0.300000,60.622250,66.433707,61.178241,92.089157,0.500000
10,3,b4,4,0.400000,57.635918,66.433707,61.178241,92.089157,0.500000
10,3,b4,5,0.500000,53.684225,66.433707,61.178241,92.089157,0.500000
10,3,b4,6,0.600000,48.666128,66.433707,61.178241,92.089157,0.500000
10,4,b4,0,0.000000,62.788563,62.788563,58.793594,93.637426,0.500000
10,4,b4,1,0.100000,61.927068,62.788563,58.793594,93.637426,0.500000
10,4,b4,2,0.200000,60.485383,62.788563,58.793594,93.637426,0.500000
10,4,b4,3,0.300000,58.425252,62.788563,58.793594,93.637426,0.500000
10,4,b4,4,0.400000,55.682957,62.788563,58.793594,93.637426,0.500000
10,4,b4,5,0.500000,52.106057,62.788563,58.793594,93.637426,0.500000
10,4,b4,6,0.600000,47.427369,62.788563,58.793594,93.637426,0.500000
10,0,b6,0,0.000000,67.408661,67.408661,47.881759,71.032058,0.500000
10,0,b6,1,0.100000,59.368102,67.408661,47.881759,71.032058,0.500000
10,0,b6,2,0.200000,51.416204,67.408661,47.881759,71.032058,0.500000
10,0,b6,3,0.300000,43.797789,67.408661,47.881759,71.032058,0.500000
10,0,b6,4,0.400000,36.451292,67.408661,47.881759,71.032058,0.500000
10,0,b6,5,0.500000,29.342155,67.408661,47.881759,71.032058,0.500000
10,0,b6,6,0.600000,22.544707,67.408661,47.881759,71.032058,0.500000
10,1,b6,0,0.000000,69.525397,69.525397,47.116043,67.768104,0.500000
10,1,b6,1,0.100000,60.349232,69.525397,47.116043,67.768104,0.500000
10,1,b6,2,0.200000,51.082487,69.525397,47.116043,67.768104,0.500000
10,1,b6,3,0.300000,42.239331,69.525397,47.116043,67.768104,0.500000
10,1,b6,4,0.400000,33.948835,69.525397,47.116043,67.768104,0.500000
10,1,b6,5,0.500000,26.395267,69.525397,47.116043,67.768104,0.500000
10,1,b6,6,0.600000,19.627988,69.525397,47.116043,67.768104,0.500000
10,2,b6,0,0.000000,72.100778,72.100778,49.604869,68.799353,0.500000
10,2,b6,1,0.100000,62.776044,72.100778,49.604869,68.799353,0.500000
10,2,b6,2,0.200000,53.719415,72.100778,49.604869,68.799353,0.500000
10,2,b6,3,0.300000,44.942395,72.100778,49.604869,68.799353,0.500000
10,2,b6,4,0.400000,36.386832,72.100778,49.604869,68.799353,0.500000
10,2,b6,5,0.500000,28.298538,72.100778,49.604869,68.799353,0.500000
10,2,b6,6,0.600000,20.789213,72.100778,49.604869,68.799353,0.500000
10,3,b6,0,0.000000,69.339621,69.339621,46.829660,67.536654,0.500000
10,3,b6,1,0.100000,59.425731,69.339621,46.829660,67.536654,0.500000
10,3,b6,2,0.200000,50.503887,69.339621,46.829660,67.536654,0.500000
10,3,b6,3,0.300000,42.090668,69.339621,46.829660,67.536654,0.500000
10,3,b6,4,0.400000,34.168525,69.339621,46.829660,67.536654,0.500000
10,3,b6,5,0.500000,26.579354,69.339621,46.829660,67.536654,0.500000
10,3,b6,6,0.600000,19.747243,69.339621,46.829660,67.536654,0.500000
10,4,b6,0,0.000000,66.565330,66.565330,44.835591,67.355771,0.500000
10,4,b6,1,0.100000,57.259517,66.565330,44.835591,67.355771,0.500000
10,4,b6,2,0.200000,48.389943,66.565330,44.835591,67.355771,0.500000
10,4,b6,3,0.300000,40.158251,66.565330,44.835591,67.355771,0.500000
10,4,b6,4,0.400000,32.420874,66.565330,44.835591,67.355771,0.500000
10,4,b6,5,0.500000,25.333413,66.565330,44.835591,67.355771,0.500000
10,4,b6,6,0.600000,18.993655,66.565330,44.835591,67.355771,0.500000
10,0,proposed,0,0.000000,69.606522,69.606522,62.050536,89.144714,0.500000
10,0,proposed,1,0.100000,68.280418,69.606522,62.050536,89.144714,0.500000
10,0,proposed,2,0.200000,65.661617,69.606522,62.050536,89.144714,0.500000
10,0,proposed,3,0.300000,61.745227,69.606522,62.050536,89.144714,0.500000
10,0,proposed,4,0.400000,55.881051,69.606522,62.050536,89.144714,0.500000
10,0,proposed,5,0.500000,47.762206,69.606522,62.050536,89.144714,0.500000
10,0,proposed,6,0.600000,37.294475,69.606522,62.050536,89.144714,0.500000
10,1,proposed,0,0.000000,71.107846,71.107846,63.837305,89.775331,0.500000
10,1,proposed,1,0.100000,69.449620,71.107846,63.837305,89.775331,0.500000
10,1,proposed,2,0.200000,66.992743,71.107846,63.837305,89.775331,0.500000
10,1,proposed,3,0.300000,63.554550,71.107846,63.837305,89.775331,0.500000
10,1,proposed,4,0.400000,58.243875,71.107846,63.837305,89.775331,0.500000
10,1,proposed,5,0.500000,50.783626,71.107846,63.837305,89.775331,0.500000
10,1,proposed,6,0.600000,40.454126,71.107846,63.837305,89.775331,0.500000
10,2,proposed,0,0.000000,73.896748,73.896748,64.034296,86.653740,0.500000
10,2,proposed,1,0.100000,71.503964,73.896748,64.034296,86.653740,0.500000
10,2,proposed,2,0.200000,67.924329,73.896748,64.034296,86.653740,0.500000
10,2,proposed,3,0.300000,63.164176,73.896748,64.034296,86.653740,0.500000
10,2,proposed,4,0.400000,56.594954,73.896748,64.034296,86.653740,0.500000
10,2,proposed,5,0.500000,48.071365,73.896748,64.034296,86.653740,0.500000
10,2,proposed,6,0.600000,37.902637,73.896748,64.034296,86.653740,0.500000
10,3,proposed,0,0.000000,71.919920,71.919920,62.730095,87.222142,0.500000
10,3,proposed,1,0.100000,69.008825,71.919920,62.730095,87.222142,0.500000
10,3,proposed,2,0.200000,65.934650,71.919920,62.730095,87.222142,0.500000
10,3,proposed,3,0.300000,61.902721,71.919920,62.730095,87.222142,0.500000
10,3,proposed,4,0.400000,56.393007,71.919920,62.730095,87.222142,0.500000
10,3,proposed,5,0.500000,48.902620,71.919920,62.730095,87.222142,0.500000
10,3,proposed,6,0.600000,39.210410,71.919920,62.730095,87.222142,0.500000
10,4,proposed,0,0.000000,66.825191,66.825191,59.382579,88.862565,0.500000
10,4,proposed,1,0.100000,65.329232,66.825191,59.382579,88.862565,0.500000
10,4,proposed,2,0.200000,62.723383,66.825191,59.382579,88.862565,0.500000
10,4,proposed,3,0.300000,58.878342,66.825191,59.382579,88.862565,0.500000
10,4,proposed,4,0.400000,53.430227,66.825191,59.382579,88.862565,0.500000
10,4,proposed,5,0.500000,46.278226,66.825191,59.382579,88.862565,0.500000
10,4,proposed,6,0.600000,37.320854,66.825191,59.382579,88.862565,0.500000
20,0,b1,0,0.000000,71.855802,71.855802,32.475447,45.195302,0.500000
20,0,b1,1,0.050000,55.404641,71.855802,32.475447,45.195302,0.500000
20,0,b1,2,0.100000,45.233030,71.855802,32.475447,45.195302,0.500000
20,0,b1,3,0.150000,34.689002,71.855802,32.475447,45.195302,0.500000
20,0,b1,4,0.200000,32.241136,71.855802,32.475447,45.195302,0.500000
20,0,b1,5,0.250000,29.647794,71.855802,32.475447,45.195302,0.500000
20,0,b1,6,0.300000,23.505696,71.855802,32.475447,45.195302,0.500000
20,0,b1,7,0.350000,23.524402,71.855802,32.475447,45.195302,0.500000
20,0,b1,8,0.400000,18.862809,71.855802,32.475447,45.195302,0.500000
20,0,b1,9,0.450000,18.001528,71.855802,32.475447,45.195302,0.500000
20,0,b1,10,0.500000,15.433058,71.855802,32.475447,45.195302,0.500000
20,1,b1,0,0.000000,74.760213,74.760213,32.972006,44.103681,0.500000
20,1,b1,1,0.050000,56.121579,74.760213,32.972006,44.103681,0.500000
20,1,b1,2,0.100000,45.432894,74.760213,32.972006,44.103681,0.500000
20,1,b1,3,0.150000,35.062383,74.760213,32.972006,44.103681,0.500000
20,1,b1,4,0.200000,32.942850,74.760213,32.972006,44.103681,0.500000
20,1,b1,5,0.250000,26.216155,74.760213,32.972006,44.103681,0.500000
20,1,b1,6,0.300000,24.834008,74.760213,32.972006,44.103681,0.500000
20,1,b1,7,0.350000,20.527308,74.760213,32.972006,44.103681,0.500000
20,1,b1,8,0.400000,23.394692,74.760213,32.972006,44.103681,0.500000
20,1,b1,9,0.450000,20.016739,74.760213,32.972006,44.103681,0.500000
20,1,b1,10,0.500000,15.582684,74.760213,32.972006,44.103681,0.500000
20,2,b1,0,0.000000,73.672220,73.672220,30.978594,42.049220,0.500000
20,2,b1,1,0.050000,54.365950,73.672220,30.978594,42.049220,0.500000
20,2,b1,2,0.100000,43.203174,73.672220,30.978594,42.049220,0.500000
20,2,b1,3,0.150000,34.112529,73.672220,30.978594,42.049220,0.500000
20,2,b1,4,0.200000,31.670187,73.672220,30.978594,42.049220,0.500000
20,2,b1,5,0.250000,25.931259,73.672220,30.978594,42.049220,0.500000
20,2,b1,6,0.300000,23.516142,73.672220,30.978594,42.049220,0.500000
20,2,b1,7,0.350000,19.023553,73.672220,30.978594,42.049220,0.500000
20,2,b1,8,0.400000,17.366629,73.672220,30.978594,42.049220,0.500000
20,2,b1,9,0.450000,17.090419,73.672220,30.978594,42.049220,0.500000
20,2,b1,10,0.500000,13.339977,73.672220,30.978594,42.049220,0.500000
20,3,b1,0,0.000000,75.441334,75.441334,31.176278,41.325195,0.500000
20,3,b1,1,0.050000,54.930957,75.441334,31.176278,41.325195,0.500000
20,3,b1,2,0.100000,43.560736,75.441334,31.176278,41.325195,0.500000
20,3,b1,3,0.150000,37.352109,75.441334,31.176278,41.325195,0.500000
20,3,b1,4,0.200000,30.974511,75.441334,31.176278,41.325195,0.500000
20,3,b1,5,0.250000,23.421919,75.441334,31.176278,41.325195,0.500000
20,3,b1,6,0.300000,21.899849,75.441334,31.176278,41.325195,0.500000
20,3,b1,7,0.350000,20.292964,75.441334,31.176278,41.325195,0.500000
20,3,b1,8,0.400000,17.023746,75.441334,31.176278,41.325195,0.500000
20,3,b1,9,0.450000,16.896245,75.441334,31.176278,41.325195,0.500000
20,3,b1,10,0.500000,15.378160,75.441334,31.176278,41.325195,0.500000
20,4,b1,0,0.000000,71.714100,71.714100,27.841648,38.823115,0.500000
20,4,b1,1,0.050000,50.920530,71.714100,27.841648,38.823115,0.500000
20,4,b1,2,0.100000,39.975467,71.714100,27.841648,38.823115,0.500000
20,4,b1,3,0.150000,30.693595,71.714100,27.841648,38.823115,0.500000
20,4,b1,4,0.200000,26.045270,71.714100,27.841648,38.823115,0.500000
20,4,b1,5,0.250000,24.183503,71.714100,27.841648,38.823115,0.500000
20,4,b1,6,0.300000,19.816326,71.714100,27.841648,38.823115,0.500000
20,4,b1,7,0.350000,17.087418,71.714100,27.841648,38.823115,0.500000
20,4,b1,8,0.400000,14.024055,71.714100,27.841648,38.823115,0.500000
20,4,b1,9,0.450000,13.850620,71.714100,27.841648,38.823115,0.500000
20,4,b1,10,0.500000,11.925285,71.714100,27.841648,38.823115,0.500000
20,0,b2,0,0.000000,66.098313,66.098313,53.391506,80.775898,0.500000
20,0,b2,1,0.050000,64.568521,66.098313,53.391506,80.775898,0.500000
20,0,b2,2,0.100000,62.609147,66.098313,53.391506,80.775898,0.500000
20,0,b2,3,0.150000,59.084863,66.098313,53.391506,80.775898,0.500000
20,0,b2,4,0.200000,57.722016,66.098313,53.391506,80.775898,0.500000
20,0,b2,5,0.250000,52.816902,66.098313,53.391506,80.775898,0.500000
20,0,b2,6,0.300000,51.674598,66.098313,53.391506,80.775898,0.500000
20,0,b2,7,0.350000,48.616901,66.098313,53.391506,80.775898,0.500000
20,0,b2,8,0.400000,47.551846,66.098313,53.391506,80.775898,0.500000
20,0,b2,9,0.450000,39.578713,66.098313,53.391506,80.775898,0.500000
20,0,b2,10,0.500000,33.284793,66.098313,53.391506,80.775898,0.500000
20,1,b2,0,0.000000,68.381824,68.381824,54.173739,79.222425,0.500000
20,1,b2,1,0.050000,66.778813,68.381824,54.173739,79.222425,0.500000
20,1,b2,2,0.100000,64.638597,68.381824,54.173739,79.222425,0.500000
20,1,b2,3,0.150000,60.627843,68.381824,54.173739,79.222425,0.500000
20,1,b2,4,0.200000,58.620040,68.381824,54.173739,79.222425,0.500000
20,1,b2,5,0.250000,49.166463,68.381824,54.173739,79.222425,0.500000
20,1,b2,6,0.300000,55.807898,68.381824,54.173739,79.222425,0.500000
20,1,b2,7,0.350000,49.399563,68.381824,54.173739,79.222425,0.500000
20,1,b2,8,0.400000,47.768901,68.381824,54.173739,79.222425,0.500000
20,1,b2,9,0.450000,38.841005,68.381824,54.173739,79.222425,0.500000
20,1,b2,10,0.500000,31.794718,68.381824,54.173739,79.222425,0.500000
20,2,b2,0,0.000000,67.741003,67.741003,52.826738,77.983401,0.500000
20,2,b2,1,0.050000,66.209929,67.741003,52.826738,77.983401,0.500000
20,2,b2,2,0.100000,63.609290,67.741003,52.826738,77.983401,0.500000
20,2,b2,3,0.150000,58.962874,67.741003,52.826738,77.983401,0.500000
20,2,b2,4,0.200000,60.018538,67.741003,52.826738,77.983401,0.500000
20,2,b2,5,0.250000,58.430837,67.741003,52.826738,77.983401,0.500000
20,2,b2,6,0.300000,49.864457,67.741003,52.826738,77.983401,0.500000
20,2,b2,7,0.350000,40.431640,67.741003,52.826738,77.983401,0.500000
20,2,b2,8,0.400000,43.804462,67.741003,52.826738,77.983401,0.500000
20,2,b2,9,0.450000,36.628380,67.741003,52.826738,77.983401,0.500000
20,2,b2,10,0.500000,32.872938,67.741003,52.826738,77.983401,0.500000
20,3,b2,0,0.000000,70.849271,70.849271,54.446725,76.848674,0.500000
20,3,b2,1,0.050000,68.279066,70.849271,54.446725,76.848674,0.500000
20,3,b2,2,0.100000,65.546188,70.849271,54.446725,76.848674,0.500000
20,3,b2,3,0.150000,63.109919,70.849271,54.446725,76.848674,0.500000
20,3,b2,4,0.200000,60.603609,70.849271,54.446725,76.848674,0.500000
20,3,b2,5,0.250000,51.809636,70.849271,54.446725,76.848674,0.500000
20,3,b2,6,0.300000,48.831601,70.849271,54.446725,76.848674,0.500000
20,3,b2,7,0.350000,52.054026,70.849271,54.446725,76.848674,0.500000
20,3,b2,8,0.400000,42.814273,70.849271,54.446725,76.848674,0.500000
20,3,b2,9,0.450000,37.777642,70.849271,54.446725,76.848674,0.500000
20,3,b2,10,0.500000,36.433307,70.849271,54.446725,76.848674,0.500000
20,4,b2,0,0.000000,62.561804,62.561804,48.233786,77.097818,0.500000
20,4,b2,1,0.050000,61.271422,62.561804,48.233786,77.097818,0.500000
20,4,b2,2,0.100000,59.006333,62.561804,48.233786,77.097818,0.500000
20,4,b2,3,0.150000,55.233893,62.561804,48.233786,77.097818,0.500000
20,4,b2,4,0.200000,49.825271,62.561804,48.233786,77.097818,0.500000
20,4,b2,5,0.250000,53.547738,62.561804,48.233786,77.097818,0.500000
20,4,b2,6,0.300000,47.133090,62.561804,48.233786,77.097818,0.500000
20,4,b2,7,0.350000,41.146681,62.561804,48.233786,77.097818,0.500000
20,4,b2,8,0.400000,37.599087,62.561804,48.233786,77.097818,0.500000
20,4,b2,9,0.450000,31.793756,62.561804,48.233786,77.097818,0.500000
20,4,b2,10,0.500000,28.999371,62.561804,48.233786,77.097818,0.500000
20,0,b3,0,0.000000,71.855802,71.855802,18.510947,25.761242,0.500000
20,0,b3,1,0.050000,47.151707,71.855802,18.510947,25.761242,0.500000
20,0,b3,2,0.100000,31.205879,71.855802,18.510947,25.761242,0.500000
20,0,b3,3,0.150000,18.315595,71.855802,18.510947,25.761242,0.500000
20,0,b3,4,0.200000,26.756844,71.855802,18.510947,25.761242,0.500000
20,0,b3,5,0.250000,6.712250,71.855802,18.510947,25.761242,0.500000
20,0,b3,6,0.300000,6.551866,71.855802,18.510947,25.761242,0.500000
20,0,b3,7,0.350000,3.233086,71.855802,18.510947,25.761242,0.500000
20,0,b3,8,0.400000,6.182431,71.855802,18.510947,25.761242,0.500000
20,0,b3,9,0.450000,2.432145,71.855802,18.510947,25.761242,0.500000
20,0,b3,10,0.500000,1.279538,71.855802,18.510947,25.761242,0.500000
20,1,b3,0,0.000000,74.760213,74.760213,20.067122,26.841980,0.500000
20,1,b3,1,0.050000,48.056456,74.760213,20.067122,26.841980,0.500000
20,1,b3,2,0.100000,31.851685,74.760213,20.067122,26.841980,0.500000
20,1,b3,3,0.150000,32.744534,74.760213,20.067122,26.841980,0.500000
20,1,b3,4,0.200000,13.715064,74.760213,20.067122,26.841980,0.500000
20,1,b3,5,0.250000,8.668895,74.760213,20.067122,26.841980,0.500000
20,1,b3,6,0.300000,7.606375,74.760213,20.067122,26.841980,0.500000
20,1,b3,7,0.350000,5.907470,74.760213,20.067122,26.841980,0.500000
20,1,b3,8,0.400000,7.379945,74.760213,20.067122,26.841980,0.500000
20,1,b3,9,0.450000,5.119655,74.760213,20.067122,26.841980,0.500000
20,1,b3,10,0.500000,4.482061,74.760213,20.067122,26.841980,0.500000
20,2,b3,0,0.000000,73.672220,73.672220,19.123306,25.957282,0.500000
20,2,b3,1,0.050000,46.009419,73.672220,19.123306,25.957282,0.500000
20,2,b3,2,0.100000,29.688205,73.672220,19.123306,25.957282,0.500000
20,2,b3,3,0.150000,30.226860,73.672220,19.123306,25.957282,0.500000
20,2,b3,4,0.200000,14.823203,73.672220,19.123306,25.957282,0.500000
20,2,b3,5,0.250000,7.064591,73.672220,19.123306,25.957282,0.500000
20,2,b3,6,0.300000,7.962144,73.672220,19.123306,25.957282,0.500000
20,2,b3,7,0.350000,6.920264,73.672220,19.123306,25.957282,0.500000
20,2,b3,8,0.400000,4.281009,73.672220,19.123306,25.957282,0.500000
20,2,b3,9,0.450000,5.767598,73.672220,19.123306,25.957282,0.500000
20,2,b3,10,0.500000,3.307306,73.672220,19.123306,25.957282,0.500000
20,3,b3,0,0.000000,75.441334,75.441334,16.127700,21.377804,0.500000
20,3,b3,1,0.050000,47.663149,75.441334,16.127700,21.377804,0.500000
20,3,b3,2,0.100000,30.570169,75.441334,16.127700,21.377804,0.500000
20,3,b3,3,0.150000,13.978229,75.441334,16.127700,21.377804,0.500000
20,3,b3,4,0.200000,8.929920,75.441334,16.127700,21.377804,0.500000
20,3,b3,5,0.250000,10.278189,75.441334,16.127700,21.377804,0.500000
20,3,b3,6,0.300000,2.946616,75.441334,16.127700,21.377804,0.500000
20,3,b3,7,0.350000,3.615470,75.441334,16.127700,21.377804,0.500000
20,3,b3,8,0.400000,1.740349,75.441334,16.127700,21.377804,0.500000
20,3,b3,9,0.450000,2.352178,75.441334,16.127700,21.377804,0.500000
20,3,b3,10,0.500000,2.964128,75.441334,16.127700,21.377804,0.500000
20,4,b3,0,0.000000,71.714100,71.714100,18.677234,26.044019,0.500000
20,4,b3,1,0.050000,45.017203,71.714100,18.677234,26.044019,0.500000
20,4,b3,2,0.100000,28.768138,71.714100,18.677234,26.044019,0.500000
20,4,b3,3,0.150000,22.475075,71.714100,18.677234,26.044019,0.500000
20,4,b3,4,0.200000,13.189755,71.714100,18.677234,26.044019,0.500000
20,4,b3,5,0.250000,14.982690,71.714100,18.677234,26.044019,0.500000
20,4,b3,6,0.300000,6.750011,71.714100,18.677234,26.044019,0.500000
20,4,b3,7,0.350000,6.553838,71.714100,18.677234,26.044019,0.500000
20,4,b3,8,0.400000,7.701545,71.714100,18.677234,26.044019,0.500000
20,4,b3,9,0.450000,3.563859,71.714100,18.677234,26.044019,0.500000
20,4,b3,10,0.500000,3.826345,71.714100,18.677234,26.044019,0.500000
20,0,b4,0,0.000000,61.109737,61.109737,58.390493,95.550227,0.500000
20,0,b4,1,0.050000,60.878436,61.109737,58.390493,95.550227,0.500000
20,0,b4,2,0.100000,60.539232,61.109737,58.390493,95.550227,0.500000
20,0,b4,3,0.150000,60.110833,61.109737,58.390493,95.550227,0.500000
20,0,b4,4,0.200000,59.618279,61.109737,58.390493,95.550227,0.500000
20,0,b4,5,0.250000,58.620758,61.109737,58.390493,95.550227,0.500000
20,0,b4,6,0.300000,57.869177,61.109737,58.390493,95.550227,0.500000
20,0,b4,7,0.350000,57.817965,61.109737,58.390493,95.550227,0.500000
20,0,b4,8,0.400000,57.007491,61.109737,58.390493,95.550227,0.500000
20,0,b4,9,0.450000,54.666301,61.109737,58.390493,95.550227,0.500000
20,0,b4,10,0.500000,52.443169,61.109737,58.390493,95.550227,0.500000
20,1,b4,0,0.000000,64.651913,64.651913,60.410904,93.440242,0.500000
20,1,b4,1,0.050000,63.949937,64.651913,60.410904,93.440242,0.500000
20,1,b4,2,0.100000,63.225806,64.651913,60.410904,93.440242,0.500000
20,1,b4,3,0.150000,61.602626,64.651913,60.410904,93.440242,0.500000
20,1,b4,4,0.200000,60.991961,64.651913,60.410904,93.440242,0.500000
20,1,b4,5,0.250000,60.087960,64.651913,60.410904,93.440242,0.500000
20,1,b4,6,0.300000,60.177656,64.651913,60.410904,93.440242,0.500000
20,1,b4,7,0.350000,59.952491,64.651913,60.410904,93.440242,0.500000
20,1,b4,8,0.400000,58.772048,64.651913,60.410904,93.440242,0.500000
20,1,b4,9,0.450000,56.177830,64.651913,60.410904,93.440242,0.500000
20,1,b4,10,0.500000,53.689541,64.651913,60.410904,93.440242,0.500000
20,2,b4,0,0.000000,62.975961,62.975961,60.174197,95.551057,0.500000
20,2,b4,1,0.050000,62.504055,62.975961,60.174197,95.551057,0.500000
20,2,b4,2,0.100000,62.192261,62.975961,60.174197,95.551057,0.500000
20,2,b4,3,0.150000,61.208376,62.975961,60.174197,95.551057,0.500000
20,2,b4,4,0.200000,62.442779,62.975961,60.174197,95.551057,0.500000
20,2,b4,5,0.250000,61.892559,62.975961,60.174197,95.551057,0.500000
20,2,b4,6,0.300000,59.553797,62.975961,60.174197,95.551057,0.500000
20,2,b4,7,0.350000,58.063493,62.975961,60.174197,95.551057,0.500000
20,2,b4,8,0.400000,58.183241,62.975961,60.174197,95.551057,0.500000
20,2,b4,9,0.450000,55.717527,62.975961,60.174197,95.551057,0.500000
20,2,b4,10,0.500000,56.991798,62.975961,60.174197,95.551057,0.500000
20,3,b4,0,0.000000,63.100939,63.100939,59.999958,95.085683,0.500000
20,3,b4,1,0.050000,62.462306,63.100939,59.999958,95.085683,0.500000
20,3,b4,2,0.100000,61.907570,63.100939,59.999958,95.085683,0.500000
20,3,b4,3,0.150000,61.149837,63.100939,59.999958,95.085683,0.500000
20,3,b4,4,0.200000,61.473812,63.100939,59.999958,95.085683,0.500000
20,3,b4,5,0.250000,59.689871,63.100939,59.999958,95.085683,0.500000
20,3,b4,6,0.300000,60.329951,63.100939,59.999958,95.085683,0.500000
20,3,b4,7,0.350000,60.129382,63.100939,59.999958,95.085683,0.500000
20,3,b4,8,0.400000,57.549741,63.100939,59.999958,95.085683,0.500000
20,3,b4,9,0.450000,56.203636,63.100939,59.999958,95.085683,0.500000
20,3,b4,10,0.500000,55.106021,63.100939,59.999958,95.085683,0.500000
20,4,b4,0,0.000000,58.445875,58.445875,55.271518,94.568724,0.500000
20,4,b4,1,0.050000,58.190675,58.445875,55.271518,94.568724,0.500000
20,4,b4,2,0.100000,57.727075,58.445875,55.271518,94.568724,0.500000
20,4,b4,3,0.150000,57.282347,58.445875,55.271518,94.568724,0.500000
20,4,b4,4,0.200000,54.788423,58.445875,55.271518,94.568724,0.500000
20,4,b4,5,0.250000,55.935017,58.445875,55.271518,94.568724,0.500000
20,4,b4,6,0.300000,54.552196,58.445875,55.271518,94.568724,0.500000
20,4,b4,7,0.350000,53.181626,58.445875,55.271518,94.568724,0.500000
20,4,b4,8,0.400000,54.005539,58.445875,55.271518,94.568724,0.500000
20,4,b4,9,0.450000,51.852955,58.445875,55.271518,94.568724,0.500000
20,4,b4,10,0.500000,51.952785,58.445875,55.271518,94.568724,0.500000
20,0,b6,0,0.000000,66.241423,66.241423,46.675990,70.463447,0.500000
20,0,b6,1,0.050000,62.593767,66.241423,46.675990,70.463447,0.500000
20,0,b6,2,0.100000,58.867371,66.241423,46.675990,70.463447,0.500000
20,0,b6,3,0.150000,52.562204,66.241423,46.675990,70.463447,0.500000
20,0,b6,4,0.200000,52.510150,66.241423,46.675990,70.463447,0.500000
20,0,b6,5,0.250000,42.680923,66.241423,46.675990,70.463447,0.500000
20,0,b6,6,0.300000,40.088906,66.241423,46.675990,70.463447,0.500000
20,0,b6,7,0.350000,39.182452,66.241423,46.675990,70.463447,0.500000
20,0,b6,8,0.400000,39.849708,66.241423,46.675990,70.463447,0.500000
20,0,b6,9,0.450000,30.818987,66.241423,46.675990,70.463447,0.500000
20,0,b6,10,0.500000,28.969445,66.241423,46.675990,70.463447,0.500000
20,1,b6,0,0.000000,66.431568,66.431568,47.735606,71.856811,0.500000
20,1,b6,1,0.050000,63.003965,66.431568,47.735606,71.856811,0.500000
20,1,b6,2,0.100000,59.903768,66.431568,47.735606,71.856811,0.500000
20,1,b6,3,0.150000,44.147531,66.431568,47.735606,71.856811,0.500000
20,1,b6,4,0.200000,47.749308,66.431568,47.735606,71.856811,0.500000
20,1,b6,5,0.250000,45.678276,66.431568,47.735606,71.856811,0.500000
20,1,b6,6,0.300000,53.177844,66.431568,47.735606,71.856811,0.500000
20,1,b6,7,0.350000,43.678130,66.431568,47.735606,71.856811,0.500000
20,1,b6,8,0.400000,38.060029,66.431568,47.735606,71.856811,0.500000
20,1,b6,9,0.450000,33.275215,66.431568,47.735606,71.856811,0.500000
20,1,b6,10,0.500000,30.932429,66.431568,47.735606,71.856811,0.500000
20,2,b6,0,0.000000,67.465249,67.465249,51.673424,76.592653,0.500000
20,2,b6,1,0.050000,64.373882,67.465249,51.673424,76.592653,0.500000
20,2,b6,2,0.100000,61.470072,67.465249,51.673424,76.592653,0.500000
20,2,b6,3,0.150000,52.430012,67.465249,51.673424,76.592653,0.500000
20,2,b6,4,0.200000,60.668389,67.465249,51.673424,76.592653,0.500000
20,2,b6,5,0.250000,56.346405,67.465249,51.673424,76.592653,0.500000
20,2,b6,6,0.300000,48.589929,67.465249,51.673424,76.592653,0.500000
20,2,b6,7,0.350000,44.132962,67.465249,51.673424,76.592653,0.500000
20,2,b6,8,0.400000,40.473549,67.465249,51.673424,76.592653,0.500000
20,2,b6,9,0.450000,35.427168,67.465249,51.673424,76.592653,0.500000
20,2,b6,10,0.500000,38.178491,67.465249,51.673424,76.592653,0.500000
20,3,b6,0,0.000000,65.914140,65.914140,48.538745,73.639351,0.500000
20,3,b6,1,0.050000,61.602791,65.914140,48.538745,73.639351,0.500000
20,3,b6,2,0.100000,57.734120,65.914140,48.538745,73.639351,0.500000
20,3,b6,3,0.150000,55.315987,65.914140,48.538745,73.639351,0.500000
20,3,b6,4,0.200000,55.017282,65.914140,48.538745,73.639351,0.500000
20,3,b6,5,0.250000,47.292951,65.914140,48.538745,73.639351,0.500000
20,3,b6,6,0.300000,45.800802,65.914140,48.538745,73.639351,0.500000
20,3,b6,7,0.350000,45.619243,65.914140,48.538745,73.639351,0.500000
20,3,b6,8,0.400000,37.708888,65.914140,48.538745,73.639351,0.500000
20,3,b6,9,0.450000,29.672286,65.914140,48.538745,73.639351,0.500000
20,3,b6,10,0.500000,33.332063,65.914140,48.538745,73.639351,0.500000
20,4,b6,0,0.000000,65.174378,65.174378,47.178410,72.387971,0.500000
20,4,b6,1,0.050000,61.444283,65.174378,47.178410,72.387971,0.500000
20,4,b6,2,0.100000,57.672031,65.174378,47.178410,72.387971,0.500000
20,4,b6,3,0.150000,49.446258,65.174378,47.178410,72.387971,0.500000
20,4,b6,4,0.200000,45.403915,65.174378,47.178410,72.387971,0.500000
20,4,b6,5,0.250000,52.557308,65.174378,47.178410,72.387971,0.500000
20,4,b6,6,0.300000,42.843913,65.174378,47.178410,72.387971,0.500000
20,4,b6,7,0.350000,41.063876,65.174378,47.178410,72.387971,0.500000
20,4,b6,8,0.400000,38.261080,65.174378,47.178410,72.387971,0.500000
20,4,b6,9,0.450000,31.792394,65.174378,47.178410,72.387971,0.500000
20,4,b6,10,0.500000,37.423710,65.174378,47.178410,72.387971,0.500000
20,0,proposed,0,0.000000,71.652313,71.652313,60.081669,83.851681,0.500000
20,0,proposed,1,0.050000,69.771683,71.652313,60.081669,83.851681,0.500000
20,0,proposed,2,0.100000,68.128238,71.652313,60.081669,83.851681,0.500000
20,0,proposed,3,0.150000,64.810144,71.652313,60.081669,83.851681,0.500000
20,0,proposed,4,0.200000,65.223574,71.652313,60.081669,83.851681,0.500000
20,0,proposed,5,0.250000,62.371986,71.652313,60.081669,83.851681,0.500000
20,0,proposed,6,0.300000,57.365034,71.652313,60.081669,83.851681,0.500000
20,0,proposed,7,0.350000,53.477513,71.652313,60.081669,83.851681,0.500000
20,0,proposed,8,0.400000,51.555049,71.652313,60.081669,83.851681,0.500000
20,0,proposed,9,0.450000,50.703552,71.652313,60.081669,83.851681,0.500000
20,0,proposed,10,0.500000,43.167513,71.652313,60.081669,83.851681,0.500000
20,1,proposed,0,0.000000,69.562666,69.562666,59.119405,84.987262,0.500000
20,1,proposed,1,0.050000,68.315666,69.562666,59.119405,84.987262,0.500000
20,1,proposed,2,0.100000,66.871455,69.562666,59.119405,84.987262,0.500000
20,1,proposed,3,0.150000,61.250908,69.562666,59.119405,84.987262,0.500000
20,1,proposed,4,0.200000,62.856468,69.562666,59.119405,84.987262,0.500000
20,1,proposed,5,0.250000,56.450758,69.562666,59.119405,84.987262,0.500000
20,1,proposed,6,0.300000,60.925043,69.562666,59.119405,84.987262,0.500000
20,1,proposed,7,0.350000,57.762843,69.562666,59.119405,84.987262,0.500000
20,1,proposed,8,0.400000,54.693333,69.562666,59.119405,84.987262,0.500000
20,1,proposed,9,0.450000,45.991847,69.562666,59.119405,84.987262,0.500000
20,1,proposed,10,0.500000,42.588786,69.562666,59.119405,84.987262,0.500000
20,2,proposed,0,0.000000,72.625668,72.625668,62.202626,85.648266,0.500000
20,2,proposed,1,0.050000,71.468962,72.625668,62.202626,85.648266,0.500000
20,2,proposed,2,0.100000,70.081033,72.625668,62.202626,85.648266,0.500000
20,2,proposed,3,0.150000,66.364539,72.625668,62.202626,85.648266,0.500000
20,2,proposed,4,0.200000,68.733481,72.625668,62.202626,85.648266,0.500000
20,2,proposed,5,0.250000,67.368735,72.625668,62.202626,85.648266,0.500000
20,2,proposed,6,0.300000,59.272400,72.625668,62.202626,85.648266,0.500000
20,2,proposed,7,0.350000,53.791077,72.625668,62.202626,85.648266,0.500000
20,2,proposed,8,0.400000,56.382106,72.625668,62.202626,85.648266,0.500000
20,2,proposed,9,0.450000,48.176195,72.625668,62.202626,85.648266,0.500000
20,2,proposed,10,0.500000,48.149789,72.625668,62.202626,85.648266,0.500000
20,3,proposed,0,0.000000,65.398560,65.398560,57.957108,88.621382,0.500000
20,3,proposed,1,0.050000,64.442354,65.398560,57.957108,88.621382,0.500000
20,3,proposed,2,0.100000,63.333194,65.398560,57.957108,88.621382,0.500000
20,3,proposed,3,0.150000,62.460660,65.398560,57.957108,88.621382,0.500000
20,3,proposed,4,0.200000,61.456546,65.398560,57.957108,88.621382,0.500000
20,3,proposed,5,0.250000,57.630856,65.398560,57.957108,88.621382,0.500000
20,3,proposed,6,0.300000,58.820027,65.398560,57.957108,88.621382,0.500000
20,3,proposed,7,0.350000,56.116989,65.398560,57.957108,88.621382,0.500000
20,3,proposed,8,0.400000,50.157981,65.398560,57.957108,88.621382,0.500000
20,3,proposed,9,0.450000,50.156192,65.398560,57.957108,88.621382,0.500000
20,3,proposed,10,0.500000,44.594005,65.398560,57.957108,88.621382,0.500000
20,4,proposed,0,0.000000,64.174126,64.174126,55.547076,86.556810,0.500000
20,4,proposed,1,0.050000,63.399769,64.174126,55.547076,86.556810,0.500000
20,4,proposed,2,0.100000,62.399573,64.174126,55.547076,86.556810,0.500000
20,4,proposed,3,0.150000,60.656561,64.174126,55.547076,86.556810,0.500000
20,4,proposed,4,0.200000,58.073184,64.174126,55.547076,86.556810,0.500000
20,4,proposed,5,0.250000,57.631723,64.174126,55.547076,86.556810,0.500000
20,4,proposed,6,0.300000,52.527090,64.174126,55.547076,86.556810,0.500000
20,4,proposed,7,0.350000,52.359227,64.174126,55.547076,86.556810,0.500000
20,4,proposed,8,0.400000,50.194155,64.174126,55.547076,86.556810,0.500000
20,4,proposed,9,0.450000,44.072806,64.174126,55.547076,86.556810,0.500000
20,4,proposed,10,0.500000,44.139220,64.174126,55.547076,86.556810,0.500000
