contrast,metric,missing_groups,mean_diff,std_diff,n_seeds,n_seeds_first_better
proposed-minus-b2m,aurc,0,-1.3363,2.2760,5,4
proposed-minus-b2m,aurc,1,-1.1558,2.4984,5,4
proposed-minus-b2m,aurc,2,-1.0326,3.0585,5,4
proposed-minus-b2m,aurc,3,-0.5797,3.2199,5,2
proposed-minus-b2m,aurc,4,-0.3175,3.7293,5,3
proposed-minus-b2m,aurc,5,1.5481,4.2608,5,2
proposed-minus-b2m,aurc,6,1.9621,4.6436,5,2
proposed-minus-b2m,augrc,0,-0.5791,1.5687,5,4
proposed-minus-b2m,augrc,1,-0.5022,1.7172,5,4
proposed-minus-b2m,augrc,2,-0.4788,2.0175,5,4
proposed-minus-b2m,augrc,3,-0.1601,2.0424,5,2
proposed-minus-b2m,augrc,4,-0.0534,2.1517,5,2
proposed-minus-b2m,augrc,5,0.8003,2.2063,5,2
proposed-minus-b2m,augrc,6,0.7322,1.8172,5,2
proposed-minus-b2m,auroc,0,3.3652,4.0934,5,4
proposed-minus-b2m,auroc,1,2.4156,3.8409,5,4
proposed-minus-b2m,auroc,2,1.2487,3.5695,5,4
proposed-minus-b2m,auroc,3,0.8997,3.3927,5,4
proposed-minus-b2m,auroc,4,0.8352,2.9925,5,3
proposed-minus-b2m,auroc,5,-0.5585,3.3731,5,2
proposed-minus-b2m,auroc,6,0.0391,3.1614,5,2
proposed-minus-b2m,acc,0,0.1127,3.8754,5,2
proposed-minus-b2m,acc,1,0.2430,4.1537,5,2
proposed-minus-b2m,acc,2,0.4967,4.5614,5,2
proposed-minus-b2m,acc,3,-0.2116,4.2306,5,2
proposed-minus-b2m,acc,4,-0.4660,4.0833,5,2
proposed-minus-b2m,acc,5,-1.7286,3.6917,5,2
proposed-minus-b2m,acc,6,-1.5728,2.1708,5,1
proposed-minus-b2m,plugin_coverage,0,6.2936,14.0352,5,
proposed-minus-b2m,plugin_coverage,1,6.4577,15.4668,5,
proposed-minus-b2m,plugin_coverage,2,7.1771,12.8075,5,
proposed-minus-b2m,plugin_coverage,3,5.4848,13.0607,5,
proposed-minus-b2m,plugin_coverage,4,4.2789,10.9735,5,
proposed-minus-b2m,plugin_coverage,5,-2.2307,11.8426,5,
proposed-minus-b2m,plugin_coverage,6,0.8844,3.6020,5,
proposed-minus-b2m,plugin_cond_risk,0,-1.1461,3.8665,5,
proposed-minus-b2m,plugin_cond_risk,1,-1.3039,4.2115,5,
proposed-minus-b2m,plugin_cond_risk,2,-1.1615,4.0813,5,
proposed-minus-b2m,plugin_cond_risk,3,-1.1446,3.8561,5,
proposed-minus-b2m,plugin_cond_risk,4,-1.2285,3.0378,5,
proposed-minus-b2m,plugin_cond_risk,5,-0.0055,5.3062,4,
proposed-minus-b2m,plugin_cond_risk,6,7.2237,0.0000,1,
proposed-minus-b2m,mask_acc_worst,0,0.1127,3.8754,5,2
proposed-minus-b2m,mask_acc_worst,1,1.5490,4.7238,5,3
proposed-minus-b2m,mask_acc_worst,2,0.8784,5.9364,5,4
proposed-minus-b2m,mask_acc_worst,3,-1.2824,4.8944,5,2
proposed-minus-b2m,mask_acc_worst,4,-2.3973,5.2214,5,2
proposed-minus-b2m,mask_acc_worst,5,-9.8058,6.4897,5,1
proposed-minus-b2m,mask_acc_worst,6,-8.4122,8.0887,5,1
proposed-minus-b2m,cls_cov_min,0,-13.7203,20.5233,5,1
proposed-minus-b2m,cls_cov_min,1,-8.4835,24.6706,5,2
proposed-minus-b2m,cls_cov_min,2,-14.0820,14.3748,5,1
proposed-minus-b2m,cls_cov_min,3,-11.5049,11.6839,5,1
proposed-minus-b2m,cls_cov_min,4,-12.5502,6.0373,5,0
proposed-minus-b2m,cls_cov_min,5,-6.1060,8.8436,5,2
proposed-minus-b2m,cls_cov_min,6,-1.9722,7.1964,5,2
b2m-minus-b2,aurc,0,-0.8427,1.0713,5,4
b2m-minus-b2,aurc,1,-1.1350,1.0554,5,4
b2m-minus-b2,aurc,2,-1.3778,1.0503,5,5
b2m-minus-b2,aurc,3,-2.0479,1.1731,5,5
b2m-minus-b2,aurc,4,-3.3002,1.2144,5,5
b2m-minus-b2,aurc,5,-5.7252,1.6747,5,5
b2m-minus-b2,aurc,6,-10.5672,1.8874,5,5
b2m-minus-b2,augrc,0,-0.4986,0.4950,5,4
b2m-minus-b2,augrc,1,-0.6497,0.5013,5,4
b2m-minus-b2,augrc,2,-0.7894,0.5190,5,5
b2m-minus-b2,augrc,3,-1.1959,0.5897,5,5
b2m-minus-b2,augrc,4,-1.9604,0.6468,5,5
b2m-minus-b2,augrc,5,-3.1272,0.7028,5,5
b2m-minus-b2,augrc,6,-5.0028,0.7214,5,5
b2m-minus-b2,auroc,0,-0.0798,2.1434,5,2
b2m-minus-b2,auroc,1,0.4306,1.3876,5,3
b2m-minus-b2,auroc,2,1.2843,1.2439,5,4
b2m-minus-b2,auroc,3,1.5930,0.9210,5,5
b2m-minus-b2,auroc,4,1.9240,0.9483,5,5
b2m-minus-b2,auroc,5,3.3710,1.1550,5,5
b2m-minus-b2,auroc,6,4.7623,1.9627,5,5
b2m-minus-b2,acc,0,1.7104,0.9313,5,5
b2m-minus-b2,acc,1,1.7961,0.9436,5,5
b2m-minus-b2,acc,2,1.6605,0.9552,5,5
b2m-minus-b2,acc,3,2.4129,1.0736,5,5
b2m-minus-b2,acc,4,3.9637,1.3547,5,5
b2m-minus-b2,acc,5,5.3082,0.9699,5,5
b2m-minus-b2,acc,6,7.7415,0.6169,5,5
b2m-minus-b2,plugin_coverage,0,1.7719,9.8166,5,
b2m-minus-b2,plugin_coverage,1,2.4807,7.2659,5,
b2m-minus-b2,plugin_coverage,2,4.1156,7.0954,5,
b2m-minus-b2,plugin_coverage,3,3.0850,6.0013,5,
b2m-minus-b2,plugin_coverage,4,4.8124,6.7902,5,
b2m-minus-b2,plugin_coverage,5,7.3316,6.5391,5,
b2m-minus-b2,plugin_coverage,6,0.7276,1.2927,5,
b2m-minus-b2,plugin_cond_risk,0,-1.1544,1.7639,5,
b2m-minus-b2,plugin_cond_risk,1,-0.6615,1.5191,5,
b2m-minus-b2,plugin_cond_risk,2,-0.7971,1.2998,5,
b2m-minus-b2,plugin_cond_risk,3,-1.3206,2.0834,5,
b2m-minus-b2,plugin_cond_risk,4,-1.5777,1.8615,5,
b2m-minus-b2,plugin_cond_risk,5,1.2634,1.5774,4,
b2m-minus-b2,plugin_cond_risk,6,nan,nan,0,
b2m-minus-b2,mask_acc_worst,0,1.7104,0.9313,5,5
b2m-minus-b2,mask_acc_worst,1,0.6154,1.2938,5,3
b2m-minus-b2,mask_acc_worst,2,1.2794,2.5581,5,3
b2m-minus-b2,mask_acc_worst,3,4.8534,2.3640,5,5
b2m-minus-b2,mask_acc_worst,4,8.6629,3.3677,5,5
b2m-minus-b2,mask_acc_worst,5,9.1923,2.6575,5,5
b2m-minus-b2,mask_acc_worst,6,10.4430,4.9700,5,5
b2m-minus-b2,cls_cov_min,0,-6.3932,14.7359,5,1
b2m-minus-b2,cls_cov_min,1,-0.9162,11.4625,5,2
b2m-minus-b2,cls_cov_min,2,5.9824,9.2297,5,4
b2m-minus-b2,cls_cov_min,3,5.1617,9.4234,5,2
b2m-minus-b2,cls_cov_min,4,3.6110,2.9059,5,4
b2m-minus-b2,cls_cov_min,5,2.9597,2.3414,5,4
b2m-minus-b2,cls_cov_min,6,6.3744,3.5509,5,5
proposed-minus-b2,aurc,0,-2.1790,2.8434,5,3
proposed-minus-b2,aurc,1,-2.2909,3.1585,5,3
proposed-minus-b2,aurc,2,-2.4104,3.4250,5,4
proposed-minus-b2,aurc,3,-2.6276,4.1800,5,4
proposed-minus-b2,aurc,4,-3.6177,4.5342,5,3
proposed-minus-b2,aurc,5,-4.1771,5.7501,5,3
proposed-minus-b2,aurc,6,-8.6051,4.7740,5,5
proposed-minus-b2,augrc,0,-1.0778,1.7662,5,3
proposed-minus-b2,augrc,1,-1.1519,1.9845,5,3
proposed-minus-b2,augrc,2,-1.2682,2.1278,5,4
proposed-minus-b2,augrc,3,-1.3560,2.4816,5,4
proposed-minus-b2,augrc,4,-2.0138,2.4369,5,3
proposed-minus-b2,augrc,5,-2.3270,2.7450,5,4
proposed-minus-b2,augrc,6,-4.2707,1.6767,5,5
proposed-minus-b2,auroc,0,3.2855,5.4841,5,4
proposed-minus-b2,auroc,1,2.8462,4.6912,5,4
proposed-minus-b2,auroc,2,2.5330,4.1513,5,4
proposed-minus-b2,auroc,3,2.4927,4.0011,5,4
proposed-minus-b2,auroc,4,2.7591,3.5743,5,3
proposed-minus-b2,auroc,5,2.8125,4.2378,5,3
proposed-minus-b2,auroc,6,4.8014,3.2032,5,5
proposed-minus-b2,acc,0,1.8231,4.2324,5,3
proposed-minus-b2,acc,1,2.0391,4.5593,5,3
proposed-minus-b2,acc,2,2.1572,4.4349,5,4
proposed-minus-b2,acc,3,2.2013,4.8269,5,4
proposed-minus-b2,acc,4,3.4977,4.1556,5,3
proposed-minus-b2,acc,5,3.5796,4.0576,5,3
proposed-minus-b2,acc,6,6.1686,1.9197,5,5
proposed-minus-b2,plugin_coverage,0,8.0655,21.2879,5,
proposed-minus-b2,plugin_coverage,1,8.9384,20.1141,5,
proposed-minus-b2,plugin_coverage,2,11.2927,16.3193,5,
proposed-minus-b2,plugin_coverage,3,8.5698,11.9925,5,
proposed-minus-b2,plugin_coverage,4,9.0913,5.9250,5,
proposed-minus-b2,plugin_coverage,5,5.1009,6.2352,5,
proposed-minus-b2,plugin_coverage,6,1.6120,3.1674,5,
proposed-minus-b2,plugin_cond_risk,0,-2.3004,4.4835,5,
proposed-minus-b2,plugin_cond_risk,1,-1.9654,5.2686,5,
proposed-minus-b2,plugin_cond_risk,2,-1.9586,4.9991,5,
proposed-minus-b2,plugin_cond_risk,3,-2.4652,5.5604,5,
proposed-minus-b2,plugin_cond_risk,4,-2.8062,4.5672,5,
proposed-minus-b2,plugin_cond_risk,5,1.2579,3.9479,4,
proposed-minus-b2,plugin_cond_risk,6,nan,nan,0,
proposed-minus-b2,mask_acc_worst,0,1.8231,4.2324,5,3
proposed-minus-b2,mask_acc_worst,1,2.1644,3.8178,5,4
proposed-minus-b2,mask_acc_worst,2,2.1577,6.0481,5,4
proposed-minus-b2,mask_acc_worst,3,3.5711,5.8419,5,3
proposed-minus-b2,mask_acc_worst,4,6.2657,6.5452,5,4
proposed-minus-b2,mask_acc_worst,5,-0.6135,7.5189,5,2
proposed-minus-b2,mask_acc_worst,6,2.0309,10.8122,5,2
proposed-minus-b2,cls_cov_min,0,-20.1136,23.0106,5,1
proposed-minus-b2,cls_cov_min,1,-9.3996,17.9238,5,2
proposed-minus-b2,cls_cov_min,2,-8.0997,10.0375,5,1
proposed-minus-b2,cls_cov_min,3,-6.3433,9.1754,5,1
proposed-minus-b2,cls_cov_min,4,-8.9393,5.6195,5,0
proposed-minus-b2,cls_cov_min,5,-3.1464,7.0615,5,2
proposed-minus-b2,cls_cov_min,6,4.4022,6.2167,5,4
