arm,kernel,width,receptive_field,params,state,model_seed,split_seed,joint,coverage
k1,1,32,1,3876,clean,0,0,9.14576923076923,68.19166666666666
k1,1,32,1,3876,clean,0,1,8.472179487179485,68.00615384615384
k1,1,32,1,3876,clean,0,2,7.12807692307692,65.32384615384615
k1,1,32,1,3876,clean,0,3,9.1074358974359,70.39474358974361
k1,1,32,1,3876,clean,0,4,7.592051282051281,62.714358974358966
k1,1,32,1,3876,clean,0,5,7.337499999999999,62.94608974358976
k1,1,32,1,3876,clean,0,6,8.66576923076923,66.47294871794874
k1,1,32,1,3876,clean,0,7,5.750897435897436,62.422179487179484
k1,1,32,1,3876,clean,0,8,9.027179487179488,67.69884615384613
k1,1,32,1,3876,clean,0,9,9.965384615384616,67.67653846153847
k1,1,32,1,3876,clean,1,0,9.45525641025641,66.8053846153846
k1,1,32,1,3876,clean,1,1,8.527820512820512,67.36230769230772
k1,1,32,1,3876,clean,1,2,7.5533333333333355,66.96282051282047
k1,1,32,1,3876,clean,1,3,9.268846153846157,68.73897435897437
k1,1,32,1,3876,clean,1,4,7.541794871794874,61.67551282051282
k1,1,32,1,3876,clean,1,5,7.7767307692307694,64.27115384615384
k1,1,32,1,3876,clean,1,6,9.356666666666666,69.62192307692307
k1,1,32,1,3876,clean,1,7,4.956153846153845,59.88897435897436
k1,1,32,1,3876,clean,1,8,8.190897435897437,68.49230769230769
k1,1,32,1,3876,clean,1,9,10.475512820512819,69.33461538461538
k1,1,32,1,3876,clean,2,0,9.290769230769229,64.47141025641028
k1,1,32,1,3876,clean,2,1,9.827307692307688,68.31692307692308
k1,1,32,1,3876,clean,2,2,6.597820512820514,62.216153846153844
k1,1,32,1,3876,clean,2,3,10.212307692307695,70.22346153846158
k1,1,32,1,3876,clean,2,4,9.587435897435894,65.45679487179486
k1,1,32,1,3876,clean,2,5,6.23179487179487,57.81307692307694
k1,1,32,1,3876,clean,2,6,9.728589743589742,67.23384615384613
k1,1,32,1,3876,clean,2,7,5.312435897435895,57.53307692307694
k1,1,32,1,3876,clean,2,8,7.434230769230769,63.012051282051296
k1,1,32,1,3876,clean,2,9,9.550384615384617,67.40153846153848
k1,1,32,1,3876,clean,3,0,9.591923076923074,66.8148717948718
k1,1,32,1,3876,clean,3,1,6.935641025641025,62.18384615384613
k1,1,32,1,3876,clean,3,2,5.201282051282051,61.02858974358975
k1,1,32,1,3876,clean,3,3,9.66910256410256,68.94769230769231
k1,1,32,1,3876,clean,3,4,9.111153846153847,64.68999999999996
k1,1,32,1,3876,clean,3,5,7.192435897435895,61.47410256410255
k1,1,32,1,3876,clean,3,6,7.69128205128205,64.68846153846152
k1,1,32,1,3876,clean,3,7,7.0530769230769215,62.727692307692294
k1,1,32,1,3876,clean,3,8,8.301153846153845,67.16935897435899
k1,1,32,1,3876,clean,3,9,9.747820512820514,65.35397435897436
k1,1,32,1,3876,clean,4,0,9.488461538461532,67.61076923076925
k1,1,32,1,3876,clean,4,1,7.9815384615384595,65.66948717948722
k1,1,32,1,3876,clean,4,2,6.281282051282052,63.21410256410256
k1,1,32,1,3876,clean,4,3,8.763076923076921,68.52884615384615
k1,1,32,1,3876,clean,4,4,7.672051282051284,61.56897435897437
k1,1,32,1,3876,clean,4,5,6.895256410256409,62.31147435897433
k1,1,32,1,3876,clean,4,6,8.802435897435899,67.61628205128206
k1,1,32,1,3876,clean,4,7,6.2487179487179505,63.498589743589726
k1,1,32,1,3876,clean,4,8,7.576666666666668,66.37538461538462
k1,1,32,1,3876,clean,4,9,9.03551282051282,66.52
k1,1,32,1,3876,L2A_src,0,0,22.570512820512818,88.88051282051282
k1,1,32,1,3876,L2A_src,0,1,19.99269230769231,87.3524358974359
k1,1,32,1,3876,L2A_src,0,2,18.51743589743589,86.6302564102564
k1,1,32,1,3876,L2A_src,0,3,20.6098717948718,89.4370512820513
k1,1,32,1,3876,L2A_src,0,4,19.78525641025641,86.48423076923078
k1,1,32,1,3876,L2A_src,0,5,18.428974358974358,86.39314102564101
k1,1,32,1,3876,L2A_src,0,6,19.602948717948713,88.48974358974358
k1,1,32,1,3876,L2A_src,0,7,21.2276923076923,89.50064102564104
k1,1,32,1,3876,L2A_src,0,8,20.675128205128203,89.25333333333333
k1,1,32,1,3876,L2A_src,0,9,23.820512820512814,88.25512820512819
k1,1,32,1,3876,L2A_src,1,0,21.191410256410254,82.94589743589744
k1,1,32,1,3876,L2A_src,1,1,18.866153846153846,83.5557692307692
k1,1,32,1,3876,L2A_src,1,2,17.187307692307698,82.29384615384616
k1,1,32,1,3876,L2A_src,1,3,20.467692307692307,87.60910256410259
k1,1,32,1,3876,L2A_src,1,4,18.72961538461539,81.90512820512824
k1,1,32,1,3876,L2A_src,1,5,17.776602564102564,82.33000000000001
k1,1,32,1,3876,L2A_src,1,6,19.54025641025641,86.1228205128205
k1,1,32,1,3876,L2A_src,1,7,19.257948717948718,83.84166666666665
k1,1,32,1,3876,L2A_src,1,8,19.28461538461539,86.25897435897436
k1,1,32,1,3876,L2A_src,1,9,24.141410256410257,85.78217948717946
k1,1,32,1,3876,L2A_src,2,0,20.87243589743589,84.61153846153847
k1,1,32,1,3876,L2A_src,2,1,21.149102564102567,88.2341025641026
k1,1,32,1,3876,L2A_src,2,2,16.10384615384616,83.92243589743589
k1,1,32,1,3876,L2A_src,2,3,21.798076923076927,90.06371794871795
k1,1,32,1,3876,L2A_src,2,4,20.300641025641028,85.22794871794872
k1,1,32,1,3876,L2A_src,2,5,15.559294871794869,80.86115384615387
k1,1,32,1,3876,L2A_src,2,6,19.55230769230769,87.54756410256414
k1,1,32,1,3876,L2A_src,2,7,17.410641025641024,82.36500000000001
k1,1,32,1,3876,L2A_src,2,8,17.929230769230777,85.51987179487179
k1,1,32,1,3876,L2A_src,2,9,24.622435897435896,87.50089743589743
k1,1,32,1,3876,L2A_src,3,0,24.584743589743585,89.13269230769231
k1,1,32,1,3876,L2A_src,3,1,21.198974358974358,87.89987179487177
k1,1,32,1,3876,L2A_src,3,2,18.45756410256411,85.75269230769231
k1,1,32,1,3876,L2A_src,3,3,23.361923076923073,91.33192307692309
k1,1,32,1,3876,L2A_src,3,4,22.983974358974365,89.91153846153843
k1,1,32,1,3876,L2A_src,3,5,21.151730769230763,90.33935897435897
k1,1,32,1,3876,L2A_src,3,6,20.43948717948718,88.06653846153844
k1,1,32,1,3876,L2A_src,3,7,23.239615384615377,89.56115384615387
k1,1,32,1,3876,L2A_src,3,8,22.04474358974359,90.37474358974357
k1,1,32,1,3876,L2A_src,3,9,26.83602564102563,91.16910256410259
k1,1,32,1,3876,L2A_src,4,0,20.939743589743586,82.61089743589743
k1,1,32,1,3876,L2A_src,4,1,18.980256410256406,83.73589743589743
k1,1,32,1,3876,L2A_src,4,2,16.85025641025641,82.20410256410254
k1,1,32,1,3876,L2A_src,4,3,21.484102564102574,87.19153846153847
k1,1,32,1,3876,L2A_src,4,4,19.87410256410257,81.58782051282051
k1,1,32,1,3876,L2A_src,4,5,17.663717948717956,82.23653846153847
k1,1,32,1,3876,L2A_src,4,6,19.255128205128205,85.0694871794872
k1,1,32,1,3876,L2A_src,4,7,20.367435897435897,84.08217948717953
k1,1,32,1,3876,L2A_src,4,8,19.970384615384614,86.2269230769231
k1,1,32,1,3876,L2A_src,4,9,23.26833333333333,84.46384615384616
k1,1,32,1,3876,L2A_prod,0,0,9.10320512820513,68.76102564102565
k1,1,32,1,3876,L2A_prod,0,1,8.420128205128211,69.64371794871792
k1,1,32,1,3876,L2A_prod,0,2,7.132948717948717,68.62141025641026
k1,1,32,1,3876,L2A_prod,0,3,10.069487179487174,73.57410256410255
k1,1,32,1,3876,L2A_prod,0,4,9.324230769230768,67.83923076923078
k1,1,32,1,3876,L2A_prod,0,5,7.853397435897434,66.89294871794868
k1,1,32,1,3876,L2A_prod,0,6,9.548846153846156,70.30487179487177
k1,1,32,1,3876,L2A_prod,0,7,7.063717948717946,63.53833333333332
k1,1,32,1,3876,L2A_prod,0,8,9.51525641025641,70.50461538461538
k1,1,32,1,3876,L2A_prod,0,9,10.768717948717953,70.18512820512822
k1,1,32,1,3876,L2A_prod,1,0,10.62589743589744,69.82717948717946
k1,1,32,1,3876,L2A_prod,1,1,9.130256410256408,70.84179487179489
k1,1,32,1,3876,L2A_prod,1,2,7.663974358974358,69.83820512820512
k1,1,32,1,3876,L2A_prod,1,3,12.027820512820512,74.04179487179489
k1,1,32,1,3876,L2A_prod,1,4,10.035128205128206,67.47294871794871
k1,1,32,1,3876,L2A_prod,1,5,8.59230769230769,67.99685897435899
k1,1,32,1,3876,L2A_prod,1,6,11.103846153846156,75.25102564102563
k1,1,32,1,3876,L2A_prod,1,7,8.20371794871795,67.55128205128209
k1,1,32,1,3876,L2A_prod,1,8,9.934615384615384,73.38807692307692
k1,1,32,1,3876,L2A_prod,1,9,12.89641025641025,72.45833333333334
k1,1,32,1,3876,L2A_prod,2,0,8.648974358974359,64.3475641025641
k1,1,32,1,3876,L2A_prod,2,1,9.460512820512823,68.40358974358972
k1,1,32,1,3876,L2A_prod,2,2,6.3071794871794875,63.98256410256412
k1,1,32,1,3876,L2A_prod,2,3,11.206666666666667,71.27153846153847
k1,1,32,1,3876,L2A_prod,2,4,10.614487179487178,66.23435897435897
k1,1,32,1,3876,L2A_prod,2,5,7.056538461538462,59.734807692307676
k1,1,32,1,3876,L2A_prod,2,6,9.680128205128206,69.17115384615384
k1,1,32,1,3876,L2A_prod,2,7,6.28179487179487,59.16987179487179
k1,1,32,1,3876,L2A_prod,2,8,7.96782051282051,64.86576923076922
k1,1,32,1,3876,L2A_prod,2,9,10.043846153846152,67.04487179487177
k1,1,32,1,3876,L2A_prod,3,0,10.024615384615384,69.11666666666669
k1,1,32,1,3876,L2A_prod,3,1,7.837307692307693,67.27423076923074
k1,1,32,1,3876,L2A_prod,3,2,6.367692307692306,65.57282051282051
k1,1,32,1,3876,L2A_prod,3,3,10.78807692307692,72.97910256410255
k1,1,32,1,3876,L2A_prod,3,4,10.367179487179486,67.13076923076925
k1,1,32,1,3876,L2A_prod,3,5,7.546666666666667,65.6298717948718
k1,1,32,1,3876,L2A_prod,3,6,9.397564102564099,70.51141025641026
k1,1,32,1,3876,L2A_prod,3,7,8.338589743589743,67.08358974358973
k1,1,32,1,3876,L2A_prod,3,8,8.99269230769231,70.4734615384615
k1,1,32,1,3876,L2A_prod,3,9,10.510256410256414,68.34858974358976
k1,1,32,1,3876,L2A_prod,4,0,9.70974358974359,68.1707692307692
k1,1,32,1,3876,L2A_prod,4,1,8.469102564102563,69.08217948717947
k1,1,32,1,3876,L2A_prod,4,2,6.798717948717947,67.28730769230768
k1,1,32,1,3876,L2A_prod,4,3,10.47641025641026,72.12166666666666
k1,1,32,1,3876,L2A_prod,4,4,9.259871794871797,64.8457692307692
k1,1,32,1,3876,L2A_prod,4,5,7.573012820512819,65.5300641025641
k1,1,32,1,3876,L2A_prod,4,6,9.60858974358974,71.55153846153844
k1,1,32,1,3876,L2A_prod,4,7,8.634102564102566,67.7551282051282
k1,1,32,1,3876,L2A_prod,4,8,8.832948717948721,69.91256410256412
k1,1,32,1,3876,L2A_prod,4,9,10.366538461538465,68.42935897435899
k3,3,32,9,30756,clean,0,0,9.87525641025641,69.31102564102565
k3,3,32,9,30756,clean,0,1,7.435769230769229,66.30333333333334
k3,3,32,9,30756,clean,0,2,6.98102564102564,66.92717948717947
k3,3,32,9,30756,clean,0,3,10.745897435897435,71.20153846153846
k3,3,32,9,30756,clean,0,4,8.943333333333333,63.78807692307691
k3,3,32,9,30756,clean,0,5,6.603333333333332,60.425961538461536
k3,3,32,9,30756,clean,0,6,9.367307692307692,69.36474358974357
k3,3,32,9,30756,clean,0,7,7.1225641025641035,64.71948717948717
k3,3,32,9,30756,clean,0,8,7.554615384615381,67.84782051282055
k3,3,32,9,30756,clean,0,9,9.439999999999994,67.10333333333334
k3,3,32,9,30756,clean,1,0,9.94782051282051,60.56038461538464
k3,3,32,9,30756,clean,1,1,7.3205128205128185,58.04320512820511
k3,3,32,9,30756,clean,1,2,5.974102564102561,57.16000000000001
k3,3,32,9,30756,clean,1,3,9.803461538461539,59.74179487179486
k3,3,32,9,30756,clean,1,4,12.615897435897436,62.221153846153875
k3,3,32,9,30756,clean,1,5,6.656538461538459,53.29070512820512
k3,3,32,9,30756,clean,1,6,6.8525641025641,55.50474358974359
k3,3,32,9,30756,clean,1,7,6.589743589743591,55.670641025641046
k3,3,32,9,30756,clean,1,8,7.978461538461539,59.84897435897436
k3,3,32,9,30756,clean,1,9,9.974615384615387,59.214102564102554
k3,3,32,9,30756,clean,2,0,9.95025641025641,66.21615384615386
k3,3,32,9,30756,clean,2,1,6.088717948717946,63.38192307692307
k3,3,32,9,30756,clean,2,2,6.483461538461537,65.51858974358974
k3,3,32,9,30756,clean,2,3,11.525384615384615,68.06653846153847
k3,3,32,9,30756,clean,2,4,10.589102564102564,63.41500000000002
k3,3,32,9,30756,clean,2,5,7.8366666666666625,62.200705128205136
k3,3,32,9,30756,clean,2,6,8.20205128205128,67.27717948717951
k3,3,32,9,30756,clean,2,7,5.49833333333333,60.27
k3,3,32,9,30756,clean,2,8,7.101538461538459,64.57256410256413
k3,3,32,9,30756,clean,2,9,10.714999999999996,67.62397435897437
k3,3,32,9,30756,clean,3,0,10.096666666666668,68.28897435897436
k3,3,32,9,30756,clean,3,1,5.439102564102562,64.39153846153847
k3,3,32,9,30756,clean,3,2,7.400769230769234,69.80487179487176
k3,3,32,9,30756,clean,3,3,9.719999999999995,69.46397435897438
k3,3,32,9,30756,clean,3,4,8.716538461538459,67.38166666666665
k3,3,32,9,30756,clean,3,5,7.109230769230768,64.25442307692303
k3,3,32,9,30756,clean,3,6,7.412435897435897,68.46935897435901
k3,3,32,9,30756,clean,3,7,9.228589743589747,71.38935897435898
k3,3,32,9,30756,clean,3,8,9.182435897435898,71.96602564102564
k3,3,32,9,30756,clean,3,9,8.545128205128204,64.19358974358974
k3,3,32,9,30756,clean,4,0,9.004230769230766,68.13923076923078
k3,3,32,9,30756,clean,4,1,9.165128205128203,70.0052564102564
k3,3,32,9,30756,clean,4,2,8.547435897435896,71.7478205128205
k3,3,32,9,30756,clean,4,3,9.782307692307693,70.81102564102564
k3,3,32,9,30756,clean,4,4,8.129230769230766,61.9633333333333
k3,3,32,9,30756,clean,4,5,7.443589743589743,65.58198717948719
k3,3,32,9,30756,clean,4,6,10.213589743589743,72.49910256410257
k3,3,32,9,30756,clean,4,7,5.203974358974358,59.9723076923077
k3,3,32,9,30756,clean,4,8,6.420384615384614,65.4424358974359
k3,3,32,9,30756,clean,4,9,10.246410256410254,70.3229487179487
k3,3,32,9,30756,L2A_src,0,0,18.84282051282051,82.03358974358976
k3,3,32,9,30756,L2A_src,0,1,16.78064102564103,82.49961538461537
k3,3,32,9,30756,L2A_src,0,2,14.020897435897433,81.23282051282052
k3,3,32,9,30756,L2A_src,0,3,22.88615384615385,89.44435897435898
k3,3,32,9,30756,L2A_src,0,4,18.538333333333323,81.69743589743591
k3,3,32,9,30756,L2A_src,0,5,15.95282051282052,79.57839743589743
k3,3,32,9,30756,L2A_src,0,6,16.00346153846153,83.30794871794873
k3,3,32,9,30756,L2A_src,0,7,17.779230769230768,82.79653846153845
k3,3,32,9,30756,L2A_src,0,8,16.354358974358977,83.68410256410253
k3,3,32,9,30756,L2A_src,0,9,23.658717948717957,85.92307692307693
k3,3,32,9,30756,L2A_src,1,0,22.59064102564102,86.78128205128208
k3,3,32,9,30756,L2A_src,1,1,19.109230769230763,86.35153846153844
k3,3,32,9,30756,L2A_src,1,2,16.93243589743589,85.82474358974358
k3,3,32,9,30756,L2A_src,1,3,24.27974358974359,89.84679487179486
k3,3,32,9,30756,L2A_src,1,4,24.468333333333327,89.0674358974359
k3,3,32,9,30756,L2A_src,1,5,19.470705128205136,84.60583333333334
k3,3,32,9,30756,L2A_src,1,6,17.61423076923077,85.85192307692307
k3,3,32,9,30756,L2A_src,1,7,20.28538461538461,86.7124358974359
k3,3,32,9,30756,L2A_src,1,8,19.503974358974364,88.08743589743588
k3,3,32,9,30756,L2A_src,1,9,25.6874358974359,88.0847435897436
k3,3,32,9,30756,L2A_src,2,0,20.757564102564103,84.84653846153844
k3,3,32,9,30756,L2A_src,2,1,16.112051282051276,83.42910256410258
k3,3,32,9,30756,L2A_src,2,2,16.10410256410257,84.59115384615386
k3,3,32,9,30756,L2A_src,2,3,20.033974358974366,88.1975641025641
k3,3,32,9,30756,L2A_src,2,4,17.664871794871804,82.92910256410256
k3,3,32,9,30756,L2A_src,2,5,16.39961538461538,83.21820512820516
k3,3,32,9,30756,L2A_src,2,6,18.039358974358972,87.18089743589744
k3,3,32,9,30756,L2A_src,2,7,18.896538461538466,85.84192307692308
k3,3,32,9,30756,L2A_src,2,8,17.892307692307686,86.11358974358974
k3,3,32,9,30756,L2A_src,2,9,22.348974358974353,85.59038461538461
k3,3,32,9,30756,L2A_src,3,0,23.568974358974355,89.6429487179487
k3,3,32,9,30756,L2A_src,3,1,19.007692307692313,86.74551282051281
k3,3,32,9,30756,L2A_src,3,2,18.545128205128215,88.67769230769233
k3,3,32,9,30756,L2A_src,3,3,21.726025641025647,90.89961538461539
k3,3,32,9,30756,L2A_src,3,4,21.52769230769231,89.73641025641027
k3,3,32,9,30756,L2A_src,3,5,19.017884615384613,89.2541666666667
k3,3,32,9,30756,L2A_src,3,6,18.922307692307694,88.67615384615382
k3,3,32,9,30756,L2A_src,3,7,22.4598717948718,92.72551282051285
k3,3,32,9,30756,L2A_src,3,8,20.805512820512817,91.19615384615386
k3,3,32,9,30756,L2A_src,3,9,24.00038461538462,89.20602564102566
k3,3,32,9,30756,L2A_src,4,0,22.727820512820518,88.36166666666668
k3,3,32,9,30756,L2A_src,4,1,21.09051282051282,89.70153846153846
k3,3,32,9,30756,L2A_src,4,2,19.304102564102568,89.27923076923078
k3,3,32,9,30756,L2A_src,4,3,21.61730769230768,91.71858974358972
k3,3,32,9,30756,L2A_src,4,4,19.870128205128207,87.42410256410257
k3,3,32,9,30756,L2A_src,4,5,18.276794871794873,87.3351923076923
k3,3,32,9,30756,L2A_src,4,6,21.805,92.38756410256408
k3,3,32,9,30756,L2A_src,4,7,18.94948717948718,85.9124358974359
k3,3,32,9,30756,L2A_src,4,8,19.068461538461538,88.65961538461536
k3,3,32,9,30756,L2A_src,4,9,23.573846153846155,89.3894871794872
k3,3,32,9,30756,L2A_prod,0,0,10.78897435897436,71.74551282051281
k3,3,32,9,30756,L2A_prod,0,1,8.025897435897436,70.11371794871795
k3,3,32,9,30756,L2A_prod,0,2,8.280641025641025,71.80282051282049
k3,3,32,9,30756,L2A_prod,0,3,12.045384615384615,75.52769230769232
k3,3,32,9,30756,L2A_prod,0,4,10.359615384615383,68.5019230769231
k3,3,32,9,30756,L2A_prod,0,5,8.15564102564103,66.5225
k3,3,32,9,30756,L2A_prod,0,6,10.134230769230765,74.39141025641023
k3,3,32,9,30756,L2A_prod,0,7,9.654871794871795,70.26923076923076
k3,3,32,9,30756,L2A_prod,0,8,8.459487179487184,71.55923076923072
k3,3,32,9,30756,L2A_prod,0,9,11.662435897435897,71.96743589743585
k3,3,32,9,30756,L2A_prod,1,0,9.186025641025639,59.76730769230771
k3,3,32,9,30756,L2A_prod,1,1,7.504487179487178,59.76012820512822
k3,3,32,9,30756,L2A_prod,1,2,6.4298717948717945,59.46999999999998
k3,3,32,9,30756,L2A_prod,1,3,10.119230769230766,62.89794871794873
k3,3,32,9,30756,L2A_prod,1,4,11.466923076923074,63.04128205128205
k3,3,32,9,30756,L2A_prod,1,5,6.841923076923079,54.97615384615388
k3,3,32,9,30756,L2A_prod,1,6,7.5311538461538445,57.992564102564124
k3,3,32,9,30756,L2A_prod,1,7,7.213461538461539,57.19384615384616
k3,3,32,9,30756,L2A_prod,1,8,8.106410256410255,60.69423076923077
k3,3,32,9,30756,L2A_prod,1,9,9.906025641025643,60.130384615384614
k3,3,32,9,30756,L2A_prod,2,0,12.631410256410259,71.21205128205128
k3,3,32,9,30756,L2A_prod,2,1,8.297435897435895,68.93012820512823
k3,3,32,9,30756,L2A_prod,2,2,8.14025641025641,70.3397435897436
k3,3,32,9,30756,L2A_prod,2,3,13.501410256410248,73.05192307692306
k3,3,32,9,30756,L2A_prod,2,4,13.492307692307692,69.55435897435896
k3,3,32,9,30756,L2A_prod,2,5,9.763910256410258,67.58935897435894
k3,3,32,9,30756,L2A_prod,2,6,10.079102564102564,72.92897435897436
k3,3,32,9,30756,L2A_prod,2,7,9.056538461538462,66.87333333333333
k3,3,32,9,30756,L2A_prod,2,8,8.507307692307691,69.40115384615383
k3,3,32,9,30756,L2A_prod,2,9,12.850256410256408,71.92833333333334
k3,3,32,9,30756,L2A_prod,3,0,11.585641025641026,71.39589743589745
k3,3,32,9,30756,L2A_prod,3,1,6.860769230769232,68.35128205128204
k3,3,32,9,30756,L2A_prod,3,2,8.613076923076921,72.86935897435896
k3,3,32,9,30756,L2A_prod,3,3,11.263589743589744,73.81128205128206
k3,3,32,9,30756,L2A_prod,3,4,10.28833333333333,69.83333333333336
k3,3,32,9,30756,L2A_prod,3,5,7.676730769230768,67.73916666666668
k3,3,32,9,30756,L2A_prod,3,6,8.911025641025642,73.27871794871795
k3,3,32,9,30756,L2A_prod,3,7,11.15884615384615,73.88833333333335
k3,3,32,9,30756,L2A_prod,3,8,9.825897435897433,74.51115384615385
k3,3,32,9,30756,L2A_prod,3,9,10.581410256410253,68.46102564102561
k3,3,32,9,30756,L2A_prod,4,0,9.68705128205128,70.42128205128205
k3,3,32,9,30756,L2A_prod,4,1,9.087692307692306,72.41705128205128
k3,3,32,9,30756,L2A_prod,4,2,8.675512820512825,74.41615384615385
k3,3,32,9,30756,L2A_prod,4,3,11.366410256410257,75.70320512820513
k3,3,32,9,30756,L2A_prod,4,4,9.00320512820513,65.93756410256411
k3,3,32,9,30756,L2A_prod,4,5,8.794615384615387,70.11205128205127
k3,3,32,9,30756,L2A_prod,4,6,10.218205128205128,75.64076923076924
k3,3,32,9,30756,L2A_prod,4,7,7.401282051282054,64.61448717948718
k3,3,32,9,30756,L2A_prod,4,8,7.114615384615383,68.73141025641026
k3,3,32,9,30756,L2A_prod,4,9,12.00666666666667,73.82641025641028
k5,5,32,17,84516,clean,0,0,7.2230769230769205,59.37307692307693
k5,5,32,17,84516,clean,0,1,8.712435897435897,66.82833333333335
k5,5,32,17,84516,clean,0,2,6.924487179487178,64.05141025641025
k5,5,32,17,84516,clean,0,3,8.258205128205129,64.6242307692308
k5,5,32,17,84516,clean,0,4,8.40282051282051,59.174743589743585
k5,5,32,17,84516,clean,0,5,6.630897435897437,62.28532051282052
k5,5,32,17,84516,clean,0,6,8.935128205128203,68.68999999999997
k5,5,32,17,84516,clean,0,7,6.6083333333333325,59.24756410256411
k5,5,32,17,84516,clean,0,8,5.804358974358973,60.26679487179485
k5,5,32,17,84516,clean,0,9,8.417307692307693,65.56948717948718
k5,5,32,17,84516,clean,1,0,9.806410256410253,57.12153846153847
k5,5,32,17,84516,clean,1,1,8.455128205128203,60.89346153846156
k5,5,32,17,84516,clean,1,2,6.184871794871795,57.628717948717934
k5,5,32,17,84516,clean,1,3,10.640128205128205,63.98089743589743
k5,5,32,17,84516,clean,1,4,10.044230769230769,58.80294871794868
k5,5,32,17,84516,clean,1,5,6.607756410256409,53.49961538461538
k5,5,32,17,84516,clean,1,6,7.787051282051277,58.330512820512816
k5,5,32,17,84516,clean,1,7,7.039487179487175,58.47371794871794
k5,5,32,17,84516,clean,1,8,7.684358974358975,58.60615384615385
k5,5,32,17,84516,clean,1,9,10.577051282051281,62.40141025641027
k5,5,32,17,84516,clean,2,0,7.952948717948718,65.05141025641025
k5,5,32,17,84516,clean,2,1,5.722692307692306,64.08166666666666
k5,5,32,17,84516,clean,2,2,5.895512820512819,65.2151282051282
k5,5,32,17,84516,clean,2,3,9.912179487179488,69.2228205128205
k5,5,32,17,84516,clean,2,4,8.699871794871795,66.89410256410255
k5,5,32,17,84516,clean,2,5,7.462628205128205,65.51820512820514
k5,5,32,17,84516,clean,2,6,7.471923076923074,68.00448717948717
k5,5,32,17,84516,clean,2,7,8.072692307692305,69.09051282051281
k5,5,32,17,84516,clean,2,8,7.990256410256409,68.52217948717951
k5,5,32,17,84516,clean,2,9,11.567179487179487,69.72371794871795
k5,5,32,17,84516,clean,3,0,11.522435897435896,68.88499999999998
k5,5,32,17,84516,clean,3,1,6.057435897435898,62.55448717948716
k5,5,32,17,84516,clean,3,2,7.4870512820512785,66.74307692307688
k5,5,32,17,84516,clean,3,3,9.331923076923076,66.85961538461537
k5,5,32,17,84516,clean,3,4,9.28371794871795,62.96384615384615
k5,5,32,17,84516,clean,3,5,8.541538461538462,62.85346153846153
k5,5,32,17,84516,clean,3,6,7.154230769230768,64.93115384615385
k5,5,32,17,84516,clean,3,7,8.163846153846153,64.88628205128207
k5,5,32,17,84516,clean,3,8,8.744871794871797,68.8419230769231
k5,5,32,17,84516,clean,3,9,10.638461538461543,65.51846153846154
k5,5,32,17,84516,clean,4,0,9.473846153846154,69.51435897435898
k5,5,32,17,84516,clean,4,1,8.677948717948718,70.33858974358974
k5,5,32,17,84516,clean,4,2,7.971025641025642,70.55615384615382
k5,5,32,17,84516,clean,4,3,9.587307692307693,72.39243589743592
k5,5,32,17,84516,clean,4,4,8.978717948717948,69.16192307692309
k5,5,32,17,84516,clean,4,5,8.302179487179489,69.51493589743589
k5,5,32,17,84516,clean,4,6,9.288333333333334,72.39500000000001
k5,5,32,17,84516,clean,4,7,6.103974358974358,65.71743589743589
k5,5,32,17,84516,clean,4,8,9.101410256410256,73.78705128205128
k5,5,32,17,84516,clean,4,9,9.600384615384613,69.17923076923077
k5,5,32,17,84516,L2A_src,0,0,20.852435897435893,83.33641025641026
k5,5,32,17,84516,L2A_src,0,1,20.348461538461528,87.77871794871795
k5,5,32,17,84516,L2A_src,0,2,14.80346153846154,81.79858974358972
k5,5,32,17,84516,L2A_src,0,3,21.05038461538461,86.12551282051282
k5,5,32,17,84516,L2A_src,0,4,21.969743589743597,83.7947435897436
k5,5,32,17,84516,L2A_src,0,5,19.080961538461548,84.44532051282053
k5,5,32,17,84516,L2A_src,0,6,18.899102564102563,87.50320512820514
k5,5,32,17,84516,L2A_src,0,7,17.98935897435898,82.92435897435895
k5,5,32,17,84516,L2A_src,0,8,15.979102564102565,83.1908974358974
k5,5,32,17,84516,L2A_src,0,9,23.614615384615384,87.3491025641026
k5,5,32,17,84516,L2A_src,1,0,18.577564102564107,81.53641025641024
k5,5,32,17,84516,L2A_src,1,1,16.81397435897436,83.86807692307694
k5,5,32,17,84516,L2A_src,1,2,14.012051282051283,81.75705128205128
k5,5,32,17,84516,L2A_src,1,3,19.079871794871796,87.87448717948716
k5,5,32,17,84516,L2A_src,1,4,16.918205128205123,82.17602564102562
k5,5,32,17,84516,L2A_src,1,5,14.01608974358974,77.6830128205128
k5,5,32,17,84516,L2A_src,1,6,15.513717948717945,83.00423076923077
k5,5,32,17,84516,L2A_src,1,7,17.138846153846153,83.88692307692305
k5,5,32,17,84516,L2A_src,1,8,15.367435897435893,82.51269230769229
k5,5,32,17,84516,L2A_src,1,9,21.947051282051284,87.22576923076923
k5,5,32,17,84516,L2A_src,2,0,17.333717948717954,79.30397435897433
k5,5,32,17,84516,L2A_src,2,1,14.209743589743596,79.2451282051282
k5,5,32,17,84516,L2A_src,2,2,13.053717948717944,79.88833333333332
k5,5,32,17,84516,L2A_src,2,3,18.155000000000005,83.56858974358978
k5,5,32,17,84516,L2A_src,2,4,15.678205128205128,79.48743589743589
k5,5,32,17,84516,L2A_src,2,5,14.56205128205128,79.5098717948718
k5,5,32,17,84516,L2A_src,2,6,14.10576923076923,81.34666666666668
k5,5,32,17,84516,L2A_src,2,7,17.000256410256405,82.36064102564103
k5,5,32,17,84516,L2A_src,2,8,15.105256410256407,82.77064102564103
k5,5,32,17,84516,L2A_src,2,9,20.651794871794877,83.99448717948717
k5,5,32,17,84516,L2A_src,3,0,20.15192307692308,82.3728205128205
k5,5,32,17,84516,L2A_src,3,1,14.973205128205121,79.2230769230769
k5,5,32,17,84516,L2A_src,3,2,14.847307692307693,81.15397435897435
k5,5,32,17,84516,L2A_src,3,3,18.65910256410257,85.40012820512823
k5,5,32,17,84516,L2A_src,3,4,17.096666666666664,81.22948717948718
k5,5,32,17,84516,L2A_src,3,5,15.611666666666665,79.49833333333332
k5,5,32,17,84516,L2A_src,3,6,16.03115384615385,82.24602564102565
k5,5,32,17,84516,L2A_src,3,7,18.342948717948726,83.87371794871792
k5,5,32,17,84516,L2A_src,3,8,17.551666666666666,84.9648717948718
k5,5,32,17,84516,L2A_src,3,9,20.816538461538467,82.29820512820513
k5,5,32,17,84516,L2A_src,4,0,21.29230769230769,86.17435897435898
k5,5,32,17,84516,L2A_src,4,1,19.01897435897437,88.01461538461537
k5,5,32,17,84516,L2A_src,4,2,17.198974358974358,87.16153846153844
k5,5,32,17,84516,L2A_src,4,3,20.115256410256407,90.23884615384614
k5,5,32,17,84516,L2A_src,4,4,19.187435897435897,87.97666666666666
k5,5,32,17,84516,L2A_src,4,5,17.859358974358976,88.3446794871795
k5,5,32,17,84516,L2A_src,4,6,19.231282051282047,89.13435897435895
k5,5,32,17,84516,L2A_src,4,7,18.921153846153853,86.11538461538461
k5,5,32,17,84516,L2A_src,4,8,19.382948717948718,90.42935897435898
k5,5,32,17,84516,L2A_src,4,9,22.516538461538463,87.58474358974352
k5,5,32,17,84516,L2A_prod,0,0,7.252564102564102,62.64794871794868
k5,5,32,17,84516,L2A_prod,0,1,8.813205128205123,70.67269230769232
k5,5,32,17,84516,L2A_prod,0,2,6.53705128205128,65.91128205128207
k5,5,32,17,84516,L2A_prod,0,3,9.01051282051282,68.79897435897432
k5,5,32,17,84516,L2A_prod,0,4,9.78820512820513,64.66320512820512
k5,5,32,17,84516,L2A_prod,0,5,7.0610256410256405,64.50230769230771
k5,5,32,17,84516,L2A_prod,0,6,8.62974358974359,71.23346153846157
k5,5,32,17,84516,L2A_prod,0,7,6.422307692307689,61.06705128205129
k5,5,32,17,84516,L2A_prod,0,8,5.948717948717948,62.41
k5,5,32,17,84516,L2A_prod,0,9,9.289871794871791,68.57538461538459
k5,5,32,17,84516,L2A_prod,1,0,9.074615384615381,57.26076923076925
k5,5,32,17,84516,L2A_prod,1,1,8.145256410256408,62.310384615384606
k5,5,32,17,84516,L2A_prod,1,2,6.135897435897435,58.425384615384615
k5,5,32,17,84516,L2A_prod,1,3,10.77179487179487,66.19294871794872
k5,5,32,17,84516,L2A_prod,1,4,10.548589743589742,61.28871794871794
k5,5,32,17,84516,L2A_prod,1,5,6.9123717948717935,55.055384615384604
k5,5,32,17,84516,L2A_prod,1,6,7.715128205128201,59.759743589743586
k5,5,32,17,84516,L2A_prod,1,7,7.905769230769227,60.55166666666666
k5,5,32,17,84516,L2A_prod,1,8,7.75397435897436,59.91358974358975
k5,5,32,17,84516,L2A_prod,1,9,10.882435897435897,63.66282051282052
k5,5,32,17,84516,L2A_prod,2,0,9.321923076923074,68.49564102564102
k5,5,32,17,84516,L2A_prod,2,1,6.9271794871794885,69.02897435897435
k5,5,32,17,84516,L2A_prod,2,2,7.101923076923076,69.15846153846154
k5,5,32,17,84516,L2A_prod,2,3,10.53423076923077,73.56397435897438
k5,5,32,17,84516,L2A_prod,2,4,9.85846153846154,71.56153846153845
k5,5,32,17,84516,L2A_prod,2,5,7.993397435897441,70.09647435897438
k5,5,32,17,84516,L2A_prod,2,6,8.526794871794872,72.4853846153846
k5,5,32,17,84516,L2A_prod,2,7,9.52730769230769,73.21089743589742
k5,5,32,17,84516,L2A_prod,2,8,8.396025641025645,72.11910256410255
k5,5,32,17,84516,L2A_prod,2,9,12.596025641025637,73.2071794871795
k5,5,32,17,84516,L2A_prod,3,0,13.029743589743589,72.42346153846152
k5,5,32,17,84516,L2A_prod,3,1,7.794743589743591,68.3201282051282
k5,5,32,17,84516,L2A_prod,3,2,8.468205128205128,71.41256410256412
k5,5,32,17,84516,L2A_prod,3,3,11.346794871794872,72.0323076923077
k5,5,32,17,84516,L2A_prod,3,4,11.634487179487179,69.28115384615386
k5,5,32,17,84516,L2A_prod,3,5,9.557628205128204,68.05243589743588
k5,5,32,17,84516,L2A_prod,3,6,9.882820512820514,72.71512820512824
k5,5,32,17,84516,L2A_prod,3,7,10.718461538461538,71.37602564102568
k5,5,32,17,84516,L2A_prod,3,8,10.352307692307688,73.90858974358974
k5,5,32,17,84516,L2A_prod,3,9,13.184871794871796,70.76602564102562
k5,5,32,17,84516,L2A_prod,4,0,9.907179487179489,72.12141025641026
k5,5,32,17,84516,L2A_prod,4,1,8.755897435897435,73.63410256410255
k5,5,32,17,84516,L2A_prod,4,2,7.908076923076923,73.68358974358972
k5,5,32,17,84516,L2A_prod,4,3,10.285,75.86705128205129
k5,5,32,17,84516,L2A_prod,4,4,10.671666666666669,74.41641025641024
k5,5,32,17,84516,L2A_prod,4,5,8.515,72.78801282051279
k5,5,32,17,84516,L2A_prod,4,6,10.030256410256413,77.18525641025641
k5,5,32,17,84516,L2A_prod,4,7,7.8555128205128195,70.23615384615385
k5,5,32,17,84516,L2A_prod,4,8,9.67807692307692,76.73102564102565
k5,5,32,17,84516,L2A_prod,4,9,10.297692307692309,72.03358974358973
k7,7,32,25,165156,clean,0,0,10.109871794871792,69.899358974359
k7,7,32,25,165156,clean,0,1,8.439230769230772,69.35320512820515
k7,7,32,25,165156,clean,0,2,9.086538461538463,71.64346153846152
k7,7,32,25,165156,clean,0,3,10.05705128205128,72.99346153846152
k7,7,32,25,165156,clean,0,4,6.853589743589743,62.4026923076923
k7,7,32,25,165156,clean,0,5,8.225000000000001,66.87358974358976
k7,7,32,25,165156,clean,0,6,9.118461538461542,71.19153846153847
k7,7,32,25,165156,clean,0,7,6.6916666666666655,64.92602564102563
k7,7,32,25,165156,clean,0,8,8.184358974358972,71.46384615384618
k7,7,32,25,165156,clean,0,9,9.32448717948718,69.21089743589744
k7,7,32,25,165156,clean,1,0,10.188589743589745,63.170897435897444
k7,7,32,25,165156,clean,1,1,9.322820512820511,65.7424358974359
k7,7,32,25,165156,clean,1,2,7.371794871794866,63.842307692307685
k7,7,32,25,165156,clean,1,3,11.73371794871795,69.21371794871794
k7,7,32,25,165156,clean,1,4,10.44128205128205,64.19307692307693
k7,7,32,25,165156,clean,1,5,6.724679487179487,55.93032051282053
k7,7,32,25,165156,clean,1,6,8.982435897435895,65.08705128205128
k7,7,32,25,165156,clean,1,7,5.500641025641023,58.311282051282035
k7,7,32,25,165156,clean,1,8,8.030128205128204,63.72333333333333
k7,7,32,25,165156,clean,1,9,11.250641025641023,65.0475641025641
k7,7,32,25,165156,clean,2,0,9.1125641025641,65.00679487179485
k7,7,32,25,165156,clean,2,1,6.588846153846152,64.85910256410257
k7,7,32,25,165156,clean,2,2,5.152564102564102,62.62192307692309
k7,7,32,25,165156,clean,2,3,9.637948717948717,66.87435897435896
k7,7,32,25,165156,clean,2,4,9.285384615384611,65.3197435897436
k7,7,32,25,165156,clean,2,5,8.805512820512817,64.52416666666666
k7,7,32,25,165156,clean,2,6,8.191282051282052,66.9960256410256
k7,7,32,25,165156,clean,2,7,7.991410256410256,66.70525641025638
k7,7,32,25,165156,clean,2,8,9.76653846153846,71.07358974358976
k7,7,32,25,165156,clean,2,9,11.944358974358973,68.81846153846158
k7,7,32,25,165156,clean,3,0,9.362564102564104,67.02602564102564
k7,7,32,25,165156,clean,3,1,7.119102564102563,64.82064102564102
k7,7,32,25,165156,clean,3,2,8.461410256410257,69.15743589743589
k7,7,32,25,165156,clean,3,3,8.375512820512817,66.02666666666664
k7,7,32,25,165156,clean,3,4,9.174743589743594,63.88576923076924
k7,7,32,25,165156,clean,3,5,11.40647435897436,73.88339743589742
k7,7,32,25,165156,clean,3,6,7.699615384615384,66.28294871794874
k7,7,32,25,165156,clean,3,7,8.60025641025641,66.30692307692304
k7,7,32,25,165156,clean,3,8,10.374358974358975,74.78782051282053
k7,7,32,25,165156,clean,3,9,11.70141025641026,70.46102564102566
k7,7,32,25,165156,clean,4,0,11.35833333333333,70.69012820512822
k7,7,32,25,165156,clean,4,1,8.35602564102564,65.68564102564103
k7,7,32,25,165156,clean,4,2,9.486282051282052,69.07666666666663
k7,7,32,25,165156,clean,4,3,9.21,70.53692307692309
k7,7,32,25,165156,clean,4,4,6.966153846153844,59.479487179487165
k7,7,32,25,165156,clean,4,5,8.97570512820513,67.49423076923077
k7,7,32,25,165156,clean,4,6,8.236153846153844,66.55820512820509
k7,7,32,25,165156,clean,4,7,6.42897435897436,62.13794871794873
k7,7,32,25,165156,clean,4,8,9.445512820512821,72.83384615384617
k7,7,32,25,165156,clean,4,9,10.069230769230773,67.63666666666668
k7,7,32,25,165156,L2A_src,0,0,20.675641025641028,86.8321794871795
k7,7,32,25,165156,L2A_src,0,1,17.70666666666667,87.33192307692302
k7,7,32,25,165156,L2A_src,0,2,16.694743589743588,87.75256410256411
k7,7,32,25,165156,L2A_src,0,3,19.267564102564105,89.57833333333332
k7,7,32,25,165156,L2A_src,0,4,16.646282051282054,84.705
k7,7,32,25,165156,L2A_src,0,5,15.837243589743588,86.09570512820513
k7,7,32,25,165156,L2A_src,0,6,18.52923076923077,89.19692307692308
k7,7,32,25,165156,L2A_src,0,7,17.670128205128208,86.38461538461539
k7,7,32,25,165156,L2A_src,0,8,17.373717948717946,88.6328205128205
k7,7,32,25,165156,L2A_src,0,9,20.196794871794875,86.27371794871797
k7,7,32,25,165156,L2A_src,1,0,22.03423076923076,87.56653846153846
k7,7,32,25,165156,L2A_src,1,1,19.31179487179487,87.7576923076923
k7,7,32,25,165156,L2A_src,1,2,16.87115384615385,86.32179487179489
k7,7,32,25,165156,L2A_src,1,3,21.605384615384626,91.21782051282054
k7,7,32,25,165156,L2A_src,1,4,19.15115384615385,87.28692307692303
k7,7,32,25,165156,L2A_src,1,5,15.516153846153852,81.9951923076923
k7,7,32,25,165156,L2A_src,1,6,19.053589743589747,88.89897435897434
k7,7,32,25,165156,L2A_src,1,7,17.940384615384616,85.81794871794877
k7,7,32,25,165156,L2A_src,1,8,17.80320512820513,86.56602564102563
k7,7,32,25,165156,L2A_src,1,9,23.22628205128206,88.13615384615385
k7,7,32,25,165156,L2A_src,2,0,17.536538461538463,81.30589743589745
k7,7,32,25,165156,L2A_src,2,1,14.336025641025643,81.30051282051282
k7,7,32,25,165156,L2A_src,2,2,11.981153846153845,79.10961538461538
k7,7,32,25,165156,L2A_src,2,3,17.87769230769231,84.51307692307692
k7,7,32,25,165156,L2A_src,2,4,17.05166666666667,83.64807692307691
k7,7,32,25,165156,L2A_src,2,5,15.378205128205128,83.81217948717948
k7,7,32,25,165156,L2A_src,2,6,14.462435897435899,82.70192307692308
k7,7,32,25,165156,L2A_src,2,7,16.9951282051282,84.91935897435897
k7,7,32,25,165156,L2A_src,2,8,16.810641025641026,85.74820512820516
k7,7,32,25,165156,L2A_src,2,9,20.46807692307693,85.2447435897436
k7,7,32,25,165156,L2A_src,3,0,16.54423076923077,78.74474358974356
k7,7,32,25,165156,L2A_src,3,1,13.542051282051279,78.55153846153846
k7,7,32,25,165156,L2A_src,3,2,12.82833333333333,79.55512820512817
k7,7,32,25,165156,L2A_src,3,3,15.519230769230777,81.05615384615383
k7,7,32,25,165156,L2A_src,3,4,15.103846153846156,75.97166666666666
k7,7,32,25,165156,L2A_src,3,5,15.93352564102564,82.41653846153848
k7,7,32,25,165156,L2A_src,3,6,13.743589743589743,80.65935897435897
k7,7,32,25,165156,L2A_src,3,7,16.028461538461535,80.55230769230769
k7,7,32,25,165156,L2A_src,3,8,15.516666666666659,85.64743589743593
k7,7,32,25,165156,L2A_src,3,9,18.479358974358973,80.2597435897436
k7,7,32,25,165156,L2A_src,4,0,20.378205128205124,85.37461538461537
k7,7,32,25,165156,L2A_src,4,1,17.032948717948713,84.4683333333333
k7,7,32,25,165156,L2A_src,4,2,16.363461538461532,84.77217948717947
k7,7,32,25,165156,L2A_src,4,3,18.13371794871795,86.8921794871795
k7,7,32,25,165156,L2A_src,4,4,16.850384615384616,82.00974358974358
k7,7,32,25,165156,L2A_src,4,5,16.280897435897444,85.57205128205126
k7,7,32,25,165156,L2A_src,4,6,18.112179487179485,86.91230769230769
k7,7,32,25,165156,L2A_src,4,7,17.699102564102564,85.40948717948719
k7,7,32,25,165156,L2A_src,4,8,18.82884615384615,89.31051282051284
k7,7,32,25,165156,L2A_src,4,9,20.24705128205128,85.25974358974358
k7,7,32,25,165156,L2A_prod,0,0,11.4574358974359,74.19884615384612
k7,7,32,25,165156,L2A_prod,0,1,9.529102564102564,73.85487179487178
k7,7,32,25,165156,L2A_prod,0,2,9.515256410256407,75.69371794871793
k7,7,32,25,165156,L2A_prod,0,3,11.783974358974358,77.3197435897436
k7,7,32,25,165156,L2A_prod,0,4,9.356025641025642,69.73897435897435
k7,7,32,25,165156,L2A_prod,0,5,9.522243589743589,71.66910256410254
k7,7,32,25,165156,L2A_prod,0,6,10.508461538461537,76.98141025641026
k7,7,32,25,165156,L2A_prod,0,7,8.988974358974357,70.91141025641025
k7,7,32,25,165156,L2A_prod,0,8,9.623974358974362,76.22692307692307
k7,7,32,25,165156,L2A_prod,0,9,11.349871794871795,73.53166666666667
k7,7,32,25,165156,L2A_prod,1,0,9.725384615384613,63.57717948717948
k7,7,32,25,165156,L2A_prod,1,1,8.850769230769231,67.07423076923078
k7,7,32,25,165156,L2A_prod,1,2,7.01948717948718,65.15628205128206
k7,7,32,25,165156,L2A_prod,1,3,12.649999999999997,72.59602564102568
k7,7,32,25,165156,L2A_prod,1,4,11.286794871794873,66.49910256410259
k7,7,32,25,165156,L2A_prod,1,5,7.319038461538462,58.7729487179487
k7,7,32,25,165156,L2A_prod,1,6,8.90423076923077,66.77564102564104
k7,7,32,25,165156,L2A_prod,1,7,6.82782051282051,60.24051282051283
k7,7,32,25,165156,L2A_prod,1,8,8.502179487179488,65.52641025641023
k7,7,32,25,165156,L2A_prod,1,9,11.62474358974359,68.81679487179488
k7,7,32,25,165156,L2A_prod,2,0,10.421282051282052,69.72051282051282
k7,7,32,25,165156,L2A_prod,2,1,8.090128205128206,69.9176923076923
k7,7,32,25,165156,L2A_prod,2,2,6.614487179487183,67.51384615384617
k7,7,32,25,165156,L2A_prod,2,3,11.00897435897436,72.66666666666667
k7,7,32,25,165156,L2A_prod,2,4,11.036282051282052,71.62615384615387
k7,7,32,25,165156,L2A_prod,2,5,8.905769230769229,69.48102564102562
k7,7,32,25,165156,L2A_prod,2,6,9.70782051282051,72.99448717948718
k7,7,32,25,165156,L2A_prod,2,7,9.451410256410256,72.12910256410257
k7,7,32,25,165156,L2A_prod,2,8,10.930641025641027,75.5898717948718
k7,7,32,25,165156,L2A_prod,2,9,12.771794871794873,72.6521794871795
k7,7,32,25,165156,L2A_prod,3,0,11.00320512820513,70.51269230769233
k7,7,32,25,165156,L2A_prod,3,1,7.9932051282051235,69.19641025641026
k7,7,32,25,165156,L2A_prod,3,2,9.233333333333334,72.29
k7,7,32,25,165156,L2A_prod,3,3,10.13064102564103,72.2260256410256
k7,7,32,25,165156,L2A_prod,3,4,10.702820512820514,70.48269230769229
k7,7,32,25,165156,L2A_prod,3,5,11.586474358974359,77.97852564102563
k7,7,32,25,165156,L2A_prod,3,6,9.335,72.58897435897434
k7,7,32,25,165156,L2A_prod,3,7,10.16576923076923,72.97179487179487
k7,7,32,25,165156,L2A_prod,3,8,11.485897435897433,78.79307692307694
k7,7,32,25,165156,L2A_prod,3,9,12.92179487179487,74.20692307692303
k7,7,32,25,165156,L2A_prod,4,0,11.662435897435897,73.1924358974359
k7,7,32,25,165156,L2A_prod,4,1,8.513461538461536,70.29205128205128
k7,7,32,25,165156,L2A_prod,4,2,9.172051282051283,72.31051282051283
k7,7,32,25,165156,L2A_prod,4,3,10.493589743589743,74.6903846153846
k7,7,32,25,165156,L2A_prod,4,4,9.084102564102563,66.2544871794872
k7,7,32,25,165156,L2A_prod,4,5,10.126730769230766,72.52679487179486
k7,7,32,25,165156,L2A_prod,4,6,9.50192307692308,73.15192307692308
k7,7,32,25,165156,L2A_prod,4,7,8.825897435897435,68.81230769230768
k7,7,32,25,165156,L2A_prod,4,8,10.473205128205128,77.01551282051284
k7,7,32,25,165156,L2A_prod,4,9,11.211410256410257,72.51910256410254
k1_w3,1,96,1,30052,clean,0,0,9.373205128205127,68.37230769230769
k1_w3,1,96,1,30052,clean,0,1,6.634743589743588,62.553974358974365
k1_w3,1,96,1,30052,clean,0,2,5.912307692307692,63.06679487179488
k1_w3,1,96,1,30052,clean,0,3,9.022948717948715,69.2719230769231
k1_w3,1,96,1,30052,clean,0,4,7.644487179487179,62.41807692307694
k1_w3,1,96,1,30052,clean,0,5,6.510384615384611,61.69141025641027
k1_w3,1,96,1,30052,clean,0,6,7.789871794871795,65.16038461538463
k1_w3,1,96,1,30052,clean,0,7,5.691794871794871,62.443717948717946
k1_w3,1,96,1,30052,clean,0,8,7.5505128205128225,66.81820512820512
k1_w3,1,96,1,30052,clean,0,9,9.338205128205129,66.87064102564102
k1_w3,1,96,1,30052,clean,1,0,9.078333333333333,72.05410256410254
k1_w3,1,96,1,30052,clean,1,1,7.835384615384609,68.76384615384616
k1_w3,1,96,1,30052,clean,1,2,7.285512820512821,68.60397435897436
k1_w3,1,96,1,30052,clean,1,3,9.346025641025635,73.27307692307691
k1_w3,1,96,1,30052,clean,1,4,8.108333333333333,68.11205128205128
k1_w3,1,96,1,30052,clean,1,5,7.161923076923073,66.95794871794871
k1_w3,1,96,1,30052,clean,1,6,9.74525641025641,72.02192307692307
k1_w3,1,96,1,30052,clean,1,7,5.538205128205127,64.37141025641024
k1_w3,1,96,1,30052,clean,1,8,8.14602564102564,70.78602564102565
k1_w3,1,96,1,30052,clean,1,9,9.604743589743592,71.42243589743592
k1_w3,1,96,1,30052,clean,2,0,7.976282051282048,68.61115384615385
k1_w3,1,96,1,30052,clean,2,1,5.80076923076923,63.687051282051286
k1_w3,1,96,1,30052,clean,2,2,6.444102564102562,68.25589743589744
k1_w3,1,96,1,30052,clean,2,3,7.898333333333331,68.10512820512822
k1_w3,1,96,1,30052,clean,2,4,10.553205128205127,66.91935897435896
k1_w3,1,96,1,30052,clean,2,5,7.550064102564101,67.09852564102566
k1_w3,1,96,1,30052,clean,2,6,7.196538461538459,68.09410256410256
k1_w3,1,96,1,30052,clean,2,7,8.343333333333328,67.85307692307693
k1_w3,1,96,1,30052,clean,2,8,7.732692307692307,66.91884615384618
k1_w3,1,96,1,30052,clean,2,9,8.783333333333331,66.725
k1_w3,1,96,1,30052,clean,3,0,9.637820512820513,69.89512820512822
k1_w3,1,96,1,30052,clean,3,1,7.593461538461536,64.82307692307694
k1_w3,1,96,1,30052,clean,3,2,7.263589743589745,66.87410256410254
k1_w3,1,96,1,30052,clean,3,3,9.129358974358974,68.85576923076924
k1_w3,1,96,1,30052,clean,3,4,8.890512820512821,63.02243589743591
k1_w3,1,96,1,30052,clean,3,5,6.5650641025641026,62.48814102564104
k1_w3,1,96,1,30052,clean,3,6,9.683333333333334,71.16576923076924
k1_w3,1,96,1,30052,clean,3,7,5.3053846153846145,59.51910256410255
k1_w3,1,96,1,30052,clean,3,8,7.275384615384614,66.83346153846152
k1_w3,1,96,1,30052,clean,3,9,9.848589743589741,67.15423076923076
k1_w3,1,96,1,30052,clean,4,0,8.086923076923078,63.81307692307693
k1_w3,1,96,1,30052,clean,4,1,9.550256410256406,69.16384615384614
k1_w3,1,96,1,30052,clean,4,2,7.300897435897434,64.92076923076925
k1_w3,1,96,1,30052,clean,4,3,9.00320512820513,68.83923076923077
k1_w3,1,96,1,30052,clean,4,4,7.139999999999999,61.07884615384616
k1_w3,1,96,1,30052,clean,4,5,6.472499999999999,63.455897435897434
k1_w3,1,96,1,30052,clean,4,6,9.805384615384618,68.26871794871792
k1_w3,1,96,1,30052,clean,4,7,5.3548717948717925,60.915769230769236
k1_w3,1,96,1,30052,clean,4,8,9.722307692307691,71.3702564102564
k1_w3,1,96,1,30052,clean,4,9,10.149230769230769,68.25846153846156
k1_w3,1,96,1,30052,L2A_src,0,0,23.85294871794871,87.35512820512821
k1_w3,1,96,1,30052,L2A_src,0,1,20.8625641025641,87.00115384615383
k1_w3,1,96,1,30052,L2A_src,0,2,18.61820512820513,86.19346153846156
k1_w3,1,96,1,30052,L2A_src,0,3,21.514871794871794,88.45666666666666
k1_w3,1,96,1,30052,L2A_src,0,4,21.03705128205128,84.44999999999999
k1_w3,1,96,1,30052,L2A_src,0,5,18.895384615384618,85.67185897435897
k1_w3,1,96,1,30052,L2A_src,0,6,21.083333333333332,88.03820512820512
k1_w3,1,96,1,30052,L2A_src,0,7,21.56858974358974,87.4724358974359
k1_w3,1,96,1,30052,L2A_src,0,8,20.34679487179488,88.32333333333331
k1_w3,1,96,1,30052,L2A_src,0,9,24.228589743589744,88.1174358974359
k1_w3,1,96,1,30052,L2A_src,1,0,20.749358974358973,84.93858974358976
k1_w3,1,96,1,30052,L2A_src,1,1,19.337179487179487,85.6726923076923
k1_w3,1,96,1,30052,L2A_src,1,2,17.91346153846154,84.24025641025644
k1_w3,1,96,1,30052,L2A_src,1,3,20.602692307692305,87.78999999999996
k1_w3,1,96,1,30052,L2A_src,1,4,18.117179487179488,80.94948717948715
k1_w3,1,96,1,30052,L2A_src,1,5,17.40455128205128,83.79262820512817
k1_w3,1,96,1,30052,L2A_src,1,6,19.752692307692307,87.33307692307693
k1_w3,1,96,1,30052,L2A_src,1,7,18.448461538461537,83.82423076923077
k1_w3,1,96,1,30052,L2A_src,1,8,18.802051282051284,87.21961538461537
k1_w3,1,96,1,30052,L2A_src,1,9,22.878589743589746,86.26897435897438
k1_w3,1,96,1,30052,L2A_src,2,0,19.067820512820514,82.66897435897437
k1_w3,1,96,1,30052,L2A_src,2,1,16.910769230769223,81.40846153846157
k1_w3,1,96,1,30052,L2A_src,2,2,15.18884615384615,81.92564102564106
k1_w3,1,96,1,30052,L2A_src,2,3,19.048846153846153,84.93769230769227
k1_w3,1,96,1,30052,L2A_src,2,4,22.39884615384616,86.06628205128204
k1_w3,1,96,1,30052,L2A_src,2,5,18.923076923076923,85.4928846153846
k1_w3,1,96,1,30052,L2A_src,2,6,16.640769230769227,83.40858974358973
k1_w3,1,96,1,30052,L2A_src,2,7,19.394871794871797,84.52423076923075
k1_w3,1,96,1,30052,L2A_src,2,8,16.027435897435886,83.45064102564102
k1_w3,1,96,1,30052,L2A_src,2,9,22.52166666666667,84.21166666666663
k1_w3,1,96,1,30052,L2A_src,3,0,22.483717948717942,86.3058974358974
k1_w3,1,96,1,30052,L2A_src,3,1,19.34307692307692,84.71961538461538
k1_w3,1,96,1,30052,L2A_src,3,2,17.284871794871798,84.24512820512821
k1_w3,1,96,1,30052,L2A_src,3,3,21.912307692307692,89.07910256410257
k1_w3,1,96,1,30052,L2A_src,3,4,19.588076923076922,83.14269230769229
k1_w3,1,96,1,30052,L2A_src,3,5,17.856346153846157,83.3953846153846
k1_w3,1,96,1,30052,L2A_src,3,6,21.56512820512821,89.43230769230766
k1_w3,1,96,1,30052,L2A_src,3,7,18.913846153846155,83.60487179487177
k1_w3,1,96,1,30052,L2A_src,3,8,19.000384615384615,86.74756410256413
k1_w3,1,96,1,30052,L2A_src,3,9,24.335256410256413,86.28320512820511
k1_w3,1,96,1,30052,L2A_src,4,0,25.78179487179486,91.09025641025643
k1_w3,1,96,1,30052,L2A_src,4,1,23.98794871794872,91.85076923076922
k1_w3,1,96,1,30052,L2A_src,4,2,21.574743589743587,90.2101282051282
k1_w3,1,96,1,30052,L2A_src,4,3,23.14153846153846,91.60628205128202
k1_w3,1,96,1,30052,L2A_src,4,4,22.423205128205126,89.40358974358973
k1_w3,1,96,1,30052,L2A_src,4,5,20.461666666666666,90.15557692307692
k1_w3,1,96,1,30052,L2A_src,4,6,23.723333333333336,92.55435897435895
k1_w3,1,96,1,30052,L2A_src,4,7,23.19141025641025,91.93358974358975
k1_w3,1,96,1,30052,L2A_src,4,8,23.12435897435897,92.76243589743589
k1_w3,1,96,1,30052,L2A_src,4,9,25.980769230769223,91.06474358974359
k1_w3,1,96,1,30052,L2A_prod,0,0,12.161666666666664,72.87769230769227
k1_w3,1,96,1,30052,L2A_prod,0,1,8.942820512820509,69.02358974358972
k1_w3,1,96,1,30052,L2A_prod,0,2,6.958333333333333,68.33128205128205
k1_w3,1,96,1,30052,L2A_prod,0,3,13.36974358974359,75.70858974358976
k1_w3,1,96,1,30052,L2A_prod,0,4,13.806538461538459,71.84756410256409
k1_w3,1,96,1,30052,L2A_prod,0,5,10.26474358974359,70.10987179487176
k1_w3,1,96,1,30052,L2A_prod,0,6,10.258461538461532,72.80974358974359
k1_w3,1,96,1,30052,L2A_prod,0,7,10.634102564102562,70.8353846153846
k1_w3,1,96,1,30052,L2A_prod,0,8,9.371410256410254,71.64858974358972
k1_w3,1,96,1,30052,L2A_prod,0,9,13.522435897435898,73.8470512820513
k1_w3,1,96,1,30052,L2A_prod,1,0,10.147179487179484,73.47320512820512
k1_w3,1,96,1,30052,L2A_prod,1,1,9.241538461538457,72.38756410256408
k1_w3,1,96,1,30052,L2A_prod,1,2,8.363076923076925,72.8723076923077
k1_w3,1,96,1,30052,L2A_prod,1,3,10.442948717948713,75.12628205128203
k1_w3,1,96,1,30052,L2A_prod,1,4,9.439615384615383,69.0879487179487
k1_w3,1,96,1,30052,L2A_prod,1,5,7.453012820512818,67.9073076923077
k1_w3,1,96,1,30052,L2A_prod,1,6,11.132948717948715,76.24089743589741
k1_w3,1,96,1,30052,L2A_prod,1,7,6.916666666666667,67.29115384615383
k1_w3,1,96,1,30052,L2A_prod,1,8,8.330641025641023,72.8269230769231
k1_w3,1,96,1,30052,L2A_prod,1,9,10.369999999999997,72.74743589743588
k1_w3,1,96,1,30052,L2A_prod,2,0,13.364358974358973,77.15653846153849
k1_w3,1,96,1,30052,L2A_prod,2,1,11.723205128205123,74.45576923076922
k1_w3,1,96,1,30052,L2A_prod,2,2,10.720512820512822,76.10756410256411
k1_w3,1,96,1,30052,L2A_prod,2,3,13.64487179487179,77.06371794871795
k1_w3,1,96,1,30052,L2A_prod,2,4,17.121410256410257,77.96782051282051
k1_w3,1,96,1,30052,L2A_prod,2,5,14.096923076923076,77.1207051282051
k1_w3,1,96,1,30052,L2A_prod,2,6,12.37205128205128,77.56679487179487
k1_w3,1,96,1,30052,L2A_prod,2,7,13.577307692307695,77.44384615384618
k1_w3,1,96,1,30052,L2A_prod,2,8,11.91346153846154,75.49448717948721
k1_w3,1,96,1,30052,L2A_prod,2,9,16.08935897435897,77.67487179487176
k1_w3,1,96,1,30052,L2A_prod,3,0,12.503076923076922,74.17448717948717
k1_w3,1,96,1,30052,L2A_prod,3,1,9.914743589743585,70.39743589743591
k1_w3,1,96,1,30052,L2A_prod,3,2,8.562820512820513,71.05089743589744
k1_w3,1,96,1,30052,L2A_prod,3,3,13.232692307692309,75.84089743589747
k1_w3,1,96,1,30052,L2A_prod,3,4,13.847307692307695,71.13641025641024
k1_w3,1,96,1,30052,L2A_prod,3,5,10.42858974358974,69.79750000000003
k1_w3,1,96,1,30052,L2A_prod,3,6,12.69628205128205,77.86499999999998
k1_w3,1,96,1,30052,L2A_prod,3,7,9.647435897435894,67.62564102564106
k1_w3,1,96,1,30052,L2A_prod,3,8,9.749230769230769,72.2796153846154
k1_w3,1,96,1,30052,L2A_prod,3,9,14.985384615384614,74.77000000000001
k1_w3,1,96,1,30052,L2A_prod,4,0,9.576666666666664,68.79589743589744
k1_w3,1,96,1,30052,L2A_prod,4,1,10.91576923076923,73.53987179487177
k1_w3,1,96,1,30052,L2A_prod,4,2,8.457051282051278,69.63358974358975
k1_w3,1,96,1,30052,L2A_prod,4,3,10.133974358974358,73.7896153846154
k1_w3,1,96,1,30052,L2A_prod,4,4,8.860384615384614,66.14782051282052
k1_w3,1,96,1,30052,L2A_prod,4,5,7.137884615384612,67.4872435897436
k1_w3,1,96,1,30052,L2A_prod,4,6,11.647051282051283,75.07269230769231
k1_w3,1,96,1,30052,L2A_prod,4,7,6.467179487179486,64.77807692307692
k1_w3,1,96,1,30052,L2A_prod,4,8,10.129743589743592,73.83243589743587
k1_w3,1,96,1,30052,L2A_prod,4,9,10.242820512820515,71.7003846153846
k1_w5,1,164,1,84792,clean,0,0,9.304230769230768,69.74679487179488
k1_w5,1,164,1,84792,clean,0,1,7.15128205128205,64.97961538461536
k1_w5,1,164,1,84792,clean,0,2,6.743974358974358,66.63961538461538
k1_w5,1,164,1,84792,clean,0,3,7.267179487179488,65.48038461538461
k1_w5,1,164,1,84792,clean,0,4,9.618846153846155,65.6124358974359
k1_w5,1,164,1,84792,clean,0,5,6.980256410256411,63.429871794871794
k1_w5,1,164,1,84792,clean,0,6,8.361923076923077,68.62487179487178
k1_w5,1,164,1,84792,clean,0,7,5.577179487179486,63.3142307692308
k1_w5,1,164,1,84792,clean,0,8,7.713076923076921,68.54897435897436
k1_w5,1,164,1,84792,clean,0,9,10.037948717948716,70.06320512820513
k1_w5,1,164,1,84792,clean,1,0,9.575512820512818,69.54692307692308
k1_w5,1,164,1,84792,clean,1,1,5.8852564102564076,62.00884615384614
k1_w5,1,164,1,84792,clean,1,2,5.6335897435897415,63.84192307692304
k1_w5,1,164,1,84792,clean,1,3,9.298461538461533,70.92974358974358
k1_w5,1,164,1,84792,clean,1,4,10.049615384615384,68.93807692307695
k1_w5,1,164,1,84792,clean,1,5,7.714166666666664,65.3051923076923
k1_w5,1,164,1,84792,clean,1,6,7.535512820512821,66.17320512820511
k1_w5,1,164,1,84792,clean,1,7,7.1866666666666665,65.96602564102564
k1_w5,1,164,1,84792,clean,1,8,8.727435897435898,69.87102564102562
k1_w5,1,164,1,84792,clean,1,9,9.625256410256409,68.75141025641028
k1_w5,1,164,1,84792,clean,2,0,9.09448717948718,70.5774358974359
k1_w5,1,164,1,84792,clean,2,1,9.238333333333332,71.5701282051282
k1_w5,1,164,1,84792,clean,2,2,7.871410256410257,68.90641025641028
k1_w5,1,164,1,84792,clean,2,3,8.728461538461536,71.83961538461536
k1_w5,1,164,1,84792,clean,2,4,8.14653846153846,65.04410256410257
k1_w5,1,164,1,84792,clean,2,5,7.017371794871793,67.31916666666665
k1_w5,1,164,1,84792,clean,2,6,9.47705128205128,70.85025641025642
k1_w5,1,164,1,84792,clean,2,7,4.4107692307692306,59.194871794871794
k1_w5,1,164,1,84792,clean,2,8,8.319743589743588,70.21025641025639
k1_w5,1,164,1,84792,clean,2,9,10.609615384615381,71.31179487179486
k1_w5,1,164,1,84792,clean,3,0,8.329230769230769,70.49602564102565
k1_w5,1,164,1,84792,clean,3,1,6.405128205128204,65.78333333333332
k1_w5,1,164,1,84792,clean,3,2,6.0396153846153835,66.34128205128206
k1_w5,1,164,1,84792,clean,3,3,7.774487179487178,69.35269230769231
k1_w5,1,164,1,84792,clean,3,4,8.642435897435897,66.47858974358978
k1_w5,1,164,1,84792,clean,3,5,9.091346153846153,71.52326923076927
k1_w5,1,164,1,84792,clean,3,6,7.507435897435896,67.92615384615381
k1_w5,1,164,1,84792,clean,3,7,7.0682051282051255,67.73948717948721
k1_w5,1,164,1,84792,clean,3,8,9.091794871794873,71.65269230769232
k1_w5,1,164,1,84792,clean,3,9,10.406410256410254,71.81666666666669
k1_w5,1,164,1,84792,clean,4,0,9.682692307692307,68.89217948717948
k1_w5,1,164,1,84792,clean,4,1,7.327307692307691,64.47410256410254
k1_w5,1,164,1,84792,clean,4,2,6.327435897435898,65.56000000000002
k1_w5,1,164,1,84792,clean,4,3,9.283589743589744,69.13294871794872
k1_w5,1,164,1,84792,clean,4,4,8.517692307692307,63.74564102564104
k1_w5,1,164,1,84792,clean,4,5,6.543910256410255,62.24288461538461
k1_w5,1,164,1,84792,clean,4,6,7.89820512820513,65.64089743589744
k1_w5,1,164,1,84792,clean,4,7,6.559871794871796,64.33384615384614
k1_w5,1,164,1,84792,clean,4,8,7.886153846153847,67.33525641025643
k1_w5,1,164,1,84792,clean,4,9,9.688717948717947,67.26487179487178
k1_w5,1,164,1,84792,L2A_src,0,0,23.863461538461532,87.44064102564103
k1_w5,1,164,1,84792,L2A_src,0,1,19.84987179487179,85.17153846153847
k1_w5,1,164,1,84792,L2A_src,0,2,18.308461538461547,84.54576923076922
k1_w5,1,164,1,84792,L2A_src,0,3,21.205641025641032,87.50653846153847
k1_w5,1,164,1,84792,L2A_src,0,4,23.17410256410257,86.27410256410253
k1_w5,1,164,1,84792,L2A_src,0,5,19.865961538461534,84.95711538461535
k1_w5,1,164,1,84792,L2A_src,0,6,20.76051282051282,87.63256410256409
k1_w5,1,164,1,84792,L2A_src,0,7,19.578974358974357,84.04756410256414
k1_w5,1,164,1,84792,L2A_src,0,8,18.927692307692304,86.04961538461536
k1_w5,1,164,1,84792,L2A_src,0,9,26.297435897435907,89.4624358974359
k1_w5,1,164,1,84792,L2A_src,1,0,19.958333333333325,83.04307692307694
k1_w5,1,164,1,84792,L2A_src,1,1,17.37884615384615,82.2157692307692
k1_w5,1,164,1,84792,L2A_src,1,2,14.899743589743592,81.14717948717951
k1_w5,1,164,1,84792,L2A_src,1,3,20.85820512820513,87.6451282051282
k1_w5,1,164,1,84792,L2A_src,1,4,21.7948717948718,86.49205128205132
k1_w5,1,164,1,84792,L2A_src,1,5,17.349679487179486,83.47275641025644
k1_w5,1,164,1,84792,L2A_src,1,6,17.13730769230769,83.8419230769231
k1_w5,1,164,1,84792,L2A_src,1,7,19.213589743589747,83.86461538461538
k1_w5,1,164,1,84792,L2A_src,1,8,18.416282051282046,85.59294871794874
k1_w5,1,164,1,84792,L2A_src,1,9,22.742564102564103,85.29153846153848
k1_w5,1,164,1,84792,L2A_src,2,0,18.224487179487184,83.7153846153846
k1_w5,1,164,1,84792,L2A_src,2,1,19.20179487179487,87.63628205128205
k1_w5,1,164,1,84792,L2A_src,2,2,15.75641025641026,84.9476923076923
k1_w5,1,164,1,84792,L2A_src,2,3,19.239230769230762,88.89897435897434
k1_w5,1,164,1,84792,L2A_src,2,4,17.680769230769236,82.89679487179484
k1_w5,1,164,1,84792,L2A_src,2,5,15.767115384615385,84.16891025641027
k1_w5,1,164,1,84792,L2A_src,2,6,18.7001282051282,88.31282051282052
k1_w5,1,164,1,84792,L2A_src,2,7,14.995128205128205,80.10358974358972
k1_w5,1,164,1,84792,L2A_src,2,8,17.35653846153846,87.50371794871796
k1_w5,1,164,1,84792,L2A_src,2,9,20.304743589743595,86.26961538461536
k1_w5,1,164,1,84792,L2A_src,3,0,21.826794871794878,85.47166666666666
k1_w5,1,164,1,84792,L2A_src,3,1,19.06551282051282,83.88705128205127
k1_w5,1,164,1,84792,L2A_src,3,2,16.649358974358965,82.97846153846154
k1_w5,1,164,1,84792,L2A_src,3,3,19.97025641025641,86.63064102564103
k1_w5,1,164,1,84792,L2A_src,3,4,20.115384615384617,83.8546153846154
k1_w5,1,164,1,84792,L2A_src,3,5,18.657307692307697,84.7671153846154
k1_w5,1,164,1,84792,L2A_src,3,6,18.821794871794868,86.06000000000002
k1_w5,1,164,1,84792,L2A_src,3,7,20.816538461538457,86.03615384615385
k1_w5,1,164,1,84792,L2A_src,3,8,19.936410256410262,88.16717948717951
k1_w5,1,164,1,84792,L2A_src,3,9,24.578205128205134,86.69961538461538
k1_w5,1,164,1,84792,L2A_src,4,0,24.411410256410253,88.01846153846152
k1_w5,1,164,1,84792,L2A_src,4,1,21.75807692307692,88.18423076923078
k1_w5,1,164,1,84792,L2A_src,4,2,19.669102564102563,87.01500000000001
k1_w5,1,164,1,84792,L2A_src,4,3,22.51410256410256,89.86384615384615
k1_w5,1,164,1,84792,L2A_src,4,4,21.371153846153856,85.27602564102567
k1_w5,1,164,1,84792,L2A_src,4,5,18.85076923076924,85.15064102564102
k1_w5,1,164,1,84792,L2A_src,4,6,20.965384615384615,88.17602564102565
k1_w5,1,164,1,84792,L2A_src,4,7,21.94717948717949,87.21641025641023
k1_w5,1,164,1,84792,L2A_src,4,8,20.390128205128207,88.39384615384614
k1_w5,1,164,1,84792,L2A_src,4,9,26.788461538461526,89.74166666666665
k1_w5,1,164,1,84792,L2A_prod,0,0,11.760384615384616,74.63974358974359
k1_w5,1,164,1,84792,L2A_prod,0,1,9.089487179487179,70.87294871794869
k1_w5,1,164,1,84792,L2A_prod,0,2,8.121666666666671,72.08256410256408
k1_w5,1,164,1,84792,L2A_prod,0,3,11.376282051282052,72.87692307692305
k1_w5,1,164,1,84792,L2A_prod,0,4,13.273717948717941,72.81205128205129
k1_w5,1,164,1,84792,L2A_prod,0,5,10.028653846153848,70.41314102564104
k1_w5,1,164,1,84792,L2A_prod,0,6,11.012820512820513,76.37141025641026
k1_w5,1,164,1,84792,L2A_prod,0,7,9.530000000000001,70.84089743589745
k1_w5,1,164,1,84792,L2A_prod,0,8,9.56397435897436,73.71705128205129
k1_w5,1,164,1,84792,L2A_prod,0,9,14.546538461538457,76.70679487179488
k1_w5,1,164,1,84792,L2A_prod,1,0,10.614230769230765,70.33948717948721
k1_w5,1,164,1,84792,L2A_prod,1,1,7.832564102564099,66.50166666666668
k1_w5,1,164,1,84792,L2A_prod,1,2,6.908205128205126,67.6007692307692
k1_w5,1,164,1,84792,L2A_prod,1,3,12.449358974358976,74.6652564102564
k1_w5,1,164,1,84792,L2A_prod,1,4,13.443717948717952,72.7582051282051
k1_w5,1,164,1,84792,L2A_prod,1,5,8.810512820512823,68.45769230769233
k1_w5,1,164,1,84792,L2A_prod,1,6,9.68666666666667,71.03230769230768
k1_w5,1,164,1,84792,L2A_prod,1,7,10.227564102564104,70.59884615384614
k1_w5,1,164,1,84792,L2A_prod,1,8,9.833333333333334,72.65525641025644
k1_w5,1,164,1,84792,L2A_prod,1,9,11.896794871794869,71.40166666666666
k1_w5,1,164,1,84792,L2A_prod,2,0,9.478333333333333,73.20435897435897
k1_w5,1,164,1,84792,L2A_prod,2,1,10.045256410256412,74.80166666666666
k1_w5,1,164,1,84792,L2A_prod,2,2,7.933461538461536,73.08564102564102
k1_w5,1,164,1,84792,L2A_prod,2,3,10.257179487179487,76.86243589743592
k1_w5,1,164,1,84792,L2A_prod,2,4,9.453076923076924,69.37692307692309
k1_w5,1,164,1,84792,L2A_prod,2,5,8.223205128205127,71.45134615384617
k1_w5,1,164,1,84792,L2A_prod,2,6,10.317307692307693,75.43141025641025
k1_w5,1,164,1,84792,L2A_prod,2,7,6.185384615384613,64.45794871794872
k1_w5,1,164,1,84792,L2A_prod,2,8,9.216282051282047,73.31705128205128
k1_w5,1,164,1,84792,L2A_prod,2,9,11.427564102564101,75.6201282051282
k1_w5,1,164,1,84792,L2A_prod,3,0,8.987179487179487,69.92141025641025
k1_w5,1,164,1,84792,L2A_prod,3,1,7.6806410256410205,67.73102564102565
k1_w5,1,164,1,84792,L2A_prod,3,2,6.743205128205125,68.31166666666667
k1_w5,1,164,1,84792,L2A_prod,3,3,9.206794871794873,71.11846153846156
k1_w5,1,164,1,84792,L2A_prod,3,4,10.375769230769233,69.10025641025642
k1_w5,1,164,1,84792,L2A_prod,3,5,8.819679487179485,70.72692307692309
k1_w5,1,164,1,84792,L2A_prod,3,6,9.281923076923078,71.89653846153846
k1_w5,1,164,1,84792,L2A_prod,3,7,8.08358974358974,68.59410256410256
k1_w5,1,164,1,84792,L2A_prod,3,8,9.459230769230766,73.08487179487177
k1_w5,1,164,1,84792,L2A_prod,3,9,11.49846153846154,72.47128205128205
k1_w5,1,164,1,84792,L2A_prod,4,0,12.166538461538462,72.4666666666667
k1_w5,1,164,1,84792,L2A_prod,4,1,9.468461538461542,69.36102564102565
k1_w5,1,164,1,84792,L2A_prod,4,2,7.853205128205129,69.65564102564103
k1_w5,1,164,1,84792,L2A_prod,4,3,13.511794871794876,75.44448717948717
k1_w5,1,164,1,84792,L2A_prod,4,4,14.064102564102566,71.83038461538462
k1_w5,1,164,1,84792,L2A_prod,4,5,9.473974358974361,67.20628205128206
k1_w5,1,164,1,84792,L2A_prod,4,6,10.258076923076922,71.22102564102565
k1_w5,1,164,1,84792,L2A_prod,4,7,10.571666666666669,69.79589743589743
k1_w5,1,164,1,84792,L2A_prod,4,8,9.629743589743585,71.6194871794872
k1_w5,1,164,1,84792,L2A_prod,4,9,13.917692307692306,73.71948717948719
k1_w7,1,230,1,164454,clean,0,0,7.369102564102562,66.94089743589745
k1_w7,1,230,1,164454,clean,0,1,6.549230769230769,64.65564102564102
k1_w7,1,230,1,164454,clean,0,2,6.145128205128204,66.53794871794874
k1_w7,1,230,1,164454,clean,0,3,7.523205128205126,65.87846153846154
k1_w7,1,230,1,164454,clean,0,4,9.010384615384613,64.56141025641024
k1_w7,1,230,1,164454,clean,0,5,7.943333333333332,67.15717948717948
k1_w7,1,230,1,164454,clean,0,6,9.867948717948716,73.15205128205127
k1_w7,1,230,1,164454,clean,0,7,5.46,63.020256410256415
k1_w7,1,230,1,164454,clean,0,8,7.263205128205126,66.22230769230765
k1_w7,1,230,1,164454,clean,0,9,10.728974358974359,71.10948717948718
k1_w7,1,230,1,164454,clean,1,0,9.375384615384615,71.1547435897436
k1_w7,1,230,1,164454,clean,1,1,7.729102564102562,67.3015384615385
k1_w7,1,230,1,164454,clean,1,2,7.326923076923072,68.45294871794869
k1_w7,1,230,1,164454,clean,1,3,8.587179487179483,70.58166666666666
k1_w7,1,230,1,164454,clean,1,4,8.010769230769231,64.29820512820513
k1_w7,1,230,1,164454,clean,1,5,6.637051282051281,64.36557692307692
k1_w7,1,230,1,164454,clean,1,6,9.784487179487181,71.16012820512822
k1_w7,1,230,1,164454,clean,1,7,5.459102564102561,62.2124358974359
k1_w7,1,230,1,164454,clean,1,8,7.301410256410255,68.44871794871796
k1_w7,1,230,1,164454,clean,1,9,9.242948717948721,69.91974358974358
k1_w7,1,230,1,164454,clean,2,0,9.664358974358972,70.7832051282051
k1_w7,1,230,1,164454,clean,2,1,7.5202564102564065,66.77217948717947
k1_w7,1,230,1,164454,clean,2,2,5.800512820512821,64.36692307692307
k1_w7,1,230,1,164454,clean,2,3,9.37923076923077,71.39769230769232
k1_w7,1,230,1,164454,clean,2,4,7.595641025641024,63.98384615384612
k1_w7,1,230,1,164454,clean,2,5,7.7178846153846115,66.25878205128203
k1_w7,1,230,1,164454,clean,2,6,8.768589743589743,68.81653846153849
k1_w7,1,230,1,164454,clean,2,7,6.383205128205126,65.50205128205128
k1_w7,1,230,1,164454,clean,2,8,7.890897435897433,68.78166666666667
k1_w7,1,230,1,164454,clean,2,9,8.9501282051282,68.29602564102566
k1_w7,1,230,1,164454,clean,3,0,9.297307692307692,69.23923076923079
k1_w7,1,230,1,164454,clean,3,1,4.969615384615384,60.141025641025635
k1_w7,1,230,1,164454,clean,3,2,5.226153846153844,62.84076923076925
k1_w7,1,230,1,164454,clean,3,3,8.937435897435895,66.34500000000001
k1_w7,1,230,1,164454,clean,3,4,11.26525641025641,69.01602564102565
k1_w7,1,230,1,164454,clean,3,5,7.096987179487178,63.04910256410254
k1_w7,1,230,1,164454,clean,3,6,7.966025641025638,66.89871794871797
k1_w7,1,230,1,164454,clean,3,7,7.74782051282051,65.29461538461538
k1_w7,1,230,1,164454,clean,3,8,7.625641025641023,65.54320512820512
k1_w7,1,230,1,164454,clean,3,9,8.741666666666664,65.03217948717949
k1_w7,1,230,1,164454,clean,4,0,7.58525641025641,68.69846153846156
k1_w7,1,230,1,164454,clean,4,1,8.790769230769229,70.03230769230771
k1_w7,1,230,1,164454,clean,4,2,6.719871794871795,66.52782051282051
k1_w7,1,230,1,164454,clean,4,3,8.732564102564098,73.0029487179487
k1_w7,1,230,1,164454,clean,4,4,7.696410256410256,66.10769230769232
k1_w7,1,230,1,164454,clean,4,5,7.8213461538461555,69.20993589743591
k1_w7,1,230,1,164454,clean,4,6,8.524871794871792,69.34025641025642
k1_w7,1,230,1,164454,clean,4,7,4.2034615384615375,61.289102564102535
k1_w7,1,230,1,164454,clean,4,8,8.359102564102566,71.49576923076924
k1_w7,1,230,1,164454,clean,4,9,10.62576923076923,73.86038461538462
k1_w7,1,230,1,164454,L2A_src,0,0,22.21961538461539,85.93102564102563
k1_w7,1,230,1,164454,L2A_src,0,1,20.441923076923082,85.91807692307692
k1_w7,1,230,1,164454,L2A_src,0,2,17.953589743589745,85.26884615384618
k1_w7,1,230,1,164454,L2A_src,0,3,20.04307692307693,86.55307692307694
k1_w7,1,230,1,164454,L2A_src,0,4,21.359999999999996,85.29679487179484
k1_w7,1,230,1,164454,L2A_src,0,5,20.366987179487186,87.42711538461538
k1_w7,1,230,1,164454,L2A_src,0,6,22.1375641025641,90.4155128205128
k1_w7,1,230,1,164454,L2A_src,0,7,19.027820512820515,84.10179487179488
k1_w7,1,230,1,164454,L2A_src,0,8,17.396282051282057,85.40576923076924
k1_w7,1,230,1,164454,L2A_src,0,9,26.128717948717945,89.155
k1_w7,1,230,1,164454,L2A_src,1,0,22.9198717948718,88.10923076923075
k1_w7,1,230,1,164454,L2A_src,1,1,20.183974358974357,87.92230769230768
k1_w7,1,230,1,164454,L2A_src,1,2,18.63679487179487,87.71961538461535
k1_w7,1,230,1,164454,L2A_src,1,3,22.36641025641026,90.7328205128205
k1_w7,1,230,1,164454,L2A_src,1,4,19.8475641025641,84.91307692307696
k1_w7,1,230,1,164454,L2A_src,1,5,17.31608974358975,85.24858974358972
k1_w7,1,230,1,164454,L2A_src,1,6,21.33628205128205,89.91743589743591
k1_w7,1,230,1,164454,L2A_src,1,7,19.59538461538461,86.25705128205128
k1_w7,1,230,1,164454,L2A_src,1,8,18.887307692307694,88.17756410256406
k1_w7,1,230,1,164454,L2A_src,1,9,24.450512820512824,89.25846153846155
k1_w7,1,230,1,164454,L2A_src,2,0,21.132948717948715,84.91961538461538
k1_w7,1,230,1,164454,L2A_src,2,1,19.410897435897432,85.25012820512819
k1_w7,1,230,1,164454,L2A_src,2,2,15.573076923076922,82.09397435897436
k1_w7,1,230,1,164454,L2A_src,2,3,21.332435897435893,87.64782051282049
k1_w7,1,230,1,164454,L2A_src,2,4,19.368333333333332,82.39499999999998
k1_w7,1,230,1,164454,L2A_src,2,5,18.58051282051282,84.77064102564103
k1_w7,1,230,1,164454,L2A_src,2,6,18.723717948717937,85.58102564102566
k1_w7,1,230,1,164454,L2A_src,2,7,19.13217948717949,84.13179487179488
k1_w7,1,230,1,164454,L2A_src,2,8,17.115256410256404,84.72525641025642
k1_w7,1,230,1,164454,L2A_src,2,9,22.014871794871798,84.33974358974362
k1_w7,1,230,1,164454,L2A_src,3,0,23.091666666666658,86.86461538461539
k1_w7,1,230,1,164454,L2A_src,3,1,17.96512820512821,82.4346153846154
k1_w7,1,230,1,164454,L2A_src,3,2,15.842435897435891,82.43487179487178
k1_w7,1,230,1,164454,L2A_src,3,3,22.274102564102563,87.96807692307695
k1_w7,1,230,1,164454,L2A_src,3,4,24.512051282051274,89.15
k1_w7,1,230,1,164454,L2A_src,3,5,20.11929487179488,85.57044871794872
k1_w7,1,230,1,164454,L2A_src,3,6,19.655384615384612,87.1330769230769
k1_w7,1,230,1,164454,L2A_src,3,7,21.496025641025636,86.45230769230771
k1_w7,1,230,1,164454,L2A_src,3,8,18.46679487179487,85.7401282051282
k1_w7,1,230,1,164454,L2A_src,3,9,25.361153846153844,86.73474358974359
k1_w7,1,230,1,164454,L2A_src,4,0,24.65641025641025,91.43051282051282
k1_w7,1,230,1,164454,L2A_src,4,1,23.061153846153847,92.77589743589742
k1_w7,1,230,1,164454,L2A_src,4,2,20.698076923076922,90.21730769230768
k1_w7,1,230,1,164454,L2A_src,4,3,22.60307692307693,93.37410256410256
k1_w7,1,230,1,164454,L2A_src,4,4,22.29782051282051,91.3071794871795
k1_w7,1,230,1,164454,L2A_src,4,5,20.208910256410263,91.71288461538464
k1_w7,1,230,1,164454,L2A_src,4,6,23.07846153846153,92.55089743589745
k1_w7,1,230,1,164454,L2A_src,4,7,21.899871794871785,90.10230769230768
k1_w7,1,230,1,164454,L2A_src,4,8,21.97628205128205,92.86243589743593
k1_w7,1,230,1,164454,L2A_src,4,9,26.000128205128203,93.39410256410254
k1_w7,1,230,1,164454,L2A_prod,0,0,8.811666666666666,70.0623076923077
k1_w7,1,230,1,164454,L2A_prod,0,1,8.44102564102564,69.75576923076926
k1_w7,1,230,1,164454,L2A_prod,0,2,7.66025641025641,70.75205128205131
k1_w7,1,230,1,164454,L2A_prod,0,3,10.43974358974359,71.38333333333333
k1_w7,1,230,1,164454,L2A_prod,0,4,11.523717948717952,68.92051282051284
k1_w7,1,230,1,164454,L2A_prod,0,5,10.52608974358974,71.96410256410257
k1_w7,1,230,1,164454,L2A_prod,0,6,11.760256410256408,77.22602564102561
k1_w7,1,230,1,164454,L2A_prod,0,7,8.486025641025641,68.34500000000001
k1_w7,1,230,1,164454,L2A_prod,0,8,9.12230769230769,71.61576923076926
k1_w7,1,230,1,164454,L2A_prod,0,9,13.127948717948717,74.88179487179488
k1_w7,1,230,1,164454,L2A_prod,1,0,12.677564102564103,76.22794871794869
k1_w7,1,230,1,164454,L2A_prod,1,1,10.363076923076921,72.94410256410255
k1_w7,1,230,1,164454,L2A_prod,1,2,8.693205128205129,73.33282051282052
k1_w7,1,230,1,164454,L2A_prod,1,3,13.879743589743585,78.22102564102565
k1_w7,1,230,1,164454,L2A_prod,1,4,14.941538461538462,74.51
k1_w7,1,230,1,164454,L2A_prod,1,5,10.787051282051287,72.32782051282051
k1_w7,1,230,1,164454,L2A_prod,1,6,12.291923076923078,78.09397435897438
k1_w7,1,230,1,164454,L2A_prod,1,7,9.984487179487177,69.91128205128204
k1_w7,1,230,1,164454,L2A_prod,1,8,10.108205128205132,73.47653846153847
k1_w7,1,230,1,164454,L2A_prod,1,9,14.369102564102565,77.0398717948718
k1_w7,1,230,1,164454,L2A_prod,2,0,9.899999999999999,71.76961538461538
k1_w7,1,230,1,164454,L2A_prod,2,1,8.490384615384611,70.08564102564101
k1_w7,1,230,1,164454,L2A_prod,2,2,6.860641025641026,68.1973076923077
k1_w7,1,230,1,164454,L2A_prod,2,3,13.139743589743592,76.04025641025639
k1_w7,1,230,1,164454,L2A_prod,2,4,11.214358974358975,69.00320512820512
k1_w7,1,230,1,164454,L2A_prod,2,5,10.123910256410253,70.95108974358973
k1_w7,1,230,1,164454,L2A_prod,2,6,10.017564102564105,72.93128205128204
k1_w7,1,230,1,164454,L2A_prod,2,7,9.017820512820508,70.38384615384614
k1_w7,1,230,1,164454,L2A_prod,2,8,9.339230769230767,72.1475641025641
k1_w7,1,230,1,164454,L2A_prod,2,9,12.405897435897439,72.86858974358978
k1_w7,1,230,1,164454,L2A_prod,3,0,11.976282051282054,74.13153846153847
k1_w7,1,230,1,164454,L2A_prod,3,1,7.179230769230766,65.65499999999997
k1_w7,1,230,1,164454,L2A_prod,3,2,6.869102564102564,68.05474358974358
k1_w7,1,230,1,164454,L2A_prod,3,3,12.61910256410256,74.01294871794872
k1_w7,1,230,1,164454,L2A_prod,3,4,15.661153846153846,76.59769230769233
k1_w7,1,230,1,164454,L2A_prod,3,5,9.225833333333327,69.1297435897436
k1_w7,1,230,1,164454,L2A_prod,3,6,10.974487179487182,74.19358974358977
k1_w7,1,230,1,164454,L2A_prod,3,7,9.846025641025637,70.24871794871795
k1_w7,1,230,1,164454,L2A_prod,3,8,9.32730769230769,70.20307692307692
k1_w7,1,230,1,164454,L2A_prod,3,9,12.23102564102564,72.11064102564103
k1_w7,1,230,1,164454,L2A_prod,4,0,8.021153846153844,68.17999999999999
k1_w7,1,230,1,164454,L2A_prod,4,1,9.257435897435899,71.11384615384617
k1_w7,1,230,1,164454,L2A_prod,4,2,6.465128205128204,67.7579487179487
k1_w7,1,230,1,164454,L2A_prod,4,3,9.253461538461536,73.5291025641026
k1_w7,1,230,1,164454,L2A_prod,4,4,9.406794871794869,67.31435897435897
k1_w7,1,230,1,164454,L2A_prod,4,5,7.552307692307693,68.42448717948719
k1_w7,1,230,1,164454,L2A_prod,4,6,9.96294871794872,72.70358974358973
k1_w7,1,230,1,164454,L2A_prod,4,7,6.133974358974359,63.06615384615384
k1_w7,1,230,1,164454,L2A_prod,4,8,8.409999999999995,72.45756410256412
k1_w7,1,230,1,164454,L2A_prod,4,9,10.736794871794874,73.84717948717949
