index,roi_id,s2_id,component_id
0,ROI_0001,S2A_MSIL1C_20190212T142031_N0207_R010_T19FDF_20190212T191443,ROI_0001
1,ROI_0001,S2A_MSIL1C_20190304T142031_N0207_R010_T19FDF_20190304T174117,ROI_0001
2,ROI_0001,S2B_MSIL1C_20190316T141049_N0207_R110_T19FDF_20190316T203712,ROI_0001
3,ROI_0001,S2B_MSIL1C_20190525T141059_N0207_R110_T19FDF_20190525T172715,ROI_0001
4,ROI_0001,S2A_MSIL1C_20200308T141731_N0209_R010_T19FDF_20200308T185654,ROI_0001
5,ROI_0010,S2A_MSIL1C_20190125T112341_N0207_R037_T28QFG_20190125T132414,ROI_0010
6,ROI_0010,S2A_MSIL1C_20190724T112121_N0208_R037_T28QFG_20190724T115424,ROI_0010
7,ROI_0010,S2A_MSIL1C_20190813T112121_N0208_R037_T28QFG_20190813T131917,ROI_0010
8,ROI_0010,S2B_MSIL1C_20190907T112119_N0208_R037_T28QFG_20190907T140737,ROI_0010
9,ROI_0010,S2A_MSIL1C_20190922T112111_N0208_R037_T28QFG_20190922T131449,ROI_0010
10,ROI_0011,S2A_MSIL1C_20190130T103251_N0207_R108_T31REP_20190130T105329,ROI_0011
11,ROI_0011,S2B_MSIL1C_20190306T103019_N0207_R108_T31REP_20190306T141638,ROI_0011
12,ROI_0011,S2A_MSIL1C_20190318T102021_N0207_R065_T31REP_20190318T154039,ROI_0011
13,ROI_0011,S2A_MSIL1C_20190517T102031_N0207_R065_T31REP_20190517T122325,ROI_0011
14,ROI_0011,S2B_MSIL1C_20190830T102029_N0208_R065_T31REP_20190830T130621,ROI_0011
15,ROI_0032,S2A_MSIL1C_20190315T032531_N0207_R018_T49TFH_20190315T075928,ROI_0032
16,ROI_0032,S2B_MSIL1C_20190330T032539_N0207_R018_T49TFH_20190330T080011,ROI_0032
17,ROI_0032,S2A_MSIL1C_20190713T032541_N0208_R018_T49TFH_20190713T070321,ROI_0032
18,ROI_0032,S2B_MSIL1C_20190817T032539_N0208_R018_T49TFH_20190817T081113,ROI_0032
19,ROI_0032,S2A_MSIL1C_20191110T032951_N0208_R018_T49TFH_20191110T062104,ROI_0032
20,ROI_0044,S2B_MSIL1C_20190327T100029_N0207_R122_T32QMM_20190327T170123,ROI_0044
21,ROI_0044,S2B_MSIL1C_20190526T100039_N0207_R122_T32QMM_20190526T124439,ROI_0044
22,ROI_0044,S2A_MSIL1C_20190908T100031_N0208_R122_T32QMM_20190908T120018,ROI_0044
23,ROI_0044,S2A_MSIL1C_20200106T100401_N0208_R122_T32QMM_20200106T103423,ROI_0044
24,ROI_0044,S2B_MSIL1C_20200321T100029_N0209_R122_T32QMM_20200321T124408,ROI_0044
25,ROI_0064,S2B_MSIL1C_20181217T015619_N0207_R117_T51JVH_20181217T050643,ROI_0064
26,ROI_0064,S2B_MSIL1C_20190317T015619_N0207_R117_T51JVH_20190317T060807,ROI_0064
27,ROI_0064,S2B_MSIL1C_20190615T015629_N0207_R117_T51JVH_20190615T060556,ROI_0064
28,ROI_0064,S2B_MSIL1C_20190622T014709_N0207_R074_T51JVH_20190622T045654,ROI_0064
29,ROI_0064,S2B_MSIL1C_20191102T015619_N0208_R117_T51JVH_20191102T050606,ROI_0064
30,ROI_0065,S2B_MSIL1C_20190101T142749_N0207_R053_T19HCA_20190101T175051,ROI_0065
31,ROI_0065,S2A_MSIL1C_20190116T142751_N0207_R053_T19HCA_20190116T174949,ROI_0065
32,ROI_0065,S2B_MSIL1C_20190404T143759_N0207_R096_T19HCA_20190404T193440,ROI_0065
33,ROI_0065,S2B_MSIL1C_20200129T143659_N0208_R096_T19HCA_20200129T175853,ROI_0065
34,ROI_0065,S2A_MSIL1C_20200410T142731_N0209_R053_T19HCA_20200410T175113,ROI_0065
35,ROI_0069,S2B_MSIL1C_20190516T151709_N0207_R125_T18LTM_20190516T200812,ROI_0069
36,ROI_0069,S2B_MSIL1C_20190913T151709_N0208_R125_T18LTM_20190913T201312,ROI_0069
37,ROI_0069,S2A_MSIL1C_20200225T151701_N0209_R125_T18LTM_20200225T183747,ROI_0069
38,ROI_0069,S2B_MSIL1C_20200510T151659_N0209_R125_T18LTM_20200510T200110,ROI_0069
39,ROI_0069,S2A_MSIL1C_20200624T151711_N0209_R125_T18LTM_20200624T183952,ROI_0069
40,ROI_0079,S2A_MSIL1C_20190120T203751_N0207_R114_T08VMM_20190120T220144,ROI_0079
41,ROI_0079,S2B_MSIL1C_20190624T202849_N0207_R114_T08VMM_20190624T222016,ROI_0079
42,ROI_0079,S2A_MSIL1C_20190706T201851_N0207_R071_T08VMM_20190706T234253,ROI_0079
43,ROI_0079,S2A_MSIL1C_20200630T201851_N0209_R071_T08VMM_20200630T234014,ROI_0079
44,ROI_0079,S2B_MSIL1C_20200725T201849_N0209_R071_T08VMM_20200725T220610,ROI_0079
45,ROI_0085,S2A_MSIL1C_20190623T182921_N0207_R027_T11TPJ_20190623T232721,ROI_0085
46,ROI_0085,S2A_MSIL1C_20190822T182921_N0208_R027_T11TPJ_20190822T233608,ROI_0085
47,ROI_0085,S2A_MSIL1C_20190911T182921_N0208_R027_T11TPJ_20190911T234249,ROI_0085
48,ROI_0085,S2B_MSIL1C_20200602T182919_N0209_R027_T11TPJ_20200602T220412,ROI_0085
49,ROI_0085,S2A_MSIL1C_20200707T182921_N0209_R027_T11TPJ_20200707T220703,ROI_0085
50,ROI_0106,S2B_MSIL1C_20190509T152649_N0207_R025_T18LTN_20190509T201533,ROI_0106
51,ROI_0106,S2A_MSIL1C_20191220T152631_N0208_R025_T18LTN_20191220T184708,ROI_0106
52,ROI_0106,S2B_MSIL1C_20200304T152639_N0209_R025_T18LTN_20200304T201201,ROI_0106
53,ROI_0106,S2B_MSIL1C_20200612T152639_N0209_R025_T18LTN_20200612T201212,ROI_0106
54,ROI_0106,S2A_MSIL1C_20200617T152651_N0209_R025_T18LTN_20200617T221812,ROI_0106
55,ROI_0120,S2A_MSIL1C_20190302T045721_N0207_R119_T45TXE_20190302T083909,ROI_0120
56,ROI_0120,S2A_MSIL1C_20190829T045701_N0208_R119_T45TXE_20190829T080414,ROI_0120
57,ROI_0120,S2A_MSIL1C_20191008T045701_N0208_R119_T45TXE_20191008T081036,ROI_0120
58,ROI_0120,S2B_MSIL1C_20191020T044819_N0208_R076_T45TXE_20191020T082846,ROI_0120
59,ROI_0120,S2B_MSIL1C_20191219T045209_N0208_R076_T45TXE_20191219T064317,ROI_0120
60,ROI_0141,S2B_MSIL1C_20181226T141039_N0207_R110_T19FDE_20181226T172720,ROI_0141
61,ROI_0141,S2B_MSIL1C_20190316T141049_N0207_R110_T19FDE_20190316T203712,ROI_0141
62,ROI_0141,S2A_MSIL1C_20190420T141051_N0207_R110_T19FDE_20190420T172801,ROI_0141
63,ROI_0141,S2A_MSIL1C_20191126T141051_N0208_R110_T19FDE_20191126T172653,ROI_0141
64,ROI_0141,S2B_MSIL1C_20200419T141039_N0209_R110_T19FDE_20200419T172548,ROI_0141
65,ROI_0153,S2B_MSIL1C_20190405T141049_N0207_R110_T20JPM_20190405T172750,ROI_0153
66,ROI_0153,S2A_MSIL1C_20190709T141051_N0208_R110_T20JPM_20190709T155413,ROI_0153
67,ROI_0153,S2B_MSIL1C_20191201T141039_N0208_R110_T20JPM_20191201T172706,ROI_0153
68,ROI_0153,S2A_MSIL1C_20200411T140051_N0209_R067_T20JPM_20200411T172152,ROI_0153
69,ROI_0153,S2B_MSIL1C_20200628T141049_N0209_R110_T20JPM_20200628T173125,ROI_0153
70,ROI_0154,S2B_MSIL1C_20190326T141049_N0207_R110_T20HNJ_20190326T203814,ROI_0154
71,ROI_0154,S2A_MSIL1C_20191113T140051_N0208_R067_T20HNJ_20191113T153922,ROI_0154
72,ROI_0154,S2B_MSIL1C_20191231T141039_N0208_R110_T20HNJ_20191231T172812,ROI_0154
73,ROI_0154,S2B_MSIL1C_20200120T140639_N0208_R110_T20HNJ_20200120T173103,ROI_0154
74,ROI_0154,S2A_MSIL1C_20200201T135641_N0208_R067_T20HNJ_20200201T171927,ROI_0154
75,ROI_0159,S2A_MSIL1C_20190718T143751_N0208_R096_T19HBV_20190718T180104,ROI_0159
76,ROI_0159,S2A_MSIL1C_20191016T143731_N0208_R096_T18HYE_20191016T180017,ROI_0159
77,ROI_0159,S2B_MSIL1C_20200129T143659_N0208_R096_T18HYE_20200129T175853,ROI_0159
78,ROI_0159,S2A_MSIL1C_20200403T143721_N0209_R096_T19HBV_20200403T180123,ROI_0159
79,ROI_0159,S2B_MSIL1C_20200607T143729_N0209_R096_T19HBV_20200607T175811,ROI_0159
80,ROI_0165,S2A_MSIL1C_20190224T145721_N0207_R039_T19LBD_20190224T193936,ROI_0165
81,ROI_0165,S2B_MSIL1C_20190331T145729_N0207_R039_T19LBD_20190331T195056,ROI_0165
82,ROI_0165,S2B_MSIL1C_20190917T145729_N0208_R039_T19LBD_20190917T181132,ROI_0165
83,ROI_0165,S2A_MSIL1C_20191022T145731_N0208_R039_T19LBD_20191022T181021,ROI_0165
84,ROI_0165,S2A_MSIL1C_20191221T145721_N0208_R039_T19LBD_20191221T164151,ROI_0165
85,ROI_0197,S2B_MSIL1C_20190609T175919_N0207_R041_T14VPM_20190609T195814,ROI_0197
86,ROI_0197,S2A_MSIL1C_20190621T174911_N0207_R141_T14VPM_20190621T225649,ROI_0197
87,ROI_0197,S2A_MSIL1C_20190714T175921_N0208_R041_T14VPM_20190714T213731,ROI_0197
88,ROI_0197,S2A_MSIL1C_20200712T173911_N0209_R098_T14VPM_20200712T211852,ROI_0197
89,ROI_0197,S2B_MSIL1C_20200720T174909_N0209_R141_T14VPM_20200720T194737,ROI_0197
90,ROI_0201,S2A_MSIL1C_20190902T161901_N0208_R040_T16TGL_20190902T194713,ROI_0201
91,ROI_0201,S2A_MSIL1C_20190922T162001_N0208_R040_T16TGL_20190922T194508,ROI_0201
92,ROI_0201,S2A_MSIL1C_20191101T162431_N0208_R040_T17TKF_20191101T182528,ROI_0201
93,ROI_0201,S2A_MSIL1C_20200320T161951_N0209_R040_T16TGL_20200320T194500,ROI_0201
94,ROI_0201,S2A_MSIL1C_20200402T162851_N0209_R083_T17TKF_20200402T200909,ROI_0201
95,ROI_0212,S2A_MSIL1C_20190523T053651_N0207_R005_T48XVG_20190523T084243,ROI_0212
96,ROI_0212,S2B_MSIL1C_20190812T055639_N0208_R091_T48XVG_20190812T075417,ROI_0212
97,ROI_0212,S2A_MSIL1C_20190824T054641_N0208_R048_T48XVG_20190824T074206,ROI_0212
98,ROI_0212,S2A_MSIL1C_20190917T052651_N0208_R105_T48XVG_20190917T140300,ROI_0212
99,ROI_0212,S2A_MSIL1C_20190920T053641_N0208_R005_T48XVG_20190920T073614,ROI_0212
100,ROI_0235,S2B_MSIL1C_20190607T053649_N0207_R005_T44UNV_20190607T082448,ROI_0235
101,ROI_0235,S2B_MSIL1C_20200402T053639_N0209_R005_T44UNV_20200402T082255,ROI_0235
102,ROI_0235,S2B_MSIL1C_20200512T053639_N0209_R005_T44UNV_20200512T092349,ROI_0235
103,ROI_0235,S2B_MSIL1C_20200601T053649_N0209_R005_T44UNV_20200601T082542,ROI_0235
104,ROI_0235,S2B_MSIL1C_20200711T053649_N0209_R005_T44UNV_20200711T083935,ROI_0235
105,ROI_0243,S2B_MSIL1C_20180516T090549_N0206_R050_T35TLJ_20180516T111539,ROI_0243
106,ROI_0243,S2A_MSIL1C_20180802T092031_N0206_R093_T35TLJ_20180802T113602,ROI_0243
107,ROI_0243,S2B_MSIL1C_20190524T092039_N0207_R093_T35TLJ_20190524T113952,ROI_0243
108,ROI_0243,S2A_MSIL1C_20190728T092031_N0208_R093_T35TLJ_20190728T112153,ROI_0243
109,ROI_0243,S2B_MSIL1C_20191001T092029_N0208_R093_T35TLJ_20191001T124437,ROI_0243
110,ROI_0245,S2A_MSIL1C_20180213T110141_N0206_R094_T31UDR_20180213T131320,ROI_0245
111,ROI_0245,S2B_MSIL1C_20180526T105029_N0206_R051_T31UDR_20180526T143434,ROI_0245
112,ROI_0245,S2B_MSIL1C_20180625T105029_N0206_R051_T31UDR_20180625T125829,ROI_0245
113,ROI_0245,S2A_MSIL1C_20190708T105621_N0208_R094_T31UDR_20190708T112621,ROI_0245
114,ROI_0245,S2B_MSIL1C_20200614T104629_N0209_R051_T31UDR_20200614T132040,ROI_0245
115,ROI_0264,S2B_MSIL1C_20190120T080239_N0207_R035_T35HLD_20190120T113542,ROI_0264
116,ROI_0264,S2B_MSIL1C_20190321T075619_N0207_R035_T35HKD_20190321T114118,ROI_0264
117,ROI_0264,S2B_MSIL1C_20190410T075619_N0207_R035_T35HKD_20190410T131630,ROI_0264
118,ROI_0264,S2B_MSIL1C_20190719T075619_N0208_R035_T35HKD_20190719T110057,ROI_0264
119,ROI_0264,S2A_MSIL1C_20200628T075611_N0209_R035_T35HKD_20200628T101636,ROI_0264
120,ROI_0268,S2B_MSIL1C_20190129T071209_N0207_R020_T38KNV_20190129T102509,ROI_0268
121,ROI_0268,S2A_MSIL1C_20190213T071201_N0207_R020_T38KNV_20190213T120359,ROI_0268
122,ROI_0268,S2B_MSIL1C_20190218T071209_N0207_R020_T38KNV_20190218T103911,ROI_0268
123,ROI_0268,S2A_MSIL1C_20190603T071211_N0207_R020_T38KNV_20190603T095007,ROI_0268
124,ROI_0268,S2A_MSIL1C_20190613T071211_N0207_R020_T38KNV_20190613T095046,ROI_0268
125,ROI_0271,S2B_MSIL1C_20181226T053229_N0207_R105_T43QFG_20181226T082912,ROI_0271
126,ROI_0271,S2B_MSIL1C_20190214T052929_N0207_R105_T43QFG_20190214T090216,ROI_0271
127,ROI_0271,S2B_MSIL1C_20190724T052659_N0208_R105_T43QFG_20190724T090641,ROI_0271
128,ROI_0271,S2B_MSIL1C_20190922T052649_N0208_R105_T43QFG_20190922T091415,ROI_0271
129,ROI_0271,S2A_MSIL1C_20200224T052811_N0209_R105_T43QFG_20200224T073724,ROI_0271
130,ROI_0285,S2A_MSIL1C_20190220T001631_N0207_R116_T55HBB_20190220T015300,ROI_0285
131,ROI_0285,S2A_MSIL1C_20190312T002051_N0207_R116_T55HBB_20190312T014722,ROI_0285
132,ROI_0285,S2B_MSIL1C_20190715T002109_N0208_R116_T55HBB_20190715T014220,ROI_0285
133,ROI_0285,S2B_MSIL1C_20200210T002049_N0209_R116_T55HBB_20200210T013917,ROI_0285
134,ROI_0285,S2B_MSIL1C_20200410T002049_N0209_R116_T55HBB_20200410T014236,ROI_0285
135,ROI_0309,S2A_MSIL1C_20181220T130241_N0207_R095_T24LTJ_20181220T143033,ROI_0309
136,ROI_0309,S2A_MSIL1C_20190109T130241_N0207_R095_T24LTJ_20190109T143111,ROI_0309
137,ROI_0309,S2A_MSIL1C_20190218T130241_N0207_R095_T24LTJ_20190218T143724,ROI_0309
138,ROI_0309,S2B_MSIL1C_20191120T130249_N0208_R095_T24LTJ_20191120T133737,ROI_0309
139,ROI_0309,S2A_MSIL1C_20200503T130251_N0209_R095_T24LTJ_20200503T143813,ROI_0309
140,ROI_0331,S2B_MSIL1C_20181222T073319_N0207_R049_T37NHJ_20181222T092919,ROI_0331
141,ROI_0331,S2A_MSIL1C_20190416T072621_N0207_R049_T37PHK_20190416T094443,ROI_0331
142,ROI_0331,S2B_MSIL1C_20190421T072619_N0207_R049_T37PHK_20190421T102305,ROI_0331
143,ROI_0331,S2B_MSIL1C_20191008T072759_N0208_R049_T38NKP_20191008T102349,ROI_0331
144,ROI_0331,S2B_MSIL1C_20191117T073109_N0208_R049_T37PHK_20191117T094234,ROI_0331
145,ROI_0342,S2A_MSIL1C_20181228T084351_N0207_R064_T33KZT_20181228T103837,ROI_0342
146,ROI_0342,S2B_MSIL1C_20190201T084159_N0207_R064_T33KZT_20190201T121624,ROI_0342
147,ROI_0342,S2B_MSIL1C_20190402T083559_N0207_R064_T34KBC_20190402T123206,ROI_0342
148,ROI_0342,S2A_MSIL1C_20190427T083601_N0207_R064_T33KZT_20190427T110151,ROI_0342
149,ROI_0342,S2A_MSIL1C_20191103T084121_N0208_R064_T34KBC_20191103T105237,ROI_0342
150,ROI_0343,S2A_MSIL1C_20181221T023241_N0207_R103_T49KHR_20181221T072031,ROI_0343
151,ROI_0343,S2A_MSIL1C_20181221T023241_N0207_R103_T50KKA_20181221T072031,ROI_0343
152,ROI_0343,S2A_MSIL1C_20190130T023251_N0207_R103_T50KKA_20190130T053807,ROI_0343
153,ROI_0343,S2A_MSIL1C_20200414T023251_N0209_R103_T50KKA_20200414T053717,ROI_0343
154,ROI_0343,S2B_MSIL1C_20200429T023249_N0209_R103_T49KHR_20200429T053623,ROI_0343
155,ROI_0362,S2A_MSIL1C_20190706T201851_N0207_R071_T08VNL_20190706T234253,ROI_0362
156,ROI_0362,S2A_MSIL1C_20190904T201931_N0208_R071_T08VNL_20190904T234753,ROI_0362
157,ROI_0362,S2B_MSIL1C_20190929T202229_N0208_R071_T08VNL_20190929T222302,ROI_0362
158,ROI_0362,S2A_MSIL1C_20200521T201901_N0209_R071_T08VNL_20200521T234051,ROI_0362
159,ROI_0362,S2A_MSIL1C_20200630T201851_N0209_R071_T08VNL_20200630T234014,ROI_0362
160,ROI_0374,S2A_MSIL1C_20190505T043701_N0207_R033_T46RBU_20190505T075521,ROI_0374
161,ROI_0374,S2B_MSIL1C_20191017T043759_N0208_R033_T46RBU_20191017T081817,ROI_0374
162,ROI_0374,S2B_MSIL1C_20191226T044209_N0208_R033_T46RBV_20191226T073513,ROI_0374
163,ROI_0374,S2A_MSIL1C_20200209T043931_N0209_R033_T46RBU_20200209T073726,ROI_0374
164,ROI_0374,S2B_MSIL1C_20200723T043659_N0209_R033_T46RBU_20200723T073813,ROI_0374
165,ROI_0391,S2A_MSIL1C_20190331T120701_N0207_R109_T33XWF_20190331T172709,ROI_0391
166,ROI_0391,S2A_MSIL1C_20190618T123701_N0207_R095_T33XWF_20190618T143621,ROI_0391
167,ROI_0391,S2B_MSIL1C_20190723T123709_N0208_R095_T33XWF_20190723T134337,ROI_0391
168,ROI_0391,S2A_MSIL1C_20200503T123701_N0209_R095_T33XWF_20200503T131645,ROI_0391
169,ROI_0391,S2A_MSIL1C_20200620T115651_N0209_R066_T33XWF_20200620T122952,ROI_0391
170,ROI_0400,S2A_MSIL1C_20190328T051651_N0207_R062_T44SME_20190328T103821,ROI_0400
171,ROI_0400,S2A_MSIL1C_20190407T051651_N0207_R062_T44SME_20190407T083823,ROI_0400
172,ROI_0400,S2B_MSIL1C_20190502T051659_N0207_R062_T44SME_20190502T085837,ROI_0400
173,ROI_0400,S2B_MSIL1C_20190701T051659_N0207_R062_T44SME_20190701T085752,ROI_0400
174,ROI_0400,S2B_MSIL1C_20200725T051649_N0209_R062_T44SME_20200725T091042,ROI_0400
175,ROI_0405,S2B_MSIL1C_20180705T122649_N0206_R052_T33XWG_20180705T161623,ROI_0405
176,ROI_0405,S2B_MSIL1C_20180728T123659_N0206_R095_T33XWG_20180728T164319,ROI_0405
177,ROI_0405,S2A_MSIL1C_20190807T123701_N0208_R095_T33XWG_20190807T131547,ROI_0405
178,ROI_0405,S2A_MSIL1C_20200617T114651_N0209_R023_T33XWG_20200617T170424,ROI_0405
179,ROI_0405,S2B_MSIL1C_20200724T122659_N0209_R052_T33XWG_20200724T134203,ROI_0405
180,ROI_0413,S2A_MSIL1C_20190112T144731_N0207_R139_T19LEC_20190112T163226,ROI_0413
181,ROI_0413,S2A_MSIL1C_20190402T144731_N0207_R139_T19LEC_20190402T181117,ROI_0413
182,ROI_0413,S2A_MSIL1C_20190731T144741_N0208_R139_T19LEC_20190731T193405,ROI_0413
183,ROI_0413,S2A_MSIL1C_20200327T144721_N0209_R139_T19LEC_20200327T181141,ROI_0413
184,ROI_0413,S2B_MSIL1C_20200730T144729_N0209_R139_T19LEC_20200730T181814,ROI_0413
185,ROI_0428,S2B_MSIL1C_20190127T144729_N0207_R139_T19LDD_20190127T163401,ROI_0428
186,ROI_0428,S2A_MSIL1C_20190303T144731_N0207_R139_T19LDD_20190303T181324,ROI_0428
187,ROI_0428,S2B_MSIL1C_20190407T144739_N0207_R139_T19LDD_20190407T180940,ROI_0428
188,ROI_0428,S2A_MSIL1C_20190502T144741_N0207_R139_T19LDD_20190502T181405,ROI_0428
189,ROI_0428,S2A_MSIL1C_20200127T144701_N0208_R139_T19LDD_20200127T180948,ROI_0428
190,ROI_0489,S2A_MSIL1C_20190427T015701_N0207_R060_T53TPN_20190427T040043,ROI_0489
191,ROI_0489,S2A_MSIL1C_20190623T014701_N0207_R017_T53TPN_20190623T034205,ROI_0489
192,ROI_0489,S2B_MSIL1C_20190906T014659_N0208_R017_T53TPN_20190906T043528,ROI_0489
193,ROI_0489,S2A_MSIL1C_20191014T015701_N0208_R060_T53TPN_20191014T040246,ROI_0489
194,ROI_0489,S2A_MSIL1C_20200528T014701_N0209_R017_T53TPN_20200528T040335,ROI_0489
195,ROI_0502,S2A_MSIL1C_20180207T104211_N0206_R008_T33VWJ_20180207T124633,ROI_0502
196,ROI_0502,S2A_MSIL1C_20180316T103021_N0206_R108_T33VWJ_20180316T123927,ROI_0502
197,ROI_0502,S2B_MSIL1C_20180520T103019_N0206_R108_T33VWJ_20180520T122921,ROI_0502
198,ROI_0502,S2A_MSIL1C_20180707T104021_N0206_R008_T33VWJ_20180707T124148,ROI_0502
199,ROI_0502,S2A_MSIL1C_20200427T104031_N0209_R008_T33VVJ_20200427T123510,ROI_0502
200,ROI_0503,S2B_MSIL1C_20190319T190109_N0207_R013_T10TDK_20190320T000140,ROI_0503
201,ROI_0503,S2A_MSIL1C_20190324T190031_N0207_R013_T10TDK_20190325T001055,ROI_0503
202,ROI_0503,S2B_MSIL1C_20190428T185929_N0207_R013_T10TDK_20190428T205245,ROI_0503
203,ROI_0503,S2A_MSIL1C_20200318T190111_N0209_R013_T10TDK_20200318T223049,ROI_0503
204,ROI_0503,S2B_MSIL1C_20200323T185939_N0209_R013_T10TDK_20200324T000446,ROI_0503
205,ROI_0535,S2B_MSIL1C_20190429T182929_N0207_R027_T11TPN_20190429T221950,ROI_0535
206,ROI_0535,S2B_MSIL1C_20190512T183929_N0207_R070_T11TPN_20190512T203940,ROI_0535
207,ROI_0535,S2B_MSIL1C_20190628T182929_N0207_R027_T11TPN_20190628T221748,ROI_0535
208,ROI_0535,S2B_MSIL1C_20200307T184219_N0209_R070_T11TPN_20200307T221001,ROI_0535
209,ROI_0535,S2A_MSIL1C_20200610T183921_N0209_R070_T11TPM_20200610T221531,ROI_0535
210,ROI_0539,S2A_MSIL1C_20190322T163951_N0207_R126_T16SBB_20190322T202016,ROI_0539
211,ROI_0539,S2B_MSIL1C_20190403T162839_N0207_R083_T16SBB_20190403T195454,ROI_0539
212,ROI_0539,S2A_MSIL1C_20190720T163901_N0208_R126_T16SBB_20190720T232650,ROI_0539
213,ROI_0539,S2B_MSIL1C_20191219T163709_N0208_R083_T16SBB_20191219T200431,ROI_0539
214,ROI_0539,S2B_MSIL1C_20200308T163019_N0209_R083_T16SBB_20200308T195524,ROI_0539
215,ROI_0583,S2A_MSIL1C_20190512T144741_N0207_R139_T19LDE_20190512T181112,ROI_0583
216,ROI_0583,S2A_MSIL1C_20190731T144741_N0208_R139_T19LDE_20190731T193405,ROI_0583
217,ROI_0583,S2A_MSIL1C_20190929T144731_N0208_R139_T19LDE_20190929T181515,ROI_0583
218,ROI_0583,S2B_MSIL1C_20200401T144729_N0209_R139_T19LDE_20200401T180919,ROI_0583
219,ROI_0583,S2A_MSIL1C_20200526T144731_N0209_R139_T19LDE_20200526T181059,ROI_0583
220,ROI_0591,S2B_MSIL1C_20190308T144729_N0207_R139_T20NKJ_20190308T180913,ROI_0591
221,ROI_0591,S2A_MSIL1C_20190830T144731_N0208_R139_T20NLJ_20190830T162905,ROI_0591
222,ROI_0591,S2A_MSIL1C_20191118T144731_N0208_R139_T20NKJ_20191118T163019,ROI_0591
223,ROI_0591,S2A_MSIL1C_20200406T144721_N0209_R139_T20NLJ_20200406T162725,ROI_0591
224,ROI_0591,S2B_MSIL1C_20200710T144729_N0209_R139_T20NKJ_20200710T163055,ROI_0591
225,ROI_0593,S2A_MSIL1C_20190218T143751_N0207_R096_T20MKT_20190218T161945,ROI_0593
226,ROI_0593,S2A_MSIL1C_20190509T143751_N0207_R096_T20MKT_20190509T180139,ROI_0593
227,ROI_0593,S2A_MSIL1C_20190618T143751_N0207_R096_T20MKT_20190618T175710,ROI_0593
228,ROI_0593,S2A_MSIL1C_20191215T143721_N0208_R096_T20MKT_20191215T162017,ROI_0593
229,ROI_0593,S2A_MSIL1C_20200612T143731_N0209_R096_T20MKT_20200612T180036,ROI_0593
230,ROI_0628,S2A_MSIL1C_20190217T163341_N0207_R083_T15QXU_20190217T195500,ROI_0628
231,ROI_0628,S2B_MSIL1C_20190622T162839_N0207_R083_T15QXU_20190622T195211,ROI_0628
232,ROI_0628,S2A_MSIL1C_20191214T163701_N0208_R083_T15QXU_20191214T195107,ROI_0628
233,ROI_0628,S2B_MSIL1C_20200427T162829_N0209_R083_T15QXU_20200427T195411,ROI_0628
234,ROI_0628,S2B_MSIL1C_20200616T162839_N0209_R083_T15QXU_20200616T195413,ROI_0628
235,ROI_0634,S2A_MSIL1C_20190407T165851_N0207_R069_T14QLE_20190407T221052,ROI_0634
236,ROI_0634,S2A_MSIL1C_20190507T165901_N0207_R069_T14QLE_20190507T221528,ROI_0634
237,ROI_0634,S2B_MSIL1C_20190621T165859_N0207_R069_T14QLE_20190621T203412,ROI_0634
238,ROI_0634,S2B_MSIL1C_20190721T165859_N0208_R069_T14QLE_20190725T154550,ROI_0634
239,ROI_0634,S2A_MSIL1C_20200201T170521_N0208_R069_T14QLE_20200201T203404,ROI_0634
240,ROI_0679,S2A_MSIL1C_20181215T183751_N0207_R027_T11TNJ_20181215T201507,ROI_0679
241,ROI_0679,S2B_MSIL1C_20190201T184609_N0207_R070_T11TNJ_20190201T203016,ROI_0679
242,ROI_0679,S2A_MSIL1C_20190527T183921_N0207_R070_T11TNJ_20190527T234757,ROI_0679
243,ROI_0679,S2A_MSIL1C_20191120T183651_N0208_R027_T11TNJ_20191120T202310,ROI_0679
244,ROI_0679,S2A_MSIL1C_20200322T184031_N0209_R070_T11TNJ_20200322T221515,ROI_0679
245,ROI_0687,S2A_MSIL1C_20190430T052651_N0207_R105_T43QCA_20190430T084523,ROI_0687
246,ROI_0687,S2A_MSIL1C_20191017T052821_N0208_R105_T43QCA_20191017T083119,ROI_0687
247,ROI_0687,S2B_MSIL1C_20191101T052949_N0208_R105_T43QCA_20191101T090254,ROI_0687
248,ROI_0687,S2A_MSIL1C_20200514T052651_N0209_R105_T43QCA_20200514T083730,ROI_0687
249,ROI_0687,S2A_MSIL1C_20200713T052651_N0209_R105_T43QCA_20200713T083502,ROI_0687
250,ROI_0702,S2A_MSIL1C_20190119T143751_N0207_R096_T19KEB_20190119T180257,ROI_0702
251,ROI_0702,S2B_MSIL1C_20190124T143749_N0207_R096_T19KEB_20190124T180053,ROI_0702
252,ROI_0702,S2B_MSIL1C_20190407T144739_N0207_R139_T19KEB_20190407T180940,ROI_0702
253,ROI_0702,S2A_MSIL1C_20190916T143751_N0208_R096_T19KEB_20190916T175937,ROI_0702
254,ROI_0702,S2B_MSIL1C_20191110T143729_N0208_R096_T19KEB_20191110T180023,ROI_0702
255,ROI_0709,S2B_MSIL1C_20190122T084249_N0207_R064_T36UXU_20190122T104235,ROI_0709
256,ROI_0709,S2A_MSIL1C_20190407T083601_N0207_R064_T36UXU_20190407T104310,ROI_0709
257,ROI_0709,S2B_MSIL1C_20190412T083609_N0207_R064_T36UXU_20190412T122445,ROI_0709
258,ROI_0709,S2A_MSIL1C_20190709T084601_N0208_R107_T36UXU_20190709T105244,ROI_0709
259,ROI_0709,S2B_MSIL1C_20200715T083559_N0209_R064_T36UXU_20200715T110214,ROI_0709
260,ROI_0724,S2A_MSIL1C_20181210T110431_N0207_R094_T31UDQ_20181210T113114,ROI_0724
261,ROI_0724,S2A_MSIL1C_20190608T105621_N0207_R094_T31UDQ_20190608T112701,ROI_0724
262,ROI_0724,S2B_MSIL1C_20190918T105029_N0208_R051_T31UDQ_20190918T132356,ROI_0724
263,ROI_0724,S2A_MSIL1C_20191006T105941_N0208_R094_T31UDQ_20191006T114415,ROI_0724
264,ROI_0724,S2B_MSIL1C_20191217T105349_N0208_R051_T31UDQ_20191217T115828,ROI_0724
265,ROI_0736,S2A_MSIL1C_20190322T151701_N0207_R125_T18LTM_20190322T200057,ROI_0069
266,ROI_0736,S2B_MSIL1C_20191003T151709_N0208_R125_T18LTM_20191003T200602,ROI_0069
267,ROI_0736,S2B_MSIL1C_20200111T151659_N0208_R125_T18LTM_20200111T183955,ROI_0069
268,ROI_0736,S2B_MSIL1C_20200510T151659_N0209_R125_T18LTM_20200510T200110,ROI_0069
269,ROI_0736,S2B_MSIL1C_20200530T151709_N0209_R125_T18LTM_20200530T184212,ROI_0069
270,ROI_0747,S2B_MSIL1C_20191202T151659_N0208_R125_T18LTM_20191202T183841,ROI_0069
271,ROI_0747,S2A_MSIL1C_20200225T151701_N0209_R125_T18LTM_20200225T183747,ROI_0069
272,ROI_0747,S2A_MSIL1C_20200228T152631_N0209_R025_T18LTM_20200228T185126,ROI_0069
273,ROI_0747,S2B_MSIL1C_20200304T152639_N0209_R025_T18LTM_20200304T201201,ROI_0069
274,ROI_0747,S2A_MSIL1C_20200316T151701_N0209_R125_T18LTM_20200316T201808,ROI_0069
275,ROI_0754,S2A_MSIL1C_20190704T025551_N0207_R032_T48MXU_20190704T074133,ROI_0754
276,ROI_0754,S2B_MSIL1C_20190818T025549_N0208_R032_T48MXU_20190818T071338,ROI_0754
277,ROI_0754,S2A_MSIL1C_20191211T030121_N0208_R032_T48MXU_20191211T055310,ROI_0754
278,ROI_0754,S2B_MSIL1C_20200414T025539_N0209_R032_T48MXU_20200414T072619,ROI_0754
279,ROI_0754,S2B_MSIL1C_20200524T025549_N0209_R032_T48MXU_20200524T073111,ROI_0754
280,ROI_0792,S2A_MSIL1C_20190313T074711_N0207_R135_T35JPM_20190313T131618,ROI_0792
281,ROI_0792,S2B_MSIL1C_20190606T074619_N0207_R135_T35JPM_20190606T104039,ROI_0792
282,ROI_0792,S2A_MSIL1C_20190830T074611_N0208_R135_T35JPM_20190830T100724,ROI_0792
283,ROI_0792,S2A_MSIL1C_20200107T075311_N0208_R135_T35JPM_20200107T094354,ROI_0792
284,ROI_0792,S2A_MSIL1C_20200307T074751_N0209_R135_T35JPM_20200307T100415,ROI_0792
285,ROI_0836,S2B_MSIL1C_20190107T075319_N0207_R135_T35JNM_20190107T095014,ROI_0836
286,ROI_0836,S2A_MSIL1C_20190313T074711_N0207_R135_T35JNM_20190313T131618,ROI_0836
287,ROI_0836,S2B_MSIL1C_20190904T074619_N0208_R135_T35JNM_20190904T104332,ROI_0836
288,ROI_0836,S2A_MSIL1C_20200206T075111_N0209_R135_T35JPM_20200206T095152,ROI_0836
289,ROI_0836,S2A_MSIL1C_20200605T074621_N0209_R135_T35JNM_20200605T100543,ROI_0836
290,ROI_0846,S2A_MSIL1C_20190210T031851_N0207_R118_T49TFF_20190210T065301,ROI_0846
291,ROI_0846,S2A_MSIL1C_20190610T031541_N0207_R118_T49TFF_20190610T062216,ROI_0846
292,ROI_0846,S2A_MSIL1C_20190630T031541_N0207_R118_T49TFF_20190630T060803,ROI_0846
293,ROI_0846,S2B_MSIL1C_20200321T031539_N0209_R118_T49TFF_20200321T062237,ROI_0846
294,ROI_0846,S2B_MSIL1C_20200719T031539_N0209_R118_T49TFF_20200719T065313,ROI_0846
295,ROI_0868,S2A_MSIL1C_20190113T072241_N0207_R006_T39TWF_20190113T093155,ROI_0868
296,ROI_0868,S2B_MSIL1C_20190829T072619_N0208_R049_T39TWF_20190829T094334,ROI_0868
297,ROI_0868,S2A_MSIL1C_20200417T071621_N0209_R006_T39TWF_20200417T091920,ROI_0868
298,ROI_0868,S2A_MSIL1C_20200706T071621_N0209_R006_T39TWF_20200706T091828,ROI_0868
299,ROI_0868,S2A_MSIL1C_20200709T072621_N0209_R049_T39TWF_20200709T092910,ROI_0868
300,ROI_0870,S2B_MSIL1C_20190617T142049_N0207_R010_T18FXL_20190617T173520,ROI_0870
301,ROI_0870,S2B_MSIL1C_20191124T141729_N0208_R010_T18FXL_20191124T174055,ROI_0870
302,ROI_0870,S2B_MSIL1C_20191214T141729_N0208_R010_T18FXL_20191214T173905,ROI_0870
303,ROI_0870,S2A_MSIL1C_20200311T142731_N0209_R053_T18FXL_20200311T192308,ROI_0870
304,ROI_0870,S2B_MSIL1C_20200614T142739_N0209_R053_T18FXL_20200614T192846,ROI_0870
305,ROI_0873,S2A_MSIL1C_20190316T162021_N0207_R040_T16PBC_20190316T195545,ROI_0873
306,ROI_0873,S2A_MSIL1C_20190405T161901_N0207_R040_T16PBC_20190405T195921,ROI_0873
307,ROI_0873,S2B_MSIL1C_20190530T161839_N0207_R040_T16PBC_20190530T195533,ROI_0873
308,ROI_0873,S2A_MSIL1C_20190714T161911_N0208_R040_T16PBC_20190714T195538,ROI_0873
309,ROI_0873,S2A_MSIL1C_20200130T162521_N0208_R040_T16PBC_20200130T194200,ROI_0873
310,ROI_0877,S2B_MSIL1C_20190505T084609_N0207_R107_T33MZT_20190505T114312,ROI_0877
311,ROI_0877,S2A_MSIL1C_20190609T084601_N0207_R107_T33MZT_20190609T123409,ROI_0877
312,ROI_0877,S2A_MSIL1C_20190808T084601_N0208_R107_T33MZT_20190808T123306,ROI_0877
313,ROI_0877,S2B_MSIL1C_20190922T084639_N0208_R107_T33MZT_20190922T123103,ROI_0877
314,ROI_0877,S2B_MSIL1C_20200120T085159_N0208_R107_T33MZT_20200120T111106,ROI_0877
315,ROI_0902,S2B_MSIL1C_20190308T144729_N0207_R139_T19KEB_20190308T180913,ROI_0902
316,ROI_0902,S2A_MSIL1C_20190502T144741_N0207_R139_T19KEB_20190502T181405,ROI_0902
317,ROI_0902,S2B_MSIL1C_20190507T144739_N0207_R139_T19KEB_20190507T180915,ROI_0902
318,ROI_0902,S2B_MSIL1C_20190706T144739_N0207_R139_T19KEB_20190706T181112,ROI_0902
319,ROI_0902,S2B_MSIL1C_20200630T144729_N0209_R139_T19KEB_20200630T180941,ROI_0902
320,ROI_0906,S2B_MSIL1C_20181217T164709_N0207_R126_T16TEM_20181217T201415,ROI_0906
321,ROI_0906,S2A_MSIL1C_20190131T164521_N0207_R126_T16TEM_20190131T184200,ROI_0906
322,ROI_0906,S2A_MSIL1C_20190717T162901_N0208_R083_T16TEM_20190717T201253,ROI_0906
323,ROI_0906,S2A_MSIL1C_20190730T163901_N0208_R126_T16TEM_20190730T200625,ROI_0906
324,ROI_0906,S2B_MSIL1C_20191102T164439_N0208_R126_T16TEM_20191102T200813,ROI_0906
325,ROI_0908,S2B_MSIL1C_20190426T151709_N0207_R125_T19PBN_20190426T184127,ROI_0908
326,ROI_0908,S2A_MSIL1C_20190531T151711_N0207_R125_T18PZT_20190531T184101,ROI_0908
327,ROI_0908,S2A_MSIL1C_20200126T151701_N0208_R125_T19PBN_20200126T165441,ROI_0908
328,ROI_0908,S2B_MSIL1C_20200609T151709_N0209_R125_T18PZT_20200609T201206,ROI_0908
329,ROI_0908,S2B_MSIL1C_20200619T151709_N0209_R125_T19PBN_20200619T201400,ROI_0908
330,ROI_0913,S2A_MSIL1C_20190410T084601_N0207_R107_T33MZU_20190410T141319,ROI_0913
331,ROI_0913,S2A_MSIL1C_20190808T084601_N0208_R107_T33MZU_20190808T123306,ROI_0913
332,ROI_0913,S2A_MSIL1C_20191007T084831_N0208_R107_T33MZU_20191007T110655,ROI_0913
333,ROI_0913,S2B_MSIL1C_20200429T084559_N0209_R107_T33MZU_20200429T123415,ROI_0913
334,ROI_0913,S2B_MSIL1C_20200628T084559_N0209_R107_T33MZU_20200628T123421,ROI_0913
335,ROI_0922,S2A_MSIL1C_20190430T184921_N0207_R113_T12VVL_20190430T222835,ROI_0922
336,ROI_0922,S2A_MSIL1C_20190517T183921_N0207_R070_T12VVL_20190517T221643,ROI_0922
337,ROI_0922,S2A_MSIL1C_20190606T183921_N0207_R070_T12VVL_20190606T221658,ROI_0922
338,ROI_0922,S2A_MSIL1C_20190626T183921_N0207_R070_T12VVL_20190626T221728,ROI_0922
339,ROI_0922,S2B_MSIL1C_20190704T184929_N0207_R113_T12VVL_20190704T204635,ROI_0922
340,ROI_0930,S2A_MSIL1C_20180601T102021_N0206_R065_T33VVF_20180601T123308,ROI_0930
341,ROI_0930,S2B_MSIL1C_20190614T103029_N0207_R108_T33VVF_20190614T122650,ROI_0930
342,ROI_0930,S2B_MSIL1C_20190922T103019_N0208_R108_T33VVF_20190922T124328,ROI_0930
343,ROI_0930,S2A_MSIL1C_20200630T102031_N0209_R065_T33VVF_20200630T123305,ROI_0930
344,ROI_0930,S2A_MSIL1C_20200713T103031_N0209_R108_T33VVF_20200713T111128,ROI_0930
345,ROI_0936,S2A_MSIL1C_20190329T080611_N0207_R078_T35LPK_20190329T102712,ROI_0936
346,ROI_0936,S2A_MSIL1C_20191015T080911_N0208_R078_T35LPK_20191015T100720,ROI_0936
347,ROI_0936,S2B_MSIL1C_20191030T081009_N0208_R078_T35LPK_20191030T105457,ROI_0936
348,ROI_0936,S2B_MSIL1C_20200407T080609_N0209_R078_T35LPK_20200407T110955,ROI_0936
349,ROI_0936,S2B_MSIL1C_20200606T080609_N0209_R078_T35LPK_20200606T110055,ROI_0936
350,ROI_0944,S2A_MSIL1C_20190402T144731_N0207_R139_T19LDC_20190402T181117,ROI_0944
351,ROI_0944,S2A_MSIL1C_20190412T144731_N0207_R139_T19LDC_20190412T180920,ROI_0944
352,ROI_0944,S2A_MSIL1C_20190810T144741_N0208_R139_T19LDC_20190810T181210,ROI_0944
353,ROI_0944,S2A_MSIL1C_20200605T144731_N0209_R139_T19LDC_20200605T180835,ROI_0944
354,ROI_0944,S2B_MSIL1C_20200610T144729_N0209_R139_T19LDC_20200610T180740,ROI_0944
355,ROI_0949,S2A_MSIL1C_20190310T160051_N0207_R097_T16PFT_20190310T210505,ROI_0949
356,ROI_0949,S2A_MSIL1C_20190906T155901_N0208_R097_T16PFT_20190906T210650,ROI_0949
357,ROI_0949,S2A_MSIL1C_20191016T160241_N0208_R097_T16PFT_20191016T194255,ROI_0949
358,ROI_0949,S2A_MSIL1C_20200304T160131_N0209_R097_T16PFT_20200304T210629,ROI_0949
359,ROI_0949,S2A_MSIL1C_20200702T155911_N0209_R097_T16PFT_20200702T211018,ROI_0949
360,ROI_0963,S2A_MSIL1C_20190720T163901_N0208_R126_T17ULA_20190720T220016,ROI_0963
361,ROI_0963,S2A_MSIL1C_20191028T164411_N0208_R126_T17ULA_20191028T184246,ROI_0963
362,ROI_0963,S2B_MSIL1C_20200503T164839_N0209_R026_T17ULA_20200503T203028,ROI_0963
363,ROI_0963,S2B_MSIL1C_20200609T163839_N0209_R126_T17ULA_20200609T200806,ROI_0963
364,ROI_0963,S2A_MSIL1C_20200624T163901_N0209_R126_T17ULA_20200624T200906,ROI_0963
365,ROI_0986,S2B_MSIL1C_20190602T162839_N0207_R083_T17UMU_20190602T200442,ROI_0986
366,ROI_0986,S2B_MSIL1C_20190814T163849_N0208_R126_T17UMU_20190814T202043,ROI_0986
367,ROI_0986,S2A_MSIL1C_20190826T162901_N0208_R083_T17UMU_20190826T215051,ROI_0986
368,ROI_0986,S2A_MSIL1C_20190905T162901_N0208_R083_T17UMU_20190905T195822,ROI_0986
369,ROI_0986,S2B_MSIL1C_20191023T164339_N0208_R126_T17UMU_20191023T215114,ROI_0986
370,ROI_0994,S2B_MSIL1C_20190515T084609_N0207_R107_T37VFG_20190515T110915,ROI_0994
371,ROI_0994,S2A_MSIL1C_20190527T083601_N0207_R064_T37VFG_20190527T110217,ROI_0994
372,ROI_0994,S2B_MSIL1C_20190701T083609_N0207_R064_T37VFG_20190701T110236,ROI_0994
373,ROI_0994,S2B_MSIL1C_20190714T084609_N0208_R107_T37VFG_20190714T110930,ROI_0994
374,ROI_0994,S2A_MSIL1C_20190726T083611_N0208_R064_T37VFG_20190726T104344,ROI_0994
375,ROI_0995,S2A_MSIL1C_20190818T084601_N0208_R107_T38VLQ_20190818T105316,ROI_0995
376,ROI_0995,S2A_MSIL1C_20190911T082601_N0208_R021_T38VLQ_20190911T111445,ROI_0995
377,ROI_0995,S2B_MSIL1C_20191029T084009_N0208_R064_T38VLQ_20191029T110042,ROI_0995
378,ROI_0995,S2B_MSIL1C_20200330T084559_N0209_R107_T38VMQ_20200330T110642,ROI_0995
379,ROI_0995,S2B_MSIL1C_20200509T084559_N0209_R107_T38VLQ_20200509T111258,ROI_0995
380,ROI_0997,S2A_MSIL1C_20190905T080611_N0208_R078_T40WFB_20190905T094347,ROI_0997
381,ROI_0997,S2B_MSIL1C_20200616T080609_N0209_R078_T40WFB_20200616T101059,ROI_0997
382,ROI_0997,S2A_MSIL1C_20200621T080611_N0209_R078_T40WFB_20200621T102649,ROI_0997
383,ROI_0997,S2B_MSIL1C_20200703T075609_N0209_R035_T40WFB_20200703T100025,ROI_0997
384,ROI_0997,S2A_MSIL1C_20200725T074621_N0209_R135_T40WFB_20200725T092242,ROI_0997
385,ROI_1000,S2B_MSIL1C_20190403T080609_N0207_R078_T40WFB_20190403T103144,ROI_0997
386,ROI_1000,S2A_MSIL1C_20190708T073621_N0208_R092_T41WMS_20190708T090529,ROI_0997
387,ROI_1000,S2B_MSIL1C_20190801T080619_N0208_R078_T41WMS_20190801T102936,ROI_0997
388,ROI_1000,S2A_MSIL1C_20200608T075621_N0209_R035_T40WFB_20200608T082131,ROI_0997
389,ROI_1000,S2B_MSIL1C_20200616T080609_N0209_R078_T40WFB_20200616T101059,ROI_0997
390,ROI_10279,S2A_MSIL1C_20190104T033131_N0207_R018_T47NPB_20190104T080727,ROI_10279
391,ROI_10279,S2B_MSIL1C_20190807T032549_N0208_R018_T47NPB_20190807T084238,ROI_10279
392,ROI_10279,S2B_MSIL1C_20190817T032539_N0208_R018_T47NPB_20190817T084224,ROI_10279
393,ROI_10279,S2A_MSIL1C_20200309T032551_N0209_R018_T47NPB_20200309T081752,ROI_10279
394,ROI_10279,S2A_MSIL1C_20200329T032531_N0209_R018_T47NPB_20200329T062855,ROI_10279
395,ROI_1048,S2A_MSIL1C_20190119T074231_N0207_R092_T36JTS_20190119T093758,ROI_1048
396,ROI_1048,S2B_MSIL1C_20190315T073659_N0207_R092_T35JRM_20190315T112345,ROI_1048
397,ROI_1048,S2A_MSIL1C_20190509T073621_N0207_R092_T35JRM_20190509T101520,ROI_1048
398,ROI_1048,S2A_MSIL1C_20200104T074311_N0208_R092_T35JRM_20200104T093638,ROI_1048
399,ROI_1048,S2A_MSIL1C_20200304T073801_N0209_R092_T36JTS_20200304T095423,ROI_1048
400,ROI_10560,S2B_MSIL1C_20180301T103019_N0206_R108_T33VVJ_20180301T141103,ROI_10560
401,ROI_10560,S2A_MSIL1C_20180425T103021_N0206_R108_T33VVJ_20180425T155928,ROI_10560
402,ROI_10560,S2A_MSIL1C_20180724T103021_N0206_R108_T33VVJ_20180724T123934,ROI_10560
403,ROI_10560,S2B_MSIL1C_20181010T104019_N0206_R008_T33VVJ_20181010T161145,ROI_10560
404,ROI_10560,S2B_MSIL1C_20200601T103629_N0209_R008_T33VVJ_20200601T123801,ROI_10560
405,ROI_1057,S2B_MSIL1C_20190305T160229_N0207_R097_T18UVB_20190305T211145,ROI_1057
406,ROI_1057,S2A_MSIL1C_20190621T160911_N0207_R140_T18UVB_20190621T212741,ROI_1057
407,ROI_1057,S2B_MSIL1C_20190703T155829_N0207_R097_T18UVB_20190703T193848,ROI_1057
408,ROI_1057,S2B_MSIL1C_20190921T155939_N0208_R097_T18UVB_20190921T192149,ROI_1057
409,ROI_1057,S2A_MSIL1C_20200705T160911_N0209_R140_T18UVB_20200705T194843,ROI_1057
410,ROI_1071,S2A_MSIL1C_20190209T085121_N0207_R107_T34NCL_20190209T105235,ROI_1071
411,ROI_1071,S2B_MSIL1C_20190329T085739_N0207_R007_T34NCL_20190329T142533,ROI_1071
412,ROI_1071,S2B_MSIL1C_20190902T084559_N0208_R107_T34NCL_20190902T124614,ROI_1071
413,ROI_1071,S2B_MSIL1C_20200422T085549_N0209_R007_T34NCL_20200422T125448,ROI_1071
414,ROI_1071,S2B_MSIL1C_20200618T084559_N0209_R107_T34NCL_20200618T115524,ROI_1071
415,ROI_1077,S2A_MSIL1C_20190922T013321_N0208_R031_T52LGM_20190922T030342,ROI_1077
416,ROI_1077,S2A_MSIL1C_20191012T013321_N0208_R031_T52LGM_20191012T030408,ROI_1077
417,ROI_1077,S2A_MSIL1C_20191211T013711_N0208_R031_T52LGM_20191211T031423,ROI_1077
418,ROI_1077,S2B_MSIL1C_20200424T013709_N0209_R031_T52LGM_20200424T041217,ROI_1077
419,ROI_1077,S2A_MSIL1C_20200718T013721_N0209_R031_T52LGM_20200718T031114,ROI_1077
420,ROI_10783,S2B_MSIL1C_20190122T015959_N0207_R060_T53TPM_20190122T034432,ROI_10783
421,ROI_10783,S2B_MSIL1C_20190608T014659_N0207_R017_T53TPM_20190608T043700,ROI_10783
422,ROI_10783,S2A_MSIL1C_20190616T015701_N0207_R060_T53TPM_20190616T035420,ROI_10783
423,ROI_10783,S2A_MSIL1C_20190623T014701_N0207_R017_T53TPM_20190623T034205,ROI_10783
424,ROI_10783,S2B_MSIL1C_20190827T014659_N0208_R017_T53TPM_20190827T033825,ROI_10783
425,ROI_1079,S2A_MSIL1C_20190507T021351_N0207_R060_T51NWJ_20190507T045337,ROI_1079
426,ROI_1079,S2B_MSIL1C_20191111T022329_N0208_R103_T51NWJ_20191111T035527,ROI_1079
427,ROI_1079,S2B_MSIL1C_20191121T022329_N0208_R103_T51NWJ_20191121T035505,ROI_1079
428,ROI_1079,S2B_MSIL1C_20200120T022319_N0208_R103_T51NWJ_20200120T035437,ROI_1079
429,ROI_1079,S2A_MSIL1C_20200723T022331_N0209_R103_T51NWJ_20200723T040844,ROI_1079
430,ROI_1086,S2A_MSIL1C_20190717T044711_N0208_R076_T50WME_20190717T074814,ROI_1086
431,ROI_1086,S2A_MSIL1C_20200625T042711_N0209_R133_T50WME_20200625T074704,ROI_1086
432,ROI_1086,S2A_MSIL1C_20200628T043711_N0209_R033_T49WFV_20200628T075634,ROI_1086
433,ROI_1086,S2B_MSIL1C_20200707T041549_N0209_R090_T49WFV_20200707T060732,ROI_1086
434,ROI_1086,S2B_MSIL1C_20200710T042709_N0209_R133_T50WME_20200710T073007,ROI_1086
435,ROI_1096,S2A_MSIL1C_20190505T011701_N0207_R031_T54TXN_20190505T030553,ROI_1096
436,ROI_1096,S2A_MSIL1C_20190614T011701_N0207_R031_T54TXN_20190614T031354,ROI_1096
437,ROI_1096,S2B_MSIL1C_20190801T012709_N0208_R074_T54TXN_20190801T031142,ROI_1096
438,ROI_1096,S2A_MSIL1C_20190813T011701_N0208_R031_T54TXN_20190813T031349,ROI_1096
439,ROI_1096,S2B_MSIL1C_20190910T012659_N0208_R074_T54TXN_20190910T031217,ROI_1096
440,ROI_10961,S2A_MSIL1C_20190122T043101_N0207_R133_T47ULQ_20190122T072815,ROI_10961
441,ROI_10961,S2B_MSIL1C_20190407T042709_N0207_R133_T47ULQ_20190407T072957,ROI_10961
442,ROI_10961,S2A_MSIL1C_20190522T042711_N0207_R133_T47ULQ_20190522T090826,ROI_10961
443,ROI_10961,S2A_MSIL1C_20190525T043701_N0207_R033_T47ULQ_20190525T074336,ROI_10961
444,ROI_10961,S2B_MSIL1C_20200730T042709_N0209_R133_T47ULQ_20200730T072651,ROI_10961
445,ROI_11023,S2B_MSIL1C_20190301T013709_N0207_R031_T52LGL_20190301T040756,ROI_11023
446,ROI_11023,S2B_MSIL1C_20190629T013719_N0207_R031_T52LGL_20190630T202150,ROI_11023
447,ROI_11023,S2A_MSIL1C_20191012T013321_N0208_R031_T52LGL_20191012T030408,ROI_11023
448,ROI_11023,S2A_MSIL1C_20200409T013711_N0209_R031_T52LGL_20200409T055450,ROI_11023
449,ROI_11023,S2A_MSIL1C_20200608T013721_N0209_R031_T52LGL_20200608T031940,ROI_11023
450,ROI_11037,S2B_MSIL1C_20190107T012719_N0207_R131_T52LHL_20190107T024257,ROI_11037
451,ROI_11037,S2B_MSIL1C_20190206T012719_N0207_R131_T52LHL_20190206T024359,ROI_11037
452,ROI_11037,S2B_MSIL1C_20191024T012719_N0208_R131_T52LHL_20191024T024440,ROI_11037
453,ROI_11037,S2B_MSIL1C_20191203T012709_N0208_R131_T52LHL_20191203T024528,ROI_11037
454,ROI_11037,S2B_MSIL1C_20200401T012719_N0209_R131_T52LHL_20200401T025407,ROI_11037
455,ROI_11121,S2A_MSIL1C_20190407T051651_N0207_R062_T44SME_20190407T083823,ROI_0400
456,ROI_11121,S2A_MSIL1C_20190507T051651_N0207_R062_T44SME_20190507T083105,ROI_0400
457,ROI_11121,S2B_MSIL1C_20190522T051659_N0207_R062_T44SME_20190522T103943,ROI_0400
458,ROI_11121,S2A_MSIL1C_20200521T051701_N0209_R062_T44SME_20200521T082814,ROI_0400
459,ROI_11121,S2B_MSIL1C_20200725T051649_N0209_R062_T44SME_20200725T091042,ROI_0400
460,ROI_11144,S2B_MSIL1C_20181226T053229_N0207_R105_T45UVU_20181226T072134,ROI_11144
461,ROI_11144,S2A_MSIL1C_20190904T051651_N0208_R062_T45UVU_20190904T083044,ROI_11144
462,ROI_11144,S2A_MSIL1C_20190917T052651_N0208_R105_T45UVU_20190917T140300,ROI_11144
463,ROI_11144,S2A_MSIL1C_20200713T052651_N0209_R105_T45UVU_20200713T072720,ROI_11144
464,ROI_11144,S2B_MSIL1C_20200725T051649_N0209_R062_T45UVU_20200725T082142,ROI_11144
465,ROI_11216,S2B_MSIL1C_20181222T073319_N0207_R049_T37NHJ_20181222T092919,ROI_0331
466,ROI_11216,S2B_MSIL1C_20190220T072939_N0207_R049_T37NHJ_20190220T094404,ROI_0331
467,ROI_11216,S2B_MSIL1C_20191018T072909_N0208_R049_T37NHJ_20191018T111210,ROI_0331
468,ROI_11216,S2B_MSIL1C_20191107T073019_N0208_R049_T37NHJ_20191107T094402,ROI_0331
469,ROI_11216,S2A_MSIL1C_20200520T072621_N0209_R049_T37NHJ_20200520T094132,ROI_0331
470,ROI_11264,S2A_MSIL1C_20190504T014701_N0207_R017_T55WER_20190504T034230,ROI_11264
471,ROI_11264,S2A_MSIL1C_20190606T015651_N0207_R060_T55WER_20190606T035544,ROI_11264
472,ROI_11264,S2A_MSIL1C_20190808T020701_N0208_R103_T55WER_20190808T040716,ROI_11264
473,ROI_11264,S2B_MSIL1C_20191019T015659_N0208_R060_T55WER_20191019T034154,ROI_11264
474,ROI_11264,S2A_MSIL1C_20200531T015701_N0209_R060_T55WER_20200531T031412,ROI_11264
475,ROI_1129,S2A_MSIL1C_20190105T080321_N0207_R035_T37RFP_20190105T095912,ROI_1129
476,ROI_1129,S2B_MSIL1C_20190130T080159_N0207_R035_T37RFP_20190130T091151,ROI_1129
477,ROI_1129,S2B_MSIL1C_20190530T075619_N0207_R035_T37RFP_20190530T100127,ROI_1129
478,ROI_1129,S2A_MSIL1C_20191121T080231_N0208_R035_T37RFP_20191121T093540,ROI_1129
479,ROI_1129,S2A_MSIL1C_20200219T075951_N0209_R035_T37RFP_20200219T095450,ROI_1129
480,ROI_1140,S2A_MSIL1C_20190106T105431_N0207_R051_T29QPV_20190106T124248,ROI_1140
481,ROI_1140,S2A_MSIL1C_20190119T110401_N0207_R094_T29QPV_20190119T125502,ROI_1140
482,ROI_1140,S2B_MSIL1C_20190531T105039_N0207_R051_T29QPV_20190531T130936,ROI_1140
483,ROI_1140,S2A_MSIL1C_20191013T105031_N0208_R051_T29QPV_20191013T124757,ROI_1140
484,ROI_1140,S2A_MSIL1C_20200210T105201_N0209_R051_T29QPV_20200210T111816,ROI_1140
485,ROI_1144,S2B_MSIL1C_20180119T092309_N0206_R093_T34RCU_20180119T114626,ROI_1144
486,ROI_1144,S2A_MSIL1C_20180223T092031_N0206_R093_T34RCU_20180223T130909,ROI_1144
487,ROI_1144,S2A_MSIL1C_20190119T092311_N0207_R093_T34RCU_20190119T095600,ROI_1144
488,ROI_1144,S2A_MSIL1C_20190208T092141_N0207_R093_T34RCU_20190208T112117,ROI_1144
489,ROI_1144,S2B_MSIL1C_20190414T092039_N0207_R093_T34RCU_20190414T113612,ROI_1144
490,ROI_11511,S2A_MSIL1C_20190419T191911_N0207_R099_T11VNL_20190419T224439,ROI_11511
491,ROI_11511,S2B_MSIL1C_20190630T190919_N0207_R056_T11VNL_20190630T210046,ROI_11511
492,ROI_11511,S2B_MSIL1C_20190713T191919_N0208_R099_T11VNL_20190713T211913,ROI_11511
493,ROI_11511,S2B_MSIL1C_20200604T190919_N0209_R056_T11VNL_20200604T210612,ROI_11511
494,ROI_11511,S2B_MSIL1C_20200624T190919_N0209_R056_T11VNL_20200624T210548,ROI_11511
495,ROI_11640,S2A_MSIL1C_20181224T040151_N0207_R004_T47RMP_20181224T064943,ROI_11640
496,ROI_11640,S2B_MSIL1C_20190121T041059_N0207_R047_T47RMP_20190121T070452,ROI_11640
497,ROI_11640,S2A_MSIL1C_20191109T040001_N0208_R004_T47RMP_20191109T065619,ROI_11640
498,ROI_11640,S2B_MSIL1C_20200225T040739_N0209_R047_T47RMP_20200225T065200,ROI_11640
499,ROI_11640,S2B_MSIL1C_20200711T035539_N0209_R004_T47RMP_20200711T073540,ROI_11640
500,ROI_11670,S2B_MSIL1C_20190306T070749_N0207_R106_T43WDQ_20190306T094951,ROI_11670
501,ROI_11670,S2B_MSIL1C_20190820T065629_N0208_R063_T43WDQ_20190820T094116,ROI_11670
502,ROI_11670,S2B_MSIL1C_20190926T064629_N0208_R020_T43WDQ_20190926T093305,ROI_11670
503,ROI_11670,S2B_MSIL1C_20200429T070619_N0209_R106_T43WDQ_20200429T092137,ROI_11670
504,ROI_11670,S2A_MSIL1C_20200710T065631_N0209_R063_T43WDQ_20200710T085819,ROI_11670
505,ROI_1174,S2A_MSIL1C_20190116T142751_N0207_R053_T20MMT_20190116T160951,ROI_1174
506,ROI_1174,S2B_MSIL1C_20190401T142759_N0207_R053_T20MMT_20190401T174947,ROI_1174
507,ROI_1174,S2A_MSIL1C_20190715T142801_N0208_R053_T20MMT_20190715T160856,ROI_1174
508,ROI_1174,S2A_MSIL1C_20190824T142751_N0208_R053_T20MMT_20190824T160914,ROI_1174
509,ROI_1174,S2A_MSIL1C_20200111T142701_N0208_R053_T20MMT_20200111T160923,ROI_1174
510,ROI_11764,S2A_MSIL1C_20200626T141741_N0209_R010_T19GCH_20200626T191706,ROI_11764
511,ROI_11764,S2A_MSIL1C_20190103T142031_N0207_R010_T18GYN_20190103T173738,ROI_11764
512,ROI_11764,S2B_MSIL1C_20190118T142039_N0207_R010_T18GYN_20190118T173726,ROI_11764
513,ROI_11764,S2B_MSIL1C_20191114T141739_N0208_R010_T18GYN_20191114T173935,ROI_11764
514,ROI_11764,S2B_MSIL1C_20191214T141729_N0208_R010_T19GCH_20191214T173905,ROI_11764
515,ROI_1190,S2B_MSIL1C_20190519T032549_N0207_R018_T47NPA_20190519T074156,ROI_1190
516,ROI_1190,S2A_MSIL1C_20190524T032541_N0207_R018_T47NPA_20190524T070039,ROI_1190
517,ROI_1190,S2A_MSIL1C_20190703T032541_N0207_R018_T47NPA_20190703T081026,ROI_1190
518,ROI_1190,S2B_MSIL1C_20200314T032539_N0209_R018_T47NPA_20200314T074558,ROI_1190
519,ROI_1190,S2B_MSIL1C_20200413T032529_N0209_R018_T47NPA_20200413T075956,ROI_1190
520,ROI_11924,S2A_MSIL1C_20190211T075041_N0207_R135_T35JQN_20190211T094534,ROI_11924
521,ROI_11924,S2A_MSIL1C_20190303T074821_N0207_R135_T35JQN_20190303T112702,ROI_11924
522,ROI_11924,S2B_MSIL1C_20190308T074749_N0207_R135_T35JQN_20190308T113721,ROI_11924
523,ROI_11924,S2B_MSIL1C_20190407T074619_N0207_R135_T35JQN_20190407T105657,ROI_11924
524,ROI_11924,S2B_MSIL1C_20190606T074619_N0207_R135_T35JQN_20190606T104039,ROI_11924
525,ROI_1200,S2B_MSIL1C_20190821T150729_N0208_R082_T19PDN_20190821T183008,ROI_1200
526,ROI_1200,S2B_MSIL1C_20190824T151709_N0208_R125_T19PDN_20190824T200605,ROI_1200
527,ROI_1200,S2A_MSIL1C_20191107T151711_N0208_R125_T19PDN_20191107T165702,ROI_1200
528,ROI_1200,S2A_MSIL1C_20191207T151701_N0208_R125_T19PDN_20191207T165756,ROI_1200
529,ROI_1200,S2A_MSIL1C_20200505T151711_N0209_R125_T19PDN_20200505T184117,ROI_1200
530,ROI_12023,S2A_MSIL1C_20181219T133221_N0207_R081_T23MMR_20181219T150918,ROI_12023
531,ROI_12023,S2A_MSIL1C_20190617T133231_N0207_R081_T23MMR_20190617T151235,ROI_12023
532,ROI_12023,S2A_MSIL1C_20190816T133231_N0208_R081_T23MMR_20190816T151036,ROI_12023
533,ROI_12023,S2A_MSIL1C_20200412T133221_N0209_R081_T23MMR_20200412T151311,ROI_12023
534,ROI_12023,S2A_MSIL1C_20200721T133231_N0209_R081_T23MMR_20200721T164755,ROI_12023
535,ROI_1218,S2A_MSIL1C_20181227T160501_N0207_R054_T16PGS_20181227T192749,ROI_1218
536,ROI_1218,S2A_MSIL1C_20190116T160511_N0207_R054_T16PGS_20190116T192615,ROI_1218
537,ROI_1218,S2A_MSIL1C_20190205T160511_N0207_R054_T16PGS_20190205T192459,ROI_1218
538,ROI_1218,S2B_MSIL1C_20190720T160519_N0208_R054_T16PGS_20190720T205618,ROI_1218
539,ROI_1218,S2A_MSIL1C_20191023T160511_N0208_R054_T16PGS_20191023T192629,ROI_1218
540,ROI_1232,S2A_MSIL1C_20190307T155111_N0207_R054_T18UXV_20190307T192618,ROI_1232
541,ROI_1232,S2A_MSIL1C_20190705T154911_N0207_R054_T18UXV_20190705T210300,ROI_1232
542,ROI_1232,S2B_MSIL1C_20190908T154809_N0208_R054_T18UXV_20190908T192723,ROI_1232
543,ROI_1232,S2A_MSIL1C_20200321T154931_N0209_R054_T18UXV_20200321T192713,ROI_1232
544,ROI_1232,S2A_MSIL1C_20200520T154911_N0209_R054_T18UXV_20200520T193109,ROI_1232
545,ROI_1237,S2B_MSIL1C_20190507T174919_N0207_R141_T14VNK_20190507T194854,ROI_1237
546,ROI_1237,S2B_MSIL1C_20190904T174909_N0208_R141_T14VNK_20190904T211945,ROI_1237
547,ROI_1237,S2B_MSIL1C_20200603T175909_N0209_R041_T14VNK_20200603T213602,ROI_1237
548,ROI_1237,S2B_MSIL1C_20200627T173909_N0209_R098_T14VNK_20200627T210124,ROI_1237
549,ROI_1237,S2B_MSIL1C_20200720T174909_N0209_R141_T14VNK_20200720T210901,ROI_1237
550,ROI_1245,S2B_MSIL1C_20190608T014659_N0207_R017_T56WMU_20190608T033346,ROI_1245
551,ROI_1245,S2B_MSIL1C_20190612T012659_N0207_R074_T56WMU_20190612T031424,ROI_1245
552,ROI_1245,S2A_MSIL1C_20190617T012701_N0207_R074_T56WMU_20190617T032421,ROI_1245
553,ROI_1245,S2B_MSIL1C_20190804T013659_N0208_R117_T56WMU_20190804T032116,ROI_1245
554,ROI_1245,S2A_MSIL1C_20200614T013701_N0209_R117_T56WMU_20200614T040226,ROI_1245
555,ROI_1256,S2B_MSIL1C_20190720T054649_N0208_R048_T45WWN_20190720T092848,ROI_1256
556,ROI_1256,S2A_MSIL1C_20190801T053651_N0208_R005_T45WWN_20190801T083313,ROI_1256
557,ROI_1256,S2B_MSIL1C_20190816T053649_N0208_R005_T45WWN_20190816T091828,ROI_1256
558,ROI_1256,S2A_MSIL1C_20200726T053651_N0209_R005_T45WWN_20200726T074502,ROI_1256
559,ROI_1256,S2A_MSIL1C_20200729T054641_N0209_R048_T45WWN_20200729T085637,ROI_1256
560,ROI_1261,S2A_MSIL1C_20191122T125311_N0208_R052_T23KRS_20191122T141819,ROI_1261
561,ROI_1261,S2B_MSIL1C_20191227T125309_N0208_R052_T24KTB_20191227T132630,ROI_1261
562,ROI_1261,S2B_MSIL1C_20200129T130239_N0208_R095_T24KTB_20200129T133934,ROI_1261
563,ROI_1261,S2A_MSIL1C_20200520T125311_N0209_R052_T24KTB_20200520T142638,ROI_1261
564,ROI_1261,S2B_MSIL1C_20200624T125309_N0209_R052_T24KTB_20200624T142256,ROI_1261
565,ROI_1276,S2A_MSIL1C_20191028T031831_N0208_R118_T49RBN_20191028T061127,ROI_1276
566,ROI_1276,S2A_MSIL1C_20191031T032851_N0208_R018_T49RBN_20191031T062949,ROI_1276
567,ROI_1276,S2A_MSIL1C_20200129T033001_N0208_R018_T49RBN_20200130T153924,ROI_1276
568,ROI_1276,S2A_MSIL1C_20200604T031551_N0209_R118_T49RBN_20200604T062646,ROI_1276
569,ROI_1276,S2A_MSIL1C_20200624T031551_N0209_R118_T49RBN_20200624T061632,ROI_1276
570,ROI_1280,S2B_MSIL1C_20190922T034539_N0208_R104_T48UXU_20190922T072411,ROI_1280
571,ROI_1280,S2B_MSIL1C_20200611T035539_N0209_R004_T48UXU_20200611T064246,ROI_1280
572,ROI_1280,S2A_MSIL1C_20200616T035541_N0209_R004_T48UXU_20200616T070547,ROI_1280
573,ROI_1280,S2A_MSIL1C_20200623T034541_N0209_R104_T48UXU_20200623T065537,ROI_1280
574,ROI_1280,S2A_MSIL1C_20200706T035541_N0209_R004_T48UXU_20200706T070203,ROI_1280
575,ROI_1298,S2B_MSIL1C_20190513T080619_N0207_R078_T38UNA_20190513T103156,ROI_1298
576,ROI_1298,S2B_MSIL1C_20190629T075619_N0207_R035_T38UNA_20190629T095844,ROI_1298
577,ROI_1298,S2A_MSIL1C_20200608T075621_N0209_R035_T38UNA_20200608T094823,ROI_1298
578,ROI_1298,S2A_MSIL1C_20200628T075611_N0209_R035_T38UNA_20200628T093208,ROI_1298
579,ROI_1298,S2B_MSIL1C_20200723T075609_N0209_R035_T38UNA_20200724T174316,ROI_1298
580,ROI_1321,S2B_MSIL1C_20191023T070229_N0208_R120_T39LTD_20191023T115849,ROI_1321
581,ROI_1321,S2A_MSIL1C_20200205T070221_N0209_R120_T39LTD_20200205T083320,ROI_1321
582,ROI_1321,S2A_MSIL1C_20200316T070221_N0209_R120_T38LRJ_20200316T103205,ROI_1321
583,ROI_1321,S2B_MSIL1C_20200619T070229_N0209_R120_T39LTD_20200619T101655,ROI_1321
584,ROI_1321,S2A_MSIL1C_20200714T070231_N0209_R120_T39LTD_20200714T103319,ROI_1321
585,ROI_1322,S2A_MSIL1C_20191207T070221_N0208_R120_T39KTB_20191207T080332,ROI_1322
586,ROI_1322,S2A_MSIL1C_20200405T070221_N0209_R120_T39KTB_20200405T084135,ROI_1322
587,ROI_1322,S2A_MSIL1C_20200515T070231_N0209_R120_T39KTB_20200515T103224,ROI_1322
588,ROI_1322,S2A_MSIL1C_20200604T070231_N0209_R120_T38KRG_20200604T094754,ROI_1322
589,ROI_1322,S2A_MSIL1C_20200714T070231_N0209_R120_T38KRG_20200714T103319,ROI_1322
590,ROI_1330,S2B_MSIL1C_20181213T140049_N0207_R067_T21JTF_20181213T154003,ROI_1330
591,ROI_1330,S2B_MSIL1C_20190112T140049_N0207_R067_T21JTF_20190112T154125,ROI_1330
592,ROI_1330,S2A_MSIL1C_20200401T140051_N0209_R067_T21JTF_20200401T172125,ROI_1330
593,ROI_1330,S2A_MSIL1C_20200620T140101_N0209_R067_T21JTF_20200620T154118,ROI_1330
594,ROI_1330,S2A_MSIL1C_20200730T140101_N0209_R067_T21JTF_20200730T154952,ROI_1330
595,ROI_1333,S2B_MSIL1C_20190201T170529_N0207_R069_T14QND_20190201T202822,ROI_1333
596,ROI_1333,S2B_MSIL1C_20190830T165849_N0208_R069_T14QND_20190830T203424,ROI_1333
597,ROI_1333,S2B_MSIL1C_20191228T170719_N0208_R069_T14QND_20191228T202414,ROI_1333
598,ROI_1333,S2A_MSIL1C_20200607T164901_N0209_R026_T14QND_20200607T221231,ROI_1333
599,ROI_1333,S2B_MSIL1C_20200725T165849_N0209_R069_T14QND_20200725T202810,ROI_1333
600,ROI_1346,S2B_MSIL1C_20190212T181459_N0207_R084_T14VMN_20190212T214307,ROI_1346
601,ROI_1346,S2B_MSIL1C_20190811T180929_N0208_R084_T14VMN_20190811T201044,ROI_1346
602,ROI_1346,S2A_MSIL1C_20191005T181221_N0208_R084_T14VMN_20191005T214637,ROI_1346
603,ROI_1346,S2B_MSIL1C_20200613T175919_N0209_R041_T14VMN_20200613T195924,ROI_1346
604,ROI_1346,S2A_MSIL1C_20200718T175921_N0209_R041_T14VMN_20200718T213830,ROI_1346
605,ROI_1348,S2B_MSIL1C_20190818T112119_N0208_R037_T28QDD_20190818T131851,ROI_1348
606,ROI_1348,S2B_MSIL1C_20190831T113319_N0208_R080_T28QDD_20190831T151225,ROI_1348
607,ROI_1348,S2A_MSIL1C_20191114T113331_N0208_R080_T28QDD_20191114T120208,ROI_1348
608,ROI_1348,S2A_MSIL1C_20200113T113431_N0208_R080_T28QDD_20200113T120222,ROI_1348
609,ROI_1348,S2B_MSIL1C_20200427T113319_N0209_R080_T28QDD_20200427T133029,ROI_1348
610,ROI_1368,S2B_MSIL1C_20190801T012709_N0208_R074_T55VEH_20190801T031142,ROI_1368
611,ROI_1368,S2B_MSIL1C_20190906T014659_N0208_R017_T55VEH_20190906T033415,ROI_1368
612,ROI_1368,S2B_MSIL1C_20190910T012659_N0208_R074_T55VEH_20190910T031217,ROI_1368
613,ROI_1368,S2B_MSIL1C_20200527T012659_N0209_R074_T55VEH_20200527T031553,ROI_1368
614,ROI_1368,S2A_MSIL1C_20200624T013701_N0209_R117_T55VEH_20200624T034310,ROI_1368
615,ROI_1369,S2B_MSIL1C_20190507T024559_N0207_R132_T53WNM_20190507T040722,ROI_1369
616,ROI_1369,S2B_MSIL1C_20190723T023559_N0208_R089_T53WNM_20190723T041026,ROI_1369
617,ROI_1369,S2A_MSIL1C_20190909T024551_N0208_R132_T53WNM_20190909T041019,ROI_1369
618,ROI_1369,S2A_MSIL1C_20200712T023551_N0209_R089_T53WNM_20200712T041235,ROI_1369
619,ROI_1369,S2B_MSIL1C_20200724T022549_N0209_R046_T53WNM_20200724T041011,ROI_1369
620,ROI_1392,S2A_MSIL1C_20180509T101031_N0206_R022_T32SNE_20180509T153413,ROI_1392
621,ROI_1392,S2A_MSIL1C_20181115T101251_N0207_R022_T32SNE_20181115T122306,ROI_1392
622,ROI_1392,S2B_MSIL1C_20200121T100229_N0208_R122_T32SNE_20200121T120102,ROI_1392
623,ROI_1392,S2A_MSIL1C_20200408T101021_N0209_R022_T32SNE_20200408T171107,ROI_1392
624,ROI_1392,S2A_MSIL1C_20200614T100031_N0209_R122_T32SNE_20200614T121308,ROI_1392
625,ROI_1395,S2A_MSIL1C_20190612T053641_N0207_R005_T44UQE_20190612T084320,ROI_1395
626,ROI_1395,S2A_MSIL1C_20190811T053651_N0208_R005_T45UUV_20190811T083700,ROI_1395
627,ROI_1395,S2B_MSIL1C_20190823T052649_N0208_R105_T45UUV_20190823T081841,ROI_1395
628,ROI_1395,S2A_MSIL1C_20190917T052651_N0208_R105_T45UUV_20190917T140300,ROI_1395
629,ROI_1395,S2A_MSIL1C_20200606T053651_N0209_R005_T44UQE_20200606T073535,ROI_1395
630,ROI_1399,S2B_MSIL1C_20190305T073809_N0207_R092_T36KWV_20190305T125528,ROI_1399
631,ROI_1399,S2A_MSIL1C_20190526T072621_N0207_R049_T36KWV_20190526T102951,ROI_1399
632,ROI_1399,S2A_MSIL1C_20191105T074111_N0208_R092_T36KWV_20191105T094013,ROI_1399
633,ROI_1399,S2A_MSIL1C_20200420T072621_N0209_R049_T36KWV_20200420T105754,ROI_1399
634,ROI_1399,S2B_MSIL1C_20200508T073609_N0209_R092_T36KWV_20200508T103522,ROI_1399
635,ROI_1400,S2B_MSIL1C_20190606T131249_N0207_R138_T24LTR_20190606T133303,ROI_1400
636,ROI_1400,S2B_MSIL1C_20191004T131249_N0208_R138_T23LRL_20191004T133425,ROI_1400
637,ROI_1400,S2A_MSIL1C_20191108T131251_N0208_R138_T23LRL_20191108T144221,ROI_1400
638,ROI_1400,S2B_MSIL1C_20200312T131239_N0209_R138_T24LTR_20200312T135631,ROI_1400
639,ROI_1400,S2B_MSIL1C_20200730T131249_N0209_R138_T23LRL_20200730T133604,ROI_1400
640,ROI_1403,S2B_MSIL1C_20191115T083119_N0208_R021_T34KCE_20191115T110638,ROI_1403
641,ROI_1403,S2B_MSIL1C_20200114T083219_N0208_R021_T34KCE_20200114T104959,ROI_1403
642,ROI_1403,S2A_MSIL1C_20200228T082901_N0209_R021_T34KCE_20200228T102915,ROI_1403
643,ROI_1403,S2B_MSIL1C_20200314T082719_N0209_R021_T34KCE_20200314T122414,ROI_1403
644,ROI_1403,S2B_MSIL1C_20200712T082609_N0209_R021_T34KCE_20200712T122154,ROI_1403
645,ROI_1423,S2A_MSIL1C_20190508T180921_N0207_R084_T12STF_20190508T232812,ROI_1423
646,ROI_1423,S2B_MSIL1C_20190602T180929_N0207_R084_T11SQA_20190602T213736,ROI_1423
647,ROI_1423,S2A_MSIL1C_20190809T181921_N0208_R127_T12STF_20190809T215422,ROI_1423
648,ROI_1423,S2A_MSIL1C_20190918T182021_N0208_R127_T12STF_20190918T233842,ROI_1423
649,ROI_1423,S2B_MSIL1C_20200128T181609_N0208_R084_T11SQA_20200128T200312,ROI_1423
650,ROI_1424,S2A_MSIL1C_20190322T182031_N0207_R127_T11SQV_20190322T215628,ROI_1424
651,ROI_1424,S2A_MSIL1C_20190508T180921_N0207_R084_T12STE_20190508T232812,ROI_1424
652,ROI_1424,S2A_MSIL1C_20190521T181921_N0207_R127_T12STE_20190521T232418,ROI_1424
653,ROI_1424,S2B_MSIL1C_20191023T182419_N0208_R127_T12STE_20191023T215755,ROI_1424
654,ROI_1424,S2A_MSIL1C_20200303T181231_N0209_R084_T12STE_20200303T214055,ROI_1424
655,ROI_1435,S2A_MSIL1C_20190407T083601_N0207_R064_T33KXS_20190407T121919,ROI_1435
656,ROI_1435,S2B_MSIL1C_20190701T083609_N0207_R064_T33KXS_20190701T122230,ROI_1435
657,ROI_1435,S2A_MSIL1C_20200112T084321_N0208_R064_T33KXS_20200112T103541,ROI_1435
658,ROI_1435,S2A_MSIL1C_20200201T084151_N0208_R064_T33KXS_20200201T104312,ROI_1435
659,ROI_1435,S2A_MSIL1C_20200312T083731_N0209_R064_T33KXS_20200312T104301,ROI_1435
660,ROI_1447,S2B_MSIL1C_20190501T190919_N0207_R056_T11VPL_20190501T210047,ROI_1447
661,ROI_1447,S2B_MSIL1C_20190610T190919_N0207_R056_T11VPL_20190610T210323,ROI_1447
662,ROI_1447,S2B_MSIL1C_20190713T191919_N0208_R099_T11VPL_20190713T211913,ROI_1447
663,ROI_1447,S2A_MSIL1C_20190910T185931_N0208_R013_T11VPL_20190910T223748,ROI_1447
664,ROI_1447,S2B_MSIL1C_20200624T190919_N0209_R056_T12VUR_20200624T210548,ROI_1447
665,ROI_1580,S2B_MSIL1C_20180526T105029_N0206_R051_T31UDP_20180526T143434,ROI_1580
666,ROI_1580,S2B_MSIL1C_20181212T105439_N0207_R051_T31UDP_20181212T111331,ROI_1580
667,ROI_1580,S2B_MSIL1C_20181222T105449_N0207_R051_T31UDP_20181222T111320,ROI_1580
668,ROI_1580,S2A_MSIL1C_20190215T105131_N0207_R051_T31UDP_20190215T112355,ROI_1580
669,ROI_1580,S2B_MSIL1C_20190720T105039_N0208_R051_T31UDP_20190720T131057,ROI_1580
670,ROI_1661,S2A_MSIL1C_20180107T093351_N0206_R136_T34SCC_20180107T120431,ROI_1661
671,ROI_1661,S2B_MSIL1C_20180320T092019_N0206_R093_T34SCC_20180320T130645,ROI_1661
672,ROI_1661,S2B_MSIL1C_20180402T093029_N0206_R136_T34SCC_20180402T104630,ROI_1661
673,ROI_1661,S2A_MSIL1C_20190320T092031_N0207_R093_T34SCC_20190320T130142,ROI_1661
674,ROI_1661,S2B_MSIL1C_20190328T093039_N0207_R136_T34SCC_20190328T131138,ROI_1661
675,ROI_1952,S2B_MSIL1C_20200328T030539_N0209_R075_T50TLP_20200328T061148,ROI_1952
676,ROI_1952,S2B_MSIL1C_20190314T030539_N0207_R075_T50TLP_20190314T064353,ROI_1952
677,ROI_1952,S2A_MSIL1C_20190630T031541_N0207_R118_T50TLP_20190630T060803,ROI_1952
678,ROI_1952,S2B_MSIL1C_20190804T031549_N0208_R118_T50TLP_20190804T055618,ROI_1952
679,ROI_1952,S2B_MSIL1C_20200729T031539_N0209_R118_T50TLP_20200729T073755,ROI_1952
680,ROI_2193,S2B_MSIL1C_20180625T105029_N0206_R051_T31UEQ_20180625T125829,ROI_2193
681,ROI_2193,S2B_MSIL1C_20191018T105039_N0208_R051_T31UEQ_20191018T130953,ROI_2193
682,ROI_2193,S2B_MSIL1C_20191117T105229_N0208_R051_T31UEQ_20191117T125344,ROI_2193
683,ROI_2193,S2B_MSIL1C_20200116T105309_N0208_R051_T31UEQ_20200116T115704,ROI_2193
684,ROI_2193,S2B_MSIL1C_20200714T104619_N0209_R051_T31UEQ_20200714T132358,ROI_2193
685,ROI_2299,S2B_MSIL1C_20190608T182929_N0207_R027_T11TNH_20190608T215759,ROI_2299
686,ROI_2299,S2B_MSIL1C_20190721T183929_N0208_R070_T11TNH_20190721T220716,ROI_2299
687,ROI_2299,S2A_MSIL1C_20190911T182921_N0208_R027_T11TNH_20190911T234249,ROI_2299
688,ROI_2299,S2B_MSIL1C_20200403T182919_N0209_R027_T11TNH_20200403T220512,ROI_2299
689,ROI_2299,S2B_MSIL1C_20200602T182919_N0209_R027_T11TNH_20200602T220412,ROI_2299
690,ROI_2301,S2A_MSIL1C_20190507T183921_N0207_R070_T11TMG_20190507T233822,ROI_2301
691,ROI_2301,S2B_MSIL1C_20190601T183929_N0207_R070_T11TMG_20190601T215931,ROI_2301
692,ROI_2301,S2A_MSIL1C_20190904T183921_N0208_R070_T11TMG_20190904T234105,ROI_2301
693,ROI_2301,S2B_MSIL1C_20191108T184559_N0208_R070_T11TMG_20191108T202942,ROI_2301
694,ROI_2301,S2A_MSIL1C_20200521T183921_N0209_R070_T11TMG_20200521T221446,ROI_2301
695,ROI_2519,S2B_MSIL1C_20190206T144729_N0207_R139_T19LCD_20190206T181004,ROI_2519
696,ROI_2519,S2B_MSIL1C_20191103T144729_N0208_R139_T19LCD_20191103T180904,ROI_2519
697,ROI_2519,S2A_MSIL1C_20191121T145731_N0208_R039_T19LCD_20191121T181043,ROI_2519
698,ROI_2519,S2B_MSIL1C_20191203T144719_N0208_R139_T19LCD_20191203T162948,ROI_2519
699,ROI_2519,S2B_MSIL1C_20200730T144729_N0209_R139_T19LCD_20200730T181814,ROI_2519
700,ROI_2537,S2B_MSIL1C_20190112T140049_N0207_R067_T20HNG_20190112T171707,ROI_2537
701,ROI_2537,S2A_MSIL1C_20190805T140101_N0208_R067_T20HNG_20190805T172104,ROI_2537
702,ROI_2537,S2B_MSIL1C_20191002T141049_N0208_R110_T20HNG_20191002T173302,ROI_2537
703,ROI_2537,S2B_MSIL1C_20200120T140639_N0208_R110_T20HNG_20200120T173103,ROI_2537
704,ROI_2537,S2A_MSIL1C_20200312T140051_N0209_R067_T20HNG_20200312T153923,ROI_2537
705,ROI_2582,S2A_MSIL1C_20190117T140051_N0207_R067_T20HPH_20190117T154028,ROI_2582
706,ROI_2582,S2A_MSIL1C_20190318T140051_N0207_R067_T20HPH_20190318T190346,ROI_2582
707,ROI_2582,S2B_MSIL1C_20191009T140059_N0208_R067_T20HPH_20191009T190350,ROI_2582
708,ROI_2582,S2B_MSIL1C_20191208T140049_N0208_R067_T20HPH_20191208T153903,ROI_2582
709,ROI_2582,S2B_MSIL1C_20200206T135639_N0209_R067_T20HPH_20200206T171852,ROI_2582
710,ROI_2696,S2B_MSIL1C_20190109T152639_N0207_R025_T18NXM_20190109T184636,ROI_2696
711,ROI_2696,S2A_MSIL1C_20190404T152641_N0207_R025_T18NXM_20190404T221735,ROI_2696
712,ROI_2696,S2B_MSIL1C_20200104T152639_N0208_R025_T18NXM_20200104T184611,ROI_2696
713,ROI_2696,S2A_MSIL1C_20200218T152631_N0209_R025_T18NXM_20200218T185233,ROI_2696
714,ROI_2696,S2B_MSIL1C_20200304T152639_N0209_R025_T18NXM_20200304T201821,ROI_2696
715,ROI_2780,S2A_MSIL1C_20190323T074611_N0207_R135_T35HLB_20190323T105832,ROI_2780
716,ROI_2780,S2A_MSIL1C_20190525T075611_N0207_R035_T35HLB_20190525T101153,ROI_2780
717,ROI_2780,S2A_MSIL1C_20191218T075331_N0208_R135_T35HLB_20191218T093801,ROI_2780
718,ROI_2780,S2B_MSIL1C_20200112T075209_N0208_R135_T35HLB_20200112T100140,ROI_2780
719,ROI_2780,S2B_MSIL1C_20200404T075609_N0209_R035_T35HLB_20200404T113617,ROI_2780
720,ROI_2874,S2B_MSIL1C_20180411T100029_N0206_R122_T33TWL_20180411T134414,ROI_2874
721,ROI_2874,S2B_MSIL1C_20190406T100029_N0207_R122_T33TWL_20190406T125021,ROI_2874
722,ROI_2874,S2B_MSIL1C_20190605T100039_N0207_R122_T33TWL_20190605T134619,ROI_2874
723,ROI_2874,S2B_MSIL1C_20190705T100039_N0207_R122_T33TWL_20190705T121033,ROI_2874
724,ROI_2874,S2B_MSIL1C_20190913T100029_N0208_R122_T33TWL_20190913T134222,ROI_2874
725,ROI_3168,S2A_MSIL1C_20190401T063631_N0207_R120_T43WEN_20190401T074837,ROI_3168
726,ROI_3168,S2A_MSIL1C_20190421T063631_N0207_R120_T43WEN_20190421T094305,ROI_3168
727,ROI_3168,S2A_MSIL1C_20190623T064631_N0207_R020_T43WEN_20190623T084715,ROI_3168
728,ROI_3168,S2A_MSIL1C_20190717T062631_N0208_R077_T43WEN_20190717T083455,ROI_3168
729,ROI_3168,S2B_MSIL1C_20200712T064629_N0209_R020_T43WEN_20200712T094206,ROI_3168
730,ROI_3188,S2A_MSIL1C_20190319T080641_N0207_R078_T38UPD_20190319T103059,ROI_3188
731,ROI_3188,S2B_MSIL1C_20190629T075619_N0207_R035_T38UPD_20190629T095844,ROI_3188
732,ROI_3188,S2A_MSIL1C_20190704T075611_N0207_R035_T38UPD_20190704T092324,ROI_3188
733,ROI_3188,S2A_MSIL1C_20191015T080911_N0208_R078_T38UPD_20191015T094237,ROI_3188
734,ROI_3188,S2A_MSIL1C_20200212T081041_N0209_R078_T38UPD_20200212T083415,ROI_3188
735,ROI_3257,S2A_MSIL1C_20190310T073731_N0207_R092_T39VXE_20190310T090820,ROI_3257
736,ROI_3257,S2B_MSIL1C_20190414T073619_N0207_R092_T39VXE_20190414T094106,ROI_3257
737,ROI_3257,S2B_MSIL1C_20190626T074619_N0207_R135_T39VXE_20190626T095007,ROI_3257
738,ROI_3257,S2A_MSIL1C_20190906T073611_N0208_R092_T39VXE_20190906T090624,ROI_3257
739,ROI_3257,S2B_MSIL1C_20200607T073619_N0209_R092_T39VXE_20200607T093757,ROI_3257
740,ROI_3381,S2B_MSIL1C_20190507T174919_N0207_R141_T14VNJ_20190507T194854,ROI_3381
741,ROI_3381,S2A_MSIL1C_20190718T173911_N0208_R098_T14VNJ_20190718T212137,ROI_3381
742,ROI_3381,S2A_MSIL1C_20190916T173951_N0208_R098_T14VNJ_20190916T211426,ROI_3381
743,ROI_3381,S2B_MSIL1C_20200322T174919_N0209_R141_T14VNJ_20200322T210819,ROI_3381
744,ROI_3381,S2A_MSIL1C_20200615T174911_N0209_R141_T14VNJ_20200615T212557,ROI_3381
745,ROI_3449,S2B_MSIL1C_20190223T130249_N0207_R095_T23KRV_20190223T162003,ROI_3449
746,ROI_3449,S2B_MSIL1C_20190315T130249_N0207_R095_T24KTE_20190315T162042,ROI_3449
747,ROI_3449,S2B_MSIL1C_20190802T130259_N0208_R095_T24KTE_20190802T143452,ROI_3449
748,ROI_3449,S2A_MSIL1C_20191215T130241_N0208_R095_T23KRV_20191215T142952,ROI_3449
749,ROI_3449,S2B_MSIL1C_20200129T130239_N0208_R095_T24KTE_20200129T133934,ROI_3449
750,ROI_3466,S2B_MSIL1C_20181224T120639_N0207_R080_T24FXF_20181224T131408,ROI_3466
751,ROI_3466,S2A_MSIL1C_20190329T120641_N0207_R080_T24FXF_20190329T133700,ROI_3466
752,ROI_3466,S2B_MSIL1C_20191020T120649_N0208_R080_T24FXF_20191020T133136,ROI_3466
753,ROI_3466,S2B_MSIL1C_20200308T120639_N0209_R080_T24FXF_20200308T132050,ROI_3466
754,ROI_3466,S2A_MSIL1C_20200405T121641_N0209_R123_T24FXF_20200405T133341,ROI_3466
755,ROI_3652,S2A_MSIL1C_20180708T101031_N0206_R022_T32SME_20180708T122246,ROI_3652
756,ROI_3652,S2A_MSIL1C_20181006T101021_N0206_R022_T32SME_20181006T122531,ROI_3652
757,ROI_3652,S2A_MSIL1C_20190213T101131_N0207_R022_T32SME_20190213T153346,ROI_3652
758,ROI_3652,S2A_MSIL1C_20190911T101021_N0208_R022_T32SME_20190911T135617,ROI_3652
759,ROI_3652,S2A_MSIL1C_20200309T101021_N0209_R022_T32SME_20200309T121430,ROI_3652
760,ROI_3815,S2A_MSIL1C_20190326T075611_N0207_R035_T35LQK_20190326T132532,ROI_3815
761,ROI_3815,S2B_MSIL1C_20190413T080609_N0207_R078_T35LQK_20190413T121626,ROI_3815
762,ROI_3815,S2A_MSIL1C_20200222T080931_N0209_R078_T35LQK_20200222T110050,ROI_3815
763,ROI_3815,S2A_MSIL1C_20200419T075611_N0209_R035_T35LQK_20200419T095853,ROI_3815
764,ROI_3815,S2A_MSIL1C_20200422T080611_N0209_R078_T35LQK_20200422T120634,ROI_3815
765,ROI_3824,S2A_MSIL1C_20191103T084121_N0208_R064_T34KCG_20191103T104414,ROI_3824
766,ROI_3824,S2A_MSIL1C_20191123T084301_N0208_R064_T34KCG_20191123T100849,ROI_3824
767,ROI_3824,S2A_MSIL1C_20200122T084241_N0208_R064_T34KCG_20200122T100739,ROI_3824
768,ROI_3824,S2A_MSIL1C_20200302T083841_N0209_R064_T34KCG_20200302T122020,ROI_3824
769,ROI_3824,S2A_MSIL1C_20200322T083621_N0209_R064_T34KCG_20200322T110526,ROI_3824
770,ROI_3838,S2B_MSIL1C_20190321T075619_N0207_R035_T35HLE_20190321T114118,ROI_3838
771,ROI_3838,S2B_MSIL1C_20190410T075619_N0207_R035_T35HLE_20190410T131630,ROI_3838
772,ROI_3838,S2A_MSIL1C_20190505T075611_N0207_R035_T35HLE_20190505T101525,ROI_3838
773,ROI_3838,S2A_MSIL1C_20200229T075841_N0209_R035_T35HLE_20200229T100851,ROI_3838
774,ROI_3838,S2B_MSIL1C_20200713T075609_N0209_R035_T35HLE_20200713T105716,ROI_3838
775,ROI_3927,S2B_MSIL1C_20191006T082819_N0208_R021_T34KCD_20191006T122709,ROI_3927
776,ROI_3927,S2A_MSIL1C_20191031T083101_N0208_R021_T34KCD_20191031T095919,ROI_3927
777,ROI_3927,S2A_MSIL1C_20191230T083341_N0208_R021_T34KCD_20191230T100037,ROI_3927
778,ROI_3927,S2B_MSIL1C_20200314T082719_N0209_R021_T34KCD_20200314T122414,ROI_3927
779,ROI_3927,S2A_MSIL1C_20200428T082601_N0209_R021_T34KCD_20200428T105026,ROI_3927
780,ROI_4348,S2B_MSIL1C_20190316T052649_N0207_R105_T44SMF_20190316T105044,ROI_4348
781,ROI_4348,S2B_MSIL1C_20190502T051659_N0207_R062_T44SMF_20190502T085837,ROI_4348
782,ROI_4348,S2A_MSIL1C_20190706T051701_N0207_R062_T44SMF_20190706T083048,ROI_4348
783,ROI_4348,S2B_MSIL1C_20200117T052139_N0208_R062_T44SMF_20200117T080810,ROI_4348
784,ROI_4348,S2B_MSIL1C_20200120T053129_N0208_R105_T44SMF_20200120T080830,ROI_4348
785,ROI_4463,S2A_MSIL1C_20190623T014701_N0207_R017_T55WFP_20190623T034205,ROI_4463
786,ROI_4463,S2B_MSIL1C_20200406T015649_N0209_R060_T55WFP_20200406T034027,ROI_4463
787,ROI_4463,S2A_MSIL1C_20200525T013701_N0209_R117_T55WFP_20200525T034347,ROI_4463
788,ROI_4463,S2B_MSIL1C_20200602T014659_N0209_R017_T55WFP_20200602T033426,ROI_4463
789,ROI_4463,S2A_MSIL1C_20200720T015701_N0209_R060_T55WFP_20200720T040526,ROI_4463
790,ROI_4477,S2A_MSIL1C_20190505T025551_N0207_R032_T52VCH_20190505T044706,ROI_4477
791,ROI_4477,S2A_MSIL1C_20190614T025551_N0207_R032_T52VCH_20190614T055620,ROI_4477
792,ROI_4477,S2A_MSIL1C_20191128T025041_N0208_R132_T52VCH_20191128T041016,ROI_4477
793,ROI_4477,S2A_MSIL1C_20200416T024551_N0209_R132_T52VCH_20200416T043705,ROI_4477
794,ROI_4477,S2A_MSIL1C_20200615T024551_N0209_R132_T52VCH_20200615T043704,ROI_4477
795,ROI_4547,S2B_MSIL1C_20190316T052649_N0207_R105_T45TUN_20190316T092916,ROI_4547
796,ROI_4547,S2A_MSIL1C_20190430T052651_N0207_R105_T45TUN_20190430T084523,ROI_4547
797,ROI_4547,S2B_MSIL1C_20190820T051659_N0208_R062_T45TUN_20190820T085803,ROI_4547
798,ROI_4547,S2B_MSIL1C_20200310T052649_N0209_R105_T45TUN_20200310T090919,ROI_4547
799,ROI_4547,S2B_MSIL1C_20200618T052649_N0209_R105_T45TUN_20200618T081120,ROI_4547
800,ROI_4704,S2A_MSIL1C_20190322T013651_N0207_R117_T56WNV_20190322T031423,ROI_4704
801,ROI_4704,S2B_MSIL1C_20190529T014659_N0207_R017_T56WNV_20190529T033934,ROI_4704
802,ROI_4704,S2B_MSIL1C_20190625T013659_N0207_R117_T56WNV_20190625T032008,ROI_4704
803,ROI_4704,S2B_MSIL1C_20200527T012659_N0209_R074_T56WNV_20200527T031553,ROI_4704
804,ROI_4704,S2B_MSIL1C_20200619T013659_N0209_R117_T56WNV_20200619T032447,ROI_4704
805,ROI_4797,S2A_MSIL1C_20190225T090941_N0207_R050_T34RDT_20190225T111135,ROI_4797
806,ROI_4797,S2A_MSIL1C_20191006T092031_N0208_R093_T34RDT_20191006T105147,ROI_4797
807,ROI_4797,S2B_MSIL1C_20191220T092309_N0208_R093_T34RDT_20191220T102651,ROI_4797
808,ROI_4797,S2B_MSIL1C_20200225T090849_N0209_R050_T34RDT_20200225T113011,ROI_4797
809,ROI_4797,S2B_MSIL1C_20200309T092029_N0209_R093_T34RDT_20200309T115316,ROI_4797
810,ROI_5145,S2B_MSIL1C_20200114T201759_N0208_R028_T08VNM_20200114T214228,ROI_5145
811,ROI_5145,S2A_MSIL1C_20190706T201851_N0207_R071_T08VNM_20190706T234253,ROI_5145
812,ROI_5145,S2A_MSIL1C_20190924T202151_N0208_R071_T08VNM_20190924T221523,ROI_5145
813,ROI_5145,S2A_MSIL1C_20200521T201901_N0209_R071_T08VNM_20200521T234051,ROI_5145
814,ROI_5145,S2A_MSIL1C_20200630T201851_N0209_R071_T08VNM_20200630T234014,ROI_5145
815,ROI_5244,S2B_MSIL1C_20181227T032139_N0207_R118_T50TLM_20181227T055732,ROI_5244
816,ROI_5244,S2B_MSIL1C_20190801T030549_N0208_R075_T50TLM_20190801T064211,ROI_5244
817,ROI_5244,S2A_MSIL1C_20200515T031541_N0209_R118_T50TLM_20200515T062025,ROI_5244
818,ROI_5244,S2B_MSIL1C_20200527T030549_N0209_R075_T50TLM_20200527T060659,ROI_5244
819,ROI_5244,S2B_MSIL1C_20200729T031539_N0209_R118_T50TLM_20200729T073755,ROI_5244
820,ROI_5305,S2B_MSIL1C_20190602T012709_N0207_R074_T54TXP_20190602T031012,ROI_5305
821,ROI_5305,S2B_MSIL1C_20190930T012659_N0208_R074_T54TXP_20190930T031046,ROI_5305
822,ROI_5305,S2A_MSIL1C_20191121T011941_N0208_R031_T54TXP_20191121T030930,ROI_5305
823,ROI_5305,S2B_MSIL1C_20200128T012919_N0208_R074_T54TXP_20200128T030621,ROI_5305
824,ROI_5305,S2B_MSIL1C_20200706T012659_N0209_R074_T54TXP_20200706T031425,ROI_5305
825,ROI_5607,S2B_MSIL1C_20190404T073619_N0207_R092_T36KVU_20190404T111901,ROI_5607
826,ROI_5607,S2A_MSIL1C_20200213T074021_N0209_R092_T36KVU_20200213T104800,ROI_5607
827,ROI_5607,S2A_MSIL1C_20200314T073651_N0209_R092_T36KVU_20200314T104330,ROI_5607
828,ROI_5607,S2A_MSIL1C_20200413T073611_N0209_R092_T36KVU_20200413T105832,ROI_5607
829,ROI_5607,S2A_MSIL1C_20200712T073621_N0209_R092_T36KVU_20200712T104256,ROI_5607
830,ROI_5622,S2B_MSIL1C_20190811T080619_N0208_R078_T35LPK_20190811T110312,ROI_0936
831,ROI_5622,S2A_MSIL1C_20191224T081341_N0208_R078_T35LPK_20191224T100943,ROI_0936
832,ROI_5622,S2A_MSIL1C_20200222T080931_N0209_R078_T35LPK_20200222T110050,ROI_0936
833,ROI_5622,S2B_MSIL1C_20200227T080859_N0209_R078_T35LPK_20200227T105742,ROI_0936
834,ROI_5622,S2B_MSIL1C_20200606T080609_N0209_R078_T35LPK_20200606T110055,ROI_0936
835,ROI_5830,S2A_MSIL1C_20190103T090351_N0207_R007_T34NBM_20190103T110458,ROI_5830
836,ROI_5830,S2B_MSIL1C_20190528T085609_N0207_R007_T34NBM_20190528T115440,ROI_5830
837,ROI_5830,S2B_MSIL1C_20190925T085709_N0208_R007_T34NBM_20190925T124423,ROI_5830
838,ROI_5830,S2A_MSIL1C_20191030T090111_N0208_R007_T34NBM_20191030T110312,ROI_5830
839,ROI_5830,S2B_MSIL1C_20200611T085559_N0209_R007_T34NBM_20200611T120008,ROI_5830
840,ROI_5860,S2A_MSIL1C_20190327T125311_N0207_R052_T24KTB_20190327T174851,ROI_1261
841,ROI_5860,S2B_MSIL1C_20190501T125319_N0207_R052_T24KTB_20190501T142241,ROI_1261
842,ROI_5860,S2B_MSIL1C_20191028T125309_N0208_R052_T24KTB_20191028T132830,ROI_1261
843,ROI_5860,S2B_MSIL1C_20191227T125309_N0208_R052_T24KTB_20191227T132630,ROI_1261
844,ROI_5860,S2B_MSIL1C_20200425T125309_N0209_R052_T24KTB_20200425T142453,ROI_1261
845,ROI_5940,S2A_MSIL1C_20191115T143731_N0208_R096_T19HCV_20191115T180153,ROI_5940
846,ROI_5940,S2B_MSIL1C_20200126T142649_N0208_R053_T19HCV_20200126T174938,ROI_5940
847,ROI_5940,S2A_MSIL1C_20200403T143721_N0209_R096_T19HCV_20200403T180123,ROI_5940
848,ROI_5940,S2A_MSIL1C_20200410T142731_N0209_R053_T19HCV_20200410T175113,ROI_5940
849,ROI_5940,S2B_MSIL1C_20200528T143729_N0209_R096_T19HCV_20200528T175808,ROI_5940
850,ROI_6118,S2A_MSIL1C_20190316T132231_N0207_R038_T23MMQ_20190316T150308,ROI_6118
851,ROI_6118,S2B_MSIL1C_20190609T132239_N0207_R038_T23MMQ_20190609T150131,ROI_6118
852,ROI_6118,S2B_MSIL1C_20190808T132239_N0208_R038_T23MMQ_20190808T145941,ROI_6118
853,ROI_6118,S2A_MSIL1C_20190912T132231_N0208_R038_T23MMQ_20190912T145947,ROI_6118
854,ROI_6118,S2A_MSIL1C_20191111T132241_N0208_R038_T23MMQ_20191111T145626,ROI_6118
855,ROI_6213,S2A_MSIL1C_20190125T145721_N0207_R039_T19PGP_20190125T164214,ROI_6213
856,ROI_6213,S2A_MSIL1C_20190326T145731_N0207_R039_T19PGP_20190326T213333,ROI_6213
857,ROI_6213,S2A_MSIL1C_20190724T145731_N0208_R039_T19PGP_20190724T163519,ROI_6213
858,ROI_6213,S2A_MSIL1C_20200330T145721_N0209_R039_T19PGP_20200330T163543,ROI_6213
859,ROI_6213,S2B_MSIL1C_20200424T145719_N0209_R039_T19PGP_20200424T163635,ROI_6213
860,ROI_6461,S2B_MSIL1C_20190713T143759_N0208_R096_T19MHP_20190713T161720,ROI_6461
861,ROI_6461,S2A_MSIL1C_20190728T143751_N0208_R096_T20MKU_20190728T180109,ROI_6461
862,ROI_6461,S2A_MSIL1C_20190926T143751_N0208_R096_T20MKU_20190926T161842,ROI_6461
863,ROI_6461,S2B_MSIL1C_20191220T143719_N0208_R096_T19MHP_20191220T161921,ROI_6461
864,ROI_6461,S2B_MSIL1C_20200109T143719_N0208_R096_T19MHP_20200109T161848,ROI_6461
865,ROI_6641,S2A_MSIL1C_20190722T185921_N0208_R013_T10TDN_20190722T223806,ROI_6641
866,ROI_6641,S2A_MSIL1C_20190920T190051_N0208_R013_T10TDN_20190920T223258,ROI_6641
867,ROI_6641,S2B_MSIL1C_20191124T190719_N0208_R013_T10TDN_20191124T205059,ROI_6641
868,ROI_6641,S2B_MSIL1C_20200621T185919_N0209_R013_T10TDN_20200621T205602,ROI_6641
869,ROI_6641,S2B_MSIL1C_20200711T185919_N0209_R013_T10TDN_20200711T205611,ROI_6641
870,ROI_6833,S2B_MSIL1C_20190102T140049_N0207_R067_T21JTF_20190102T154017,ROI_6833
871,ROI_6833,S2A_MSIL1C_20190206T140051_N0207_R067_T21JTF_20190206T153957,ROI_6833
872,ROI_6833,S2B_MSIL1C_20190419T135119_N0207_R024_T21JTF_20190419T170904,ROI_6833
873,ROI_6833,S2A_MSIL1C_20190517T140101_N0207_R067_T21JTF_20190517T154032,ROI_6833
874,ROI_6833,S2A_MSIL1C_20200511T140101_N0209_R067_T21JTF_20200511T154123,ROI_6833
875,ROI_6860,S2B_MSIL1C_20190228T152639_N0207_R025_T18PZU_20190228T201450,ROI_6860
876,ROI_6860,S2A_MSIL1C_20190305T152631_N0207_R025_T18PZU_20190305T220000,ROI_6860
877,ROI_6860,S2A_MSIL1C_20200208T152631_N0209_R025_T18PZU_20200208T170432,ROI_6860
878,ROI_6860,S2A_MSIL1C_20200707T152641_N0209_R025_T18PZU_20200707T184608,ROI_6860
879,ROI_6860,S2B_MSIL1C_20200709T151709_N0209_R125_T18PZU_20200709T184134,ROI_6860
880,ROI_6908,S2A_MSIL1C_20190227T181311_N0207_R084_T12TYT_20190227T214210,ROI_6908
881,ROI_6908,S2A_MSIL1C_20190617T180921_N0207_R084_T12TYT_20190617T215258,ROI_6908
882,ROI_6908,S2A_MSIL1C_20190627T180921_N0207_R084_T12TYT_20190627T231748,ROI_6908
883,ROI_6908,S2A_MSIL1C_20190717T180921_N0208_R084_T12TYT_20190717T214730,ROI_6908
884,ROI_6908,S2B_MSIL1C_20190831T180919_N0208_R084_T12TYT_20190831T214618,ROI_6908
885,ROI_7063,S2A_MSIL1C_20181226T080331_N0207_R035_T35JNK_20181226T101636,ROI_7063
886,ROI_7063,S2B_MSIL1C_20190308T074749_N0207_R135_T35JNK_20190308T113721,ROI_7063
887,ROI_7063,S2A_MSIL1C_20191108T075131_N0208_R135_T35JNK_20191108T094950,ROI_7063
888,ROI_7063,S2A_MSIL1C_20191221T080331_N0208_R035_T35JNK_20191221T093659,ROI_7063
889,ROI_7063,S2B_MSIL1C_20200224T075919_N0209_R035_T35JNK_20200224T105805,ROI_7063
890,ROI_7640,S2B_MSIL1C_20190111T073259_N0207_R049_T36KWU_20190111T093739,ROI_7640
891,ROI_7640,S2B_MSIL1C_20190322T072619_N0207_R049_T36KWU_20190322T120353,ROI_7640
892,ROI_7640,S2B_MSIL1C_20190620T072629_N0207_R049_T36KWU_20190620T112941,ROI_7640
893,ROI_7640,S2B_MSIL1C_20190908T072619_N0208_R049_T36KWU_20190908T110615,ROI_7640
894,ROI_7640,S2B_MSIL1C_20200106T073209_N0208_R049_T36KWU_20200106T093706,ROI_7640
895,ROI_8052,S2A_MSIL1C_20190503T085601_N0207_R007_T34NBM_20190503T110107,ROI_5830
896,ROI_8052,S2B_MSIL1C_20190528T085609_N0207_R007_T34NBM_20190528T115440,ROI_5830
897,ROI_8052,S2B_MSIL1C_20190816T085559_N0208_R007_T34NBM_20190816T115455,ROI_5830
898,ROI_8052,S2A_MSIL1C_20200626T085601_N0209_R007_T34NBM_20200626T110320,ROI_5830
899,ROI_8052,S2B_MSIL1C_20200721T085559_N0209_R007_T34NBM_20200721T125145,ROI_5830
900,ROI_8234,S2A_MSIL1C_20181222T064251_N0207_R120_T40QEM_20181222T075533,ROI_8234
901,ROI_8234,S2A_MSIL1C_20200116T064221_N0208_R120_T40QEM_20200116T080149,ROI_8234
902,ROI_8234,S2A_MSIL1C_20200316T063621_N0209_R120_T40QEM_20200316T103205,ROI_8234
903,ROI_8234,S2B_MSIL1C_20200321T063629_N0209_R120_T40QEM_20200321T101620,ROI_8234
904,ROI_8234,S2B_MSIL1C_20200619T063629_N0209_R120_T40QEM_20200619T092628,ROI_8234
905,ROI_8347,S2B_MSIL1C_20180504T082559_N0206_R021_T37TCF_20180504T104012,ROI_8347
906,ROI_8347,S2A_MSIL1C_20180608T082601_N0206_R021_T37TCF_20180608T104719,ROI_8347
907,ROI_8347,S2A_MSIL1C_20180807T082601_N0206_R021_T37TCF_20180807T105532,ROI_8347
908,ROI_8347,S2A_MSIL1C_20190802T082611_N0208_R021_T37TCF_20190802T100029,ROI_8347
909,ROI_8347,S2B_MSIL1C_20200622T082609_N0209_R021_T37TCF_20200622T113009,ROI_8347
910,ROI_8676,S2A_MSIL1C_20180703T105621_N0206_R094_T31TCN_20180703T130749,ROI_8676
911,ROI_8676,S2B_MSIL1C_20180814T105019_N0206_R051_T30TYT_20180814T145300,ROI_8676
912,ROI_8676,S2B_MSIL1C_20180817T105619_N0206_R094_T31TCN_20180817T151857,ROI_8676
913,ROI_8676,S2B_MSIL1C_20190908T105029_N0208_R051_T31TCN_20190908T125351,ROI_8676
914,ROI_8676,S2B_MSIL1C_20200405T104619_N0209_R051_T30TYT_20200405T125258,ROI_8676
915,ROI_8710,S2B_MSIL1C_20190220T105059_N0207_R051_T31UDQ_20190220T130331,ROI_0724
916,ROI_8710,S2B_MSIL1C_20190322T105029_N0207_R051_T31UDQ_20190322T161046,ROI_0724
917,ROI_8710,S2B_MSIL1C_20190524T105629_N0207_R094_T31UDQ_20190524T130641,ROI_0724
918,ROI_8710,S2B_MSIL1C_20190720T105039_N0208_R051_T31UDQ_20190720T131057,ROI_0724
919,ROI_8710,S2B_MSIL1C_20190918T105029_N0208_R051_T31UDQ_20190918T132356,ROI_0724
920,ROI_8711,S2B_MSIL1C_20190620T105039_N0207_R051_T31UDQ_20190620T131132,ROI_8711
921,ROI_8711,S2A_MSIL1C_20190807T105621_N0208_R094_T31UDQ_20190807T112640,ROI_8711
922,ROI_8711,S2B_MSIL1C_20190819T105029_N0208_R051_T31UDQ_20190819T130826,ROI_8711
923,ROI_8711,S2B_MSIL1C_20191018T105039_N0208_R051_T31UDQ_20191018T130953,ROI_8711
924,ROI_8711,S2A_MSIL1C_20200104T110441_N0208_R094_T31UDQ_20200104T113507,ROI_8711
925,ROI_8713,S2B_MSIL1C_20180426T105029_N0206_R051_T31UDP_20180426T144550,ROI_1580
926,ROI_8713,S2B_MSIL1C_20180526T105029_N0206_R051_T31UDP_20180526T143434,ROI_1580
927,ROI_8713,S2B_MSIL1C_20180715T105029_N0206_R051_T31UDP_20180715T144536,ROI_1580
928,ROI_8713,S2B_MSIL1C_20190819T105029_N0208_R051_T31UDP_20190819T130826,ROI_1580
929,ROI_8713,S2B_MSIL1C_20200614T104629_N0209_R051_T31UDP_20200614T132532,ROI_1580
930,ROI_8945,S2A_MSIL1C_20180705T100031_N0206_R122_T33TWL_20180705T120931,ROI_8945
931,ROI_8945,S2B_MSIL1C_20190804T100039_N0208_R122_T33TWL_20190804T121318,ROI_8945
932,ROI_8945,S2A_MSIL1C_20191015T095031_N0208_R079_T33TWL_20191015T102439,ROI_8945
933,ROI_8945,S2B_MSIL1C_20200629T100029_N0209_R122_T33TWL_20200629T120854,ROI_8945
934,ROI_8945,S2B_MSIL1C_20200729T100029_N0209_R122_T33TWL_20200729T125328,ROI_8945
935,ROI_9177,S2A_MSIL1C_20190530T084601_N0207_R107_T36UWV_20190530T102320,ROI_9177
936,ROI_9177,S2A_MSIL1C_20190616T083601_N0207_R064_T36UWV_20190616T105922,ROI_9177
937,ROI_9177,S2B_MSIL1C_20190711T083609_N0208_R064_T36UWV_20190711T122427,ROI_9177
938,ROI_9177,S2B_MSIL1C_20190803T084609_N0208_R107_T36UWV_20190803T113842,ROI_9177
939,ROI_9177,S2B_MSIL1C_20200715T083559_N0209_R064_T36UWV_20200715T110214,ROI_9177
940,ROI_9184,S2B_MSIL1C_20190102T084349_N0207_R064_T36UXU_20190102T103947,ROI_9184
941,ROI_9184,S2A_MSIL1C_20190507T083601_N0207_R064_T36UXU_20190507T105859,ROI_9184
942,ROI_9184,S2A_MSIL1C_20190805T083601_N0208_R064_T36UXU_20190805T104319,ROI_9184
943,ROI_9184,S2B_MSIL1C_20190820T083609_N0208_R064_T36UXU_20190820T111513,ROI_9184
944,ROI_9184,S2B_MSIL1C_20200317T083659_N0209_R064_T36UXU_20200317T113455,ROI_9184
945,ROI_9251,S2A_MSIL1C_20190216T084031_N0207_R064_T37VEG_20190216T090604,ROI_9251
946,ROI_9251,S2A_MSIL1C_20190818T084601_N0208_R107_T37VEG_20190818T105316,ROI_9251
947,ROI_9251,S2A_MSIL1C_20191123T084301_N0208_R064_T37VEG_20191123T090818,ROI_9251
948,ROI_9251,S2A_MSIL1C_20200122T084241_N0208_R064_T37VEG_20200122T090910,ROI_9251
949,ROI_9251,S2A_MSIL1C_20200411T083601_N0209_R064_T37VEG_20200411T103556,ROI_9251
950,ROI_9277,S2B_MSIL1C_20190316T084719_N0207_R107_T37VFK_20190316T123227,ROI_0995
951,ROI_9277,S2A_MSIL1C_20190417T083601_N0207_R064_T37VFK_20190417T101351,ROI_0995
952,ROI_9277,S2B_MSIL1C_20190502T083609_N0207_R064_T37VFK_20190502T111806,ROI_0995
953,ROI_9277,S2A_MSIL1C_20190616T083601_N0207_R064_T37VFK_20190616T105922,ROI_0995
954,ROI_9277,S2A_MSIL1C_20190818T084601_N0208_R107_T38VLQ_20190818T105316,ROI_0995
955,ROI_9659,S2B_MSIL1C_20190104T024109_N0207_R089_T51TXF_20190104T042618,ROI_9659
956,ROI_9659,S2B_MSIL1C_20190504T023559_N0207_R089_T51TXF_20190504T061058,ROI_9659
957,ROI_9659,S2A_MSIL1C_20190605T022551_N0207_R046_T51TXF_20190605T041550,ROI_9659
958,ROI_9659,S2B_MSIL1C_20200119T024019_N0208_R089_T51TXF_20200119T042240,ROI_9659
959,ROI_9659,S2A_MSIL1C_20200530T022601_N0209_R046_T51TXF_20200530T041553,ROI_9659
960,ROI_9761,S2A_MSIL1C_20190120T035051_N0207_R104_T48TYT_20190120T082123,ROI_9761
961,ROI_9761,S2A_MSIL1C_20190609T034541_N0207_R104_T48TYT_20190609T063834,ROI_9761
962,ROI_9761,S2A_MSIL1C_20190629T034541_N0207_R104_T48TYT_20190630T142206,ROI_9761
963,ROI_9761,S2B_MSIL1C_20200419T034529_N0209_R104_T48TYT_20200419T063322,ROI_9761
964,ROI_9761,S2B_MSIL1C_20200618T034539_N0209_R104_T48TYT_20200618T063953,ROI_9761
965,ROI_9770,S2A_MSIL1C_20190403T053641_N0207_R005_T45VWJ_20190403T084225,ROI_9770
966,ROI_9770,S2A_MSIL1C_20190605T054641_N0207_R048_T45VWJ_20190605T093053,ROI_9770
967,ROI_9770,S2A_MSIL1C_20190804T054641_N0208_R048_T45VWJ_20190804T085106,ROI_9770
968,ROI_9770,S2B_MSIL1C_20190816T053649_N0208_R005_T45VWJ_20190816T091828,ROI_9770
969,ROI_9770,S2A_MSIL1C_20200729T054641_N0209_R048_T45VWJ_20200729T085637,ROI_9770
970,ROI_9795,S2B_MSIL1C_20190506T063639_N0207_R120_T43WER_20190506T084555,ROI_9795
971,ROI_9795,S2B_MSIL1C_20190804T063639_N0208_R120_T43WER_20190804T084617,ROI_9795
972,ROI_9795,S2A_MSIL1C_20200607T064631_N0209_R020_T43WER_20200607T085706,ROI_9795
973,ROI_9795,S2A_MSIL1C_20200617T064631_N0209_R020_T43WER_20200617T094303,ROI_9795
974,ROI_9795,S2B_MSIL1C_20200722T064629_N0209_R020_T43WER_20200722T094430,ROI_9795
